gender;name.title;name.first;name.last;location.street.number;location.street.name;location.city;location.state;location.country;location.postcode;location.coordinates.latitude;location.coordinates.longitude;location.timezone.offset;location.timezone.description;email;login.uuid;login.username;login.password;login.salt;login.md5;login.sha1;login.sha256;dob.date;dob.age;registered.date;registered.age;phone;cell;id.name;id.value;picture.large;picture.medium;picture.thumbnail;nat;global_index;current_time
male;mister;Elias;Muller;996;Place du 8 Février 1962;Orléans;Paris;France;62103;16.2602;-86.798;+6:00;Almaty, Dhaka, Colombo;elias.muller@example.com;0bd5e3a6-3729-4bdf-80ea-ad9d941eba5e;smallbird796;kicker;04KXRp9v;5aab9dbe0ede7664465036f6435e185a;3cf712e220737cc1e523834ec3c564a424a4b102;b98fa75a3f77f59215a8c3ba687b33ea9dc8fee555cf642084b4c22898a62367;01/07/1993;31;2010-03-05 15:03:54;14;05-49-13-68-32;06-43-93-85-60;INSEE;1930030538194 74;https://randomuser.me/api/portraits/men/91.jpg;https://randomuser.me/api/portraits/med/men/91.jpg;https://randomuser.me/api/portraits/thumb/men/91.jpg;FR;95;2024-05-20 14:36:37.769849
female;Miss;Lya;Menard;1271;Rue du Bât-D'Argent;Aix-En-Provence;Ardèche;France;83800;-16.5098;121.2005;+9:00;Tokyo, Seoul, Osaka, Sapporo, Yakutsk;lya.menard@example.com;7119975b-3343-4579-a724-d505f1000a68;sadrabbit366;beavis1;NnDECk2B;64b9aa6c3824b4dbcab503571b5aa963;83acb0dd782b4d289d27337a0d032d9c609d6a83;d47789b3002ca32cd6465d94dce3ae926d25645cdbc932f81366cfe6b6ffa40b;11/28/1998;25;2021-02-17 02:30:00;3;03-07-40-72-12;06-70-76-72-36;INSEE;2981009192189 27;https://randomuser.me/api/portraits/women/83.jpg;https://randomuser.me/api/portraits/med/women/83.jpg;https://randomuser.me/api/portraits/thumb/women/83.jpg;FR;203;2024-05-20 14:36:37.770886
male;mister;Gaëtan;Perez;7056;Rue Abel-Gance;Montreuil;Moselle;France;94474;-63.4507;93.184;-3:00;Brazil, Buenos Aires, Georgetown;gaetan.perez@example.com;f5914533-152e-4aae-b254-962f9e3a3527;blackfrog124;chipper;rHhc8EBV;82fff2c4f7b9062862326be94a4c4470;413141e5d49fb47daf4e73c74c7ca1f7a76ea290;bf5bc7737fb7ad18a77b1bb4cbc04e55b4719a2504e2d43920bc56e7093c1089;06/06/1997;26;2004-02-26 22:36:51;20;05-02-29-92-75;06-63-03-11-20;INSEE;1970526102013 38;https://randomuser.me/api/portraits/men/83.jpg;https://randomuser.me/api/portraits/med/men/83.jpg;https://randomuser.me/api/portraits/thumb/men/83.jpg;FR;301;2024-05-20 14:36:37.770886
female;miss;Julie;Renaud;5755;Rue Duquesne;Le Mans;Guyane;France;20216;38.4066;-92.7705;+1:00;Brussels, Copenhagen, Madrid, Paris;julie.renaud@example.com;c604aeab-e821-4689-aa13-0a8f93c1d56c;heavybear242;redbull;vVrvDeKf;cb83dfc116062b1d6103835130e2eb58;140e6b9daf13290008bfeb292368f9d6bc0ac870;1d7b5027d41659c9ace761b0851b08321cff799a2e743c1f59091e564ef010af;04/06/1998;26;2005-12-06 19:59:55;18;01-83-17-19-90;06-30-54-99-53;INSEE;2980398702321 25;https://randomuser.me/api/portraits/women/61.jpg;https://randomuser.me/api/portraits/med/women/61.jpg;https://randomuser.me/api/portraits/thumb/women/61.jpg;FR;316;2024-05-20 14:36:37.770886
female;Miss;Albane;Aubert;868;Avenue Debrousse;Le Mans;Maine-et-Loire;France;71374;7.9389;-122.3857;+9:00;Tokyo, Seoul, Osaka, Sapporo, Yakutsk;albane.aubert@example.com;22d83629-4b9a-4ee6-af92-6d758cafdbba;purplepeacock291;geheim;hXvOq1ct;a1d6326fb5c4d8aee4afa8da055162b0;f4742cc0358633abcb3459172ed835f7e727d84c;1cf846ad2b3611981b7b9fbe23adaa5298c8721815df11383d0007570a1f1c50;03/22/1990;34;2002-08-13 13:36:49;21;04-88-28-75-72;06-52-45-33-78;INSEE;2900200884135 04;https://randomuser.me/api/portraits/women/20.jpg;https://randomuser.me/api/portraits/med/women/20.jpg;https://randomuser.me/api/portraits/thumb/women/20.jpg;FR;337;2024-05-20 14:36:37.770886
male;mister;Aaron;Pierre;7326;Rue Victor-Hugo;Champigny-sur-Marne;Loir-et-Cher;France;88385;20.2884;-31.4373;+4:30;Kabul;aaron.pierre@example.com;df3d7ed6-944c-44f9-9bc9-105c63b1a115;ticklishbear591;tinman;AmNjCwbN;4d7a0ec2cd643fa3b8c067fe8facbbb7;9291fec56ce3b6e66730e17cbff6448fc6fcaae7;b339bcdf3e76a43507cbb7ad6263452f37ee09a4ad898c7a9ce5923a7022a88b;07/01/1996;27;2006-04-23 11:40:28;18;05-64-51-56-28;06-38-78-06-45;INSEE;1960587042891 41;https://randomuser.me/api/portraits/men/4.jpg;https://randomuser.me/api/portraits/med/men/4.jpg;https://randomuser.me/api/portraits/thumb/men/4.jpg;FR;387;2024-05-20 14:36:37.770886
male;mister;Lucas;Robin;7164;Rue des Ecrivains;Asnières-sur-Seine;Val-de-Marne;France;54685;30.9509;-131.6832;+4:00;Abu Dhabi, Muscat, Baku, Tbilisi;lucas.robin@example.com;74a88690-ca5b-4cb1-8535-4be0d2905f4e;blackbutterfly699;millwall;UCAfNaEy;2b6373758e7c0f1ab5631d741142a672;0349abfb15f23b3c3f88a901849fde603f492590;b51b3b24209548ca12e98964cb1174710b39b54ae6502c290d4ac40805042e65;12/28/1991;32;2018-01-10 18:21:20;6;03-23-64-70-03;06-22-19-63-36;INSEE;1911191730539 65;https://randomuser.me/api/portraits/men/85.jpg;https://randomuser.me/api/portraits/med/men/85.jpg;https://randomuser.me/api/portraits/thumb/men/85.jpg;FR;457;2024-05-20 14:36:37.770886
female;miss;Emmie;Dumas;5694;Rue du Village;Clermont-Ferrand;Moselle;France;40756;46.0981;-177.3759;0:00;Western Europe Time, London, Lisbon, Casablanca;emmie.dumas@example.com;8dc6f197-f4b3-42b4-aa95-bea3d2e2efe8;organicgoose425;jake;JmlwRjSN;6c2471e6ed704ae6771c7bf72b258217;cd9e106e35266423e9ba6ea18ba0b210d9402a95;4b1bdc8c65b6765ac60f2a628d764dbf5d10f20ed5e96bbb8fa2eef6f5ea75bd;03/20/1991;33;2012-04-23 14:14:41;12;03-82-04-34-75;06-65-30-69-05;INSEE;2910258195261 18;https://randomuser.me/api/portraits/women/72.jpg;https://randomuser.me/api/portraits/med/women/72.jpg;https://randomuser.me/api/portraits/thumb/women/72.jpg;FR;580;2024-05-20 14:36:37.770886
female;miss;Margot;Leclerc;3935;Avenue Jean-Jaurès;Nîmes;Ardèche;France;23776;-65.8133;52.4249;+1:00;Brussels, Copenhagen, Madrid, Paris;margot.leclerc@example.com;0bfc6ec4-5029-4e9e-b830-10f1db83fdc9;angrycat846;bell;qwn5cJLd;21a3e85f520c0dcfaaf3ef6758c07851;2e3864f77e6cb3edaa1fcf4abd5e7d44b19c10b8;fc1a9fd6db9da8f97d4840164f95321c105db39408dcd98572ad9f3efde9cd45;10/26/1993;30;2006-02-06 21:52:28;18;05-94-39-08-13;06-94-65-80-82;INSEE;2930963804753 50;https://randomuser.me/api/portraits/women/40.jpg;https://randomuser.me/api/portraits/med/women/40.jpg;https://randomuser.me/api/portraits/thumb/women/40.jpg;FR;648;2024-05-20 14:36:37.770886
female;missis;Camille;Renaud;7648;Rue de Gerland;Poitiers;Val-de-Marne;France;68755;28.914;42.3411;-2:00;Mid-Atlantic;camille.renaud@example.com;989c79af-8ff2-4e7d-98bd-89f4aaeae4eb;sadwolf741;shower;9mw5YqGM;459e50b78e68f51e5b444c3d189903c8;39267ba69e55fdfab6fed48fde29237ff3327148;a71755f3b80cb4a6840d5616f2c2f31680b61c1c8e63cda1fe8ec8963a1f8115;09/25/1992;31;2015-02-23 00:59:25;9;05-12-81-89-10;06-38-96-02-36;INSEE;2920887716788 03;https://randomuser.me/api/portraits/women/55.jpg;https://randomuser.me/api/portraits/med/women/55.jpg;https://randomuser.me/api/portraits/thumb/women/55.jpg;FR;744;2024-05-20 14:36:37.771920
female;Miss;Maëlys;Carpentier;8690;Rue de L'Abbé-Patureau;Mulhouse;Guyane;France;38842;-74.5078;88.5016;+5:30;Bombay, Calcutta, Madras, New Delhi;maelys.carpentier@example.com;9ccf3abe-5b34-43a5-b4de-747300e287f3;silversnake820;studman;GPbmckYe;52a66daf3bbebf1fbb397bd2073d556a;bcbbdaccb946c47c2d83bbf0f665f1611fadd674;68f8006c2c68530e743e89445e9fd8f7a6501098c573aaefd1459a27f19fddc5;11/24/1999;24;2004-04-09 06:40:45;20;05-44-23-07-28;06-54-00-97-56;INSEE;2991054344462 41;https://randomuser.me/api/portraits/women/4.jpg;https://randomuser.me/api/portraits/med/women/4.jpg;https://randomuser.me/api/portraits/thumb/women/4.jpg;FR;923;2024-05-20 14:36:37.771920
