gender;name.title;name.first;name.last;location.street.number;location.street.name;location.city;location.state;location.country;location.postcode;location.coordinates.latitude;location.coordinates.longitude;location.timezone.offset;location.timezone.description;email;login.uuid;login.username;login.password;login.salt;login.md5;login.sha1;login.sha256;dob.date;dob.age;registered.date;registered.age;phone;cell;id.name;id.value;picture.large;picture.medium;picture.thumbnail;nat;global_index;current_time
male;mister;Adolfo;Fuentes;7516;Calle de Téllez;Santander;La Rioja;Spain;93147;74.1412;-70.2552;-5:00;Eastern Time (US & Canada), Bogota, Lima;adolfo.fuentes@example.com;db0f4469-edd6-4a52-8a12-38f1dfbf1e58;ticklishostrich935;doogie;4sfHE2dN;9133aaff4f3d982c4f7a75239bc5d485;16169733e870d0be82031aa35a0f725c0bd020a8;2f0bce4bc9422a5260e0f4220e37c5212b53d4002eb886cabdd35d6b54b14983;08/05/1999;24;2016-07-11 12:57:39;7;960-272-146;661-399-891;DNI;92102633-C;https://randomuser.me/api/portraits/men/48.jpg;https://randomuser.me/api/portraits/med/men/48.jpg;https://randomuser.me/api/portraits/thumb/men/48.jpg;ES;111;2024-05-20 14:36:37.769849
female;Miss;Beatriz;Gómez;2100;Calle de La Luna;Guadalajara;Castilla la Mancha;Spain;27016;89.2736;27.2567;-3:00;Brazil, Buenos Aires, Georgetown;beatriz.gomez@example.com;94ae8ff3-2812-4b87-971c-7fb15c88c6c6;bluezebra346;script;UsOXOE1Z;d9ec5535347b395164249e0c47776064;656e10c8bc0de365867c11fdab4d53004d93595c;b8535adc1e52831a0b191354af0ec2ae8a136303246e311f0ecd730c0f44b353;05/03/1993;31;2019-07-10 18:53:41;4;990-084-791;669-902-665;DNI;53882781-U;https://randomuser.me/api/portraits/women/66.jpg;https://randomuser.me/api/portraits/med/women/66.jpg;https://randomuser.me/api/portraits/thumb/women/66.jpg;ES;125;2024-05-20 14:36:37.769849
female;miss;Asunción;Pascual;9242;Calle de La Almudena;Santander;País Vasco;Spain;44436;5.3132;-99.9646;+9:30;Adelaide, Darwin;asuncion.pascual@example.com;f76e2c7f-4732-434f-b677-a3da27dd6277;sadbutterfly228;nicole1;qvzblWlQ;7f51291ad9c0dff1204988b19265ff4c;f02d8152e19f69f3e19309f3944b6969c0d4135f;2eb2e8d4b9220fd33711726bf934405102a0a7bd2da7f7afee3f544edc9fb104;02/26/1998;26;2015-12-05 08:46:45;8;948-012-745;643-736-121;DNI;72724637-J;https://randomuser.me/api/portraits/women/36.jpg;https://randomuser.me/api/portraits/med/women/36.jpg;https://randomuser.me/api/portraits/thumb/women/36.jpg;ES;158;2024-05-20 14:36:37.769849
male;mister;Jorge;Velasco;2998;Avenida de América;Palma de Mallorca;Canarias;Spain;15734;-51.6427;-14.1375;-9:00;Alaska;jorge.velasco@example.com;147e1859-3fa0-472e-9017-84cda9640da9;bluebear423;misery;OoPwtg3y;20dab9fa37814e545e1b40c056af7661;900f92bdf60df2b5d3736ee0c1563fcfd47ccc79;9b1468d085d87f53f2a4ee1ce8398d4e30ab89f03b322fe4937a44ea9abc0e5b;08/23/1997;26;2010-10-20 01:05:09;13;902-244-724;658-322-674;DNI;81938928-F;https://randomuser.me/api/portraits/men/2.jpg;https://randomuser.me/api/portraits/med/men/2.jpg;https://randomuser.me/api/portraits/thumb/men/2.jpg;ES;331;2024-05-20 14:36:37.770886
female;missis;Sonia;Crespo;7658;Calle de Ángel García;Madrid;Cantabria;Spain;64407;63.481;-31.449;+5:45;Kathmandu;sonia.crespo@example.com;24095480-6c0f-4fe3-85f0-aaeaeaef43d3;crazybird398;aussie;GHLPPpEa;d341b7872cd3b315ddb2fb4885ce65b4;e9ae6ce39725ea869657d6835ada592bba7bb66f;45d3348240775bfe02a48b99b6f747b8f3cff2b568a8c84146056de18c00f058;01/06/1992;32;2015-11-25 21:32:38;8;915-983-484;667-955-709;DNI;51120098-Q;https://randomuser.me/api/portraits/women/30.jpg;https://randomuser.me/api/portraits/med/women/30.jpg;https://randomuser.me/api/portraits/thumb/women/30.jpg;ES;419;2024-05-20 14:36:37.770886
male;mister;Sergio;Ibáñez;139;Calle de Alcalá;Gijón;Asturias;Spain;85884;-38.0578;-152.7519;+2:00;Kaliningrad, South Africa;sergio.ibanez@example.com;c5335c90-e3b7-49d2-a7f2-bee3a6c76be0;yellowdog223;suan;zdzReVfu;be96b8ae8b5f250a7e94c19019b706ed;733c6ef01a4ce7bae9c93f7bff20caec8811f68c;2a28f7156c6591ba8604012bab3e26479b604585e0cd699765f76accf74b5138;08/02/1990;33;2010-10-18 18:35:47;13;989-424-539;660-781-824;DNI;03652559-N;https://randomuser.me/api/portraits/men/79.jpg;https://randomuser.me/api/portraits/med/men/79.jpg;https://randomuser.me/api/portraits/thumb/men/79.jpg;ES;439;2024-05-20 14:36:37.770886
female;missis;Remedios;Fernández;8811;Avenida de Burgos;Pozuelo de Alarcón;Islas Baleares;Spain;35239;33.8776;52.4807;+1:00;Brussels, Copenhagen, Madrid, Paris;remedios.fernandez@example.com;1b762620-b826-4a8a-b42f-531bf6649463;angrysnake421;pasword;UtXr7ILJ;0b010f597a1f0df29913b5198e0df942;ccbc7462dcb114f42d3ae8699a4e0112cdae74df;f08333c7a6ed64d7b8faf590a424024426e60ed6b179cceca2429fa558d5fa9a;09/18/1990;33;2012-02-12 03:53:34;12;915-818-302;618-752-528;DNI;24918361-K;https://randomuser.me/api/portraits/women/39.jpg;https://randomuser.me/api/portraits/med/women/39.jpg;https://randomuser.me/api/portraits/thumb/women/39.jpg;ES;762;2024-05-20 14:36:37.771920
female;miss;Sandra;Delgado;5564;Calle de Ángel García;Granada;Asturias;Spain;53693;-50.6523;-162.6057;+1:00;Brussels, Copenhagen, Madrid, Paris;sandra.delgado@example.com;4df81f3e-9445-4919-92f5-9058586d9acb;brownmouse459;drifter;0Jar4dsk;827329ca2c7621f306e4537f6cc02541;dacd1574ef17fd6f9658247f6aa471e3c984d27a;c499207d07cdde08621830fb2b2e17a489b88ef726620d1712aca8ce8fbdb2a1;10/15/1996;27;2010-09-27 18:03:44;13;906-500-247;675-095-174;DNI;02695022-K;https://randomuser.me/api/portraits/women/7.jpg;https://randomuser.me/api/portraits/med/women/7.jpg;https://randomuser.me/api/portraits/thumb/women/7.jpg;ES;900;2024-05-20 14:36:37.771920
male;mister;Rodrigo;Diez;4113;Calle del Pez;Mérida;Navarra;Spain;74739;-54.4345;97.9695;+8:00;Beijing, Perth, Singapore, Hong Kong;rodrigo.diez@example.com;1fa13673-aa14-4ff1-9853-45535bc34f15;smallmouse644;spring;uRFfS9QU;5c459b267b8db5b280be38e767a6a1eb;1377c7019ee10f396f6f3aa0c3a8d598960fb617;2a431c3f0666d43fc020d3873c0cccf8cf356b831ff405031642eb930fe2d43d;02/25/1995;29;2006-01-10 17:05:13;18;974-831-468;645-023-214;DNI;34846179-Y;https://randomuser.me/api/portraits/men/52.jpg;https://randomuser.me/api/portraits/med/men/52.jpg;https://randomuser.me/api/portraits/thumb/men/52.jpg;ES;924;2024-05-20 14:36:37.771920
