gender;name.title;name.first;name.last;location.street.number;location.street.name;location.city;location.state;location.country;location.postcode;location.coordinates.latitude;location.coordinates.longitude;location.timezone.offset;location.timezone.description;email;login.uuid;login.username;login.password;login.salt;login.md5;login.sha1;login.sha256;dob.date;dob.age;registered.date;registered.age;phone;cell;id.name;id.value;picture.large;picture.medium;picture.thumbnail;nat;global_index;current_time
female;Miss;Mitzy;Caraballo;5208;Periférico Sur Anguiano;San Joaquín;Tlaxcala;Mexico;88122;27.0522;88.5471;-5:00;Eastern Time (US & Canada), Bogota, Lima;mitzy.caraballo@example.com;af092a30-8621-4119-9f51-86a6ba94af5a;redfish217;riddle;FGkE8xSt;7273dea4e6d6d6036954fc9d74a8ab6d;f5d8ff2f8d73e1321d97ff2d6e408d9824b6cf63;2099597825234f8b3f8d836b584e5e343838b04d979a7635b93cbb969cb943b9;06/11/1983;40;2008-12-20 06:18:46;15;(690) 666 4102;(619) 855 8631;NSS;00 20 13 8177 9;https://randomuser.me/api/portraits/women/30.jpg;https://randomuser.me/api/portraits/med/women/30.jpg;https://randomuser.me/api/portraits/thumb/women/30.jpg;MX;66;2024-05-20 14:36:37.769849
female;missis;Marisol;Ulloa;2525;Continuación Azerbaiyán;El Magozal;Baja California;Mexico;34198;-49.783;74.3594;+5:00;Ekaterinburg, Islamabad, Karachi, Tashkent;marisol.ulloa@example.com;0a98bd5b-8eba-4b10-84be-99b92dff24dc;greentiger291;grace;G1arGEgM;d06ff25ca74a59ed3c19ca2f64fa493e;8b56366a9c2455b1b7842c5287f9f80ea410815d;860303c518ee146c39ab4b1c8c8319055f775442e4726aaec59f3618a788fd87;08/22/1982;41;2004-09-02 07:46:58;19;(685) 659 7389;(635) 819 4034;NSS;35 91 02 0722 5;https://randomuser.me/api/portraits/women/50.jpg;https://randomuser.me/api/portraits/med/women/50.jpg;https://randomuser.me/api/portraits/thumb/women/50.jpg;MX;250;2024-05-20 14:36:37.770886
female;missis;Laura;Nieto;2321;Ampliación Coahuila de Zaragoza;El Jicote;Tlaxcala;Mexico;50762;10.6991;101.4741;+1:00;Brussels, Copenhagen, Madrid, Paris;laura.nieto@example.com;fe1b3ba3-9541-417c-a127-a3a417e2cba8;silvermeercat593;hamburg;xFXWcbCQ;8a1d0d520e9f07717149a3d49e232898;435d497ed891d0d1bfbb4cbcb6a1f415e7068a33;ef4c7f1006ab00051e33678e1e0be71d8852d81fe3024ef27bba010416b23bed;12/06/1989;34;2011-05-09 09:08:39;13;(630) 560 4500;(616) 253 1468;NSS;06 79 21 9794 8;https://randomuser.me/api/portraits/women/58.jpg;https://randomuser.me/api/portraits/med/women/58.jpg;https://randomuser.me/api/portraits/thumb/women/58.jpg;MX;280;2024-05-20 14:36:37.770886
male;mister;Agustín;Cavazos;8791;Viaducto Turkmenistán;La Luz (Mpio. Pajacuarán);Durango;Mexico;58379;-23.5614;96.5161;+4:30;Kabul;agustin.cavazos@example.com;36eb6df3-9c8f-4fb4-8ce0-b32fdb489084;brownelephant163;rasputin;rRqpQD0U;c72b7fdea9c289f8c75936325bc05398;21f3513d18f30997339a2e0b4ced2dbe01fed839;fa4b509783fde7c04853c6d261628c48454a12e109d8bec968599d76510f5b9f;03/13/1985;39;2005-07-05 23:05:21;18;(630) 344 8613;(635) 419 3730;NSS;04 28 02 8564 5;https://randomuser.me/api/portraits/men/27.jpg;https://randomuser.me/api/portraits/med/men/27.jpg;https://randomuser.me/api/portraits/thumb/men/27.jpg;MX;329;2024-05-20 14:36:37.770886
male;mister;Bernardo;Valladares;8381;Eje vial Gambia;Ixcapuzalco;Jalisco;Mexico;95707;-43.7972;178.3867;+10:00;Eastern Australia, Guam, Vladivostok;bernardo.valladares@example.com;8b1eb4b5-3af8-498b-a8bb-914d10777486;yellowdog345;hores;0a85093m;a9326530fe1e203c72c772e0108c6863;6577675eb92dd0226e7f2e18743c682eebd54651;1a3cc245ba8557a630c20bfc49f42712ead9033a0aa8e293172590cebc7ddeed;09/14/1989;34;2014-09-08 12:12:09;9;(691) 299 7152;(665) 969 7223;NSS;54 06 90 1219 0;https://randomuser.me/api/portraits/men/81.jpg;https://randomuser.me/api/portraits/med/men/81.jpg;https://randomuser.me/api/portraits/thumb/men/81.jpg;MX;401;2024-05-20 14:36:37.770886
male;mister;Abelardo;Arellano;1774;Viaducto Tamayo;Santa María del Valle;Chiapas;Mexico;13259;-33.1829;-6.5005;-6:00;Central Time (US & Canada), Mexico City;abelardo.arellano@example.com;6ad2bd8f-7ee9-4df1-98e1-58c378b8e1da;whitetiger437;force;Ucp9bCEk;8c59a7002651535664d3a2a3b15a9f3f;af829eed8894814420c618c6145cc3ff9383f24f;a4ce789d1bffb60992d3368a0e97076b1cb6083663c1471bbc2b04213c9ff85e;03/23/1982;42;2004-03-09 12:24:15;20;(630) 782 7613;(607) 076 9662;NSS;00 00 80 4265 9;https://randomuser.me/api/portraits/men/3.jpg;https://randomuser.me/api/portraits/med/men/3.jpg;https://randomuser.me/api/portraits/thumb/men/3.jpg;MX;581;2024-05-20 14:36:37.770886
male;mister;Jaime;Solorzano;2463;Continuación Norte Raya;San Luis Soyatlán;Campeche;Mexico;56497;63.7861;-104.8898;-10:00;Hawaii;jaime.solorzano@example.com;16e7db79-e651-45c4-9719-1b702f2a2d52;beautifulpeacock636;gromit;8OzUtMUv;481cbbae7464f8b97a57768475139a35;e30b2368313f4e000ba8bbf72ae8bcdd592ea7e7;ca153e778e3839d132b4b47423616b92acfea203197ce3a63230b1d3d0574a72;10/20/1983;40;2009-07-30 01:06:52;14;(620) 606 3372;(602) 578 5317;NSS;70 67 36 3675 8;https://randomuser.me/api/portraits/men/34.jpg;https://randomuser.me/api/portraits/med/men/34.jpg;https://randomuser.me/api/portraits/thumb/men/34.jpg;MX;623;2024-05-20 14:36:37.770886
male;mister;Bruno;Carrera;6631;Circunvalación Morelos;Bahía de Kino;Veracruz;Mexico;82203;-7.2634;124.1904;+3:00;Baghdad, Riyadh, Moscow, St. Petersburg;bruno.carrera@example.com;b2842812-40d8-4042-bfa7-b4b67a245d6e;bigfish165;millwall;SHK3bG4h;41cc8a1cfb1b253f56d0fbcfd9ebfaba;5d0a897e4f472055811d78752de599748c0d2cb8;0a85f01588244529a34814753f79512ec0f3c341bc30f0e92b09a548a08795ad;05/19/1985;39;2006-07-22 22:12:27;17;(615) 256 6193;(627) 171 4066;NSS;83 21 05 7564 4;https://randomuser.me/api/portraits/men/65.jpg;https://randomuser.me/api/portraits/med/men/65.jpg;https://randomuser.me/api/portraits/thumb/men/65.jpg;MX;904;2024-05-20 14:36:37.771920
female;missis;Socorro;Palomo;8872;Diagonal Albania;Xaltocan;Jalisco;Mexico;30619;-29.1238;174.605;-7:00;Mountain Time (US & Canada);socorro.palomo@example.com;b59a2f8d-436d-4544-8883-293b56695c16;yellowlion502;butler;snMSOcUJ;32f0a91905484a7acb3b29c90e3a4b18;7aab95b1100317ebfb87ca5ae348696ec34c16fc;ff3c14c5ac2eadacb0129591b167aad6da553400c458b793bc94b47bceee8bfc;02/13/1980;44;2003-01-10 11:00:06;21;(649) 954 7258;(650) 887 8845;NSS;87 02 38 4361 2;https://randomuser.me/api/portraits/women/80.jpg;https://randomuser.me/api/portraits/med/women/80.jpg;https://randomuser.me/api/portraits/thumb/women/80.jpg;MX;983;2024-05-20 14:36:37.771920
