gender;name.title;name.first;name.last;location.street.number;location.street.name;location.city;location.state;location.country;location.postcode;location.coordinates.latitude;location.coordinates.longitude;location.timezone.offset;location.timezone.description;email;login.uuid;login.username;login.password;login.salt;login.md5;login.sha1;login.sha256;dob.date;dob.age;registered.date;registered.age;phone;cell;id.name;id.value;picture.large;picture.medium;picture.thumbnail;nat;global_index;current_time
female;miss;Ayça;Van der Pols;9831;Dokter Stapenseastraat;Someren;Zuid-Holland;Netherlands;8775 JV;-9.226;-144.5863;+3:30;Tehran;ayca.vanderpols@example.com;789f731b-766b-44fd-92c3-0c026e5b9861;blackpeacock865;manning;bndK2OBv;7b3e258a7da8fe75a814b0cbe435aee1;d94bf037177dc0fbd67396335d3d135f4528564c;c9279889d42cefb5f783062e68fe2c3429e709636242b0c2b93767d3d5fdecdf;10/04/1964;59;2010-12-01 13:02:09;13;(063) 0158558;(06) 07351382;BSN;64274798;https://randomuser.me/api/portraits/women/49.jpg;https://randomuser.me/api/portraits/med/women/49.jpg;https://randomuser.me/api/portraits/thumb/women/49.jpg;NL;43;2024-05-20 14:36:37.769849
male;mister;Chavez;Rietberg;6672;Koelebeemdweg;Afferden Gld;Zeeland;Netherlands;7815 HV;-32.6376;80.4133;+9:00;Tokyo, Seoul, Osaka, Sapporo, Yakutsk;chavez.rietberg@example.com;f86dbb29-fe00-423c-a207-fcbbf46f2b6f;redostrich235;colleen;u4ENrzoN;c45daa5de7c4bdf165c77ad97cd48198;679bf9bc599d4fefbd203f10d0f5f1736b407045;02ab0c46305d1a9e4e5793f97a867ed0e8ac07bfdde1aec7f356ddd57425f68c;08/27/1967;56;2013-05-28 23:36:47;10;(0336) 834887;(06) 83636597;BSN;55699333;https://randomuser.me/api/portraits/men/71.jpg;https://randomuser.me/api/portraits/med/men/71.jpg;https://randomuser.me/api/portraits/thumb/men/71.jpg;NL;347;2024-05-20 14:36:37.770886
male;mister;Lieven;Palland;6901;Hoogkuil;Angeren;Noord-Holland;Netherlands;7533 DQ;41.1115;-48.9045;-5:00;Eastern Time (US & Canada), Bogota, Lima;lieven.palland@example.com;634b232a-9d88-40b2-adf5-867444bc8a25;greenbird308;japanes;b7QTPHpZ;ea382976bad838dad90ec190cdf13ee9;f35e25b6b16788252fde7371d97ad9160a937993;1566252e5d1df922c1ba3c6d513e0da51a5b528a812a9d9c0bbd9447656a8774;01/19/1961;63;2016-12-25 11:22:07;7;(0659) 360759;(06) 92356479;BSN;49985713;https://randomuser.me/api/portraits/men/70.jpg;https://randomuser.me/api/portraits/med/men/70.jpg;https://randomuser.me/api/portraits/thumb/men/70.jpg;NL;520;2024-05-20 14:36:37.770886
male;mister;Sjirk;Nielen;346;Henri Matissestraat;Heijen;Zuid-Holland;Netherlands;8003 UC;20.3532;-94.8434;+3:00;Baghdad, Riyadh, Moscow, St. Petersburg;sjirk.nielen@example.com;529cb3b7-fd32-4205-9eee-f52fa54a8117;happyswan928;fishy;6Wj9eoxQ;fd5d676b77a882a12fc14a9a1aead451;63ef7ed58b7d42f285cf7b99b5a0d43b4cb6b9ce;e53479aec34f5bf05a2ae0d1af9188a0171f520a2213c1946c58746377025293;10/21/1966;57;2007-05-05 07:43:41;17;(091) 3686649;(06) 55050693;BSN;15835848;https://randomuser.me/api/portraits/men/47.jpg;https://randomuser.me/api/portraits/med/men/47.jpg;https://randomuser.me/api/portraits/thumb/men/47.jpg;NL;676;2024-05-20 14:36:37.771920
male;mister;Derek;Heuvelmans;446;De Binderij;Maasbracht;Friesland;Netherlands;4010 JT;-9.4019;-26.8729;+3:30;Tehran;derek.heuvelmans@example.com;7cfbce55-6db5-4f24-95dd-96cb60083535;goldenostrich942;sylveste;w5i8dj4z;4cfbeeb7b5e1aaa0d10302f3efe40e19;d2e951cbd154478b4fd9fe09337c6b6708c156ed;ebf4053861abcb6e40d719f00064203c7748c03321df715aa525a14f2a6e1df7;11/24/1962;61;2021-03-24 14:03:43;3;(0486) 242739;(06) 46757739;BSN;84736048;https://randomuser.me/api/portraits/men/79.jpg;https://randomuser.me/api/portraits/med/men/79.jpg;https://randomuser.me/api/portraits/thumb/men/79.jpg;NL;687;2024-05-20 14:36:37.771920
female;Miss;Vanisha;Nolten;4332;Haverhoek;Balloo;Flevoland;Netherlands;7836 ZT;11.0927;-26.0595;-12:00;Eniwetok, Kwajalein;vanisha.nolten@example.com;4312644f-375e-4069-a40d-ed3fb5d12893;bluepanda951;sports;fmJJ2jRn;088097821724e9f1200b789f8a956f35;0c2b23ae2fb2a2453c0bfa1b493fa842452be027;ed2a873133219b726f6a68fd803bebec18378d95029259ed99c66fbda4d484c3;11/06/1964;59;2017-07-06 06:13:50;6;(0733) 966938;(06) 74694369;BSN;42429661;https://randomuser.me/api/portraits/women/35.jpg;https://randomuser.me/api/portraits/med/women/35.jpg;https://randomuser.me/api/portraits/thumb/women/35.jpg;NL;748;2024-05-20 14:36:37.771920
male;mister;Niel;Roggen;6827;Geesinkweg;Middenbeemster;Flevoland;Netherlands;3809 UO;6.3362;-0.0733;+7:00;Bangkok, Hanoi, Jakarta;niel.roggen@example.com;7c6072f2-a5d1-421c-8a60-e7b6005b0d7c;angrykoala256;alphabet;IrWtazXI;c948138fe05e30a049709e6f0e73197a;66b091d75132f28257cc242ebae004f2c1cda75c;d4dbee9c3ec2dbf91278b187823b75a7aa6678da2f348a01aaa000496919d291;02/15/1963;61;2004-03-15 12:48:14;20;(097) 9398383;(06) 88625751;BSN;78514527;https://randomuser.me/api/portraits/men/94.jpg;https://randomuser.me/api/portraits/med/men/94.jpg;https://randomuser.me/api/portraits/thumb/men/94.jpg;NL;948;2024-05-20 14:36:37.771920
male;mister;Safwan;Daane;9570;Grote Blerickse Bergenweg;Geerdijk;Noord-Holland;Netherlands;5672 UY;41.9072;163.4122;+3:00;Baghdad, Riyadh, Moscow, St. Petersburg;safwan.daane@example.com;c5b63580-7bd4-4aa6-a68b-3962554dd2d3;redgoose628;lestat;HzLiqyU2;9880b40bea4585915e254cf69d7ff6f5;b1bb6f126ce38a473ed7b87016a0092b3668414e;aa449a1891411b2da4abec598c0a13008b97ea1d2eefa4dcc6e84b2791aa3a5f;12/03/1963;60;2018-09-15 02:09:14;5;(095) 5971746;(06) 35648043;BSN;55282854;https://randomuser.me/api/portraits/men/5.jpg;https://randomuser.me/api/portraits/med/men/5.jpg;https://randomuser.me/api/portraits/thumb/men/5.jpg;NL;962;2024-05-20 14:36:37.771920
female;Miss;Aycan;Bogerd;2299;Flevomeer;Voorburg;Flevoland;Netherlands;8689 WA;-30.3923;149.4854;+6:00;Almaty, Dhaka, Colombo;aycan.bogerd@example.com;6f405797-eebc-4e1d-a0fe-38c80b0a3dc3;goldencat412;xxxxxx1;dV9HK8DI;11db23ad52dac23110688323f80c2fc9;c5c98e3163751edc384787e002874c6121c1b1bb;165b6163edd198083a4a89645dfcea573a348a60f141f54489204533467e8ff1;03/11/1960;64;2021-03-17 14:55:42;3;(0399) 282644;(06) 66284399;BSN;30176612;https://randomuser.me/api/portraits/women/93.jpg;https://randomuser.me/api/portraits/med/women/93.jpg;https://randomuser.me/api/portraits/thumb/women/93.jpg;NL;971;2024-05-20 14:36:37.771920
