gender;name.title;name.first;name.last;location.street.number;location.street.name;location.city;location.state;location.country;location.postcode;location.coordinates.latitude;location.coordinates.longitude;location.timezone.offset;location.timezone.description;email;login.uuid;login.username;login.password;login.salt;login.md5;login.sha1;login.sha256;dob.date;dob.age;registered.date;registered.age;phone;cell;id.name;id.value;picture.large;picture.medium;picture.thumbnail;nat;global_index;current_time
female;Miss;Karen;Holland;922;School Lane;Sallins;Dún Laoghaire–Rathdown;Ireland;30471;65.3938;-17.2521;-5:00;Eastern Time (US & Canada), Bogota, Lima;karen.holland@example.com;db727d22-86e6-488c-95bc-c4aff15cce18;smallpanda597;gustav;NOx08Nvw;c4f04e168201d11142a84da797b5f0b1;1261a7cb10382c7e173be942be358ebad91358bc;5fb798ed2629ece6ae0a2a8caf16f2bed6946dacf644c6a9216f546900aaddfc;05/03/1999;25;2009-12-31 00:40:40;14;031-874-0917;081-259-9190;PPS;5344357T;https://randomuser.me/api/portraits/women/55.jpg;https://randomuser.me/api/portraits/med/women/55.jpg;https://randomuser.me/api/portraits/thumb/women/55.jpg;IE;33;2024-05-20 14:36:37.769849
male;mister;Danny;Lambert;8845;The Crescent;Cavan;Fingal;Ireland;51410;-24.1865;-39.2582;+9:00;Tokyo, Seoul, Osaka, Sapporo, Yakutsk;danny.lambert@example.com;b42fe058-d2a2-420b-ac63-85ccb2039929;orangeleopard967;krypton;zQupVBj4;de4ee3acf9a3d68fa83dae4ac5a02e86;acb484f9a26265b229f25873d499db271a422344;54941dfedbd12f19472a4b5065db16efd5c543c25ed8d6b781c4635bfc9ef115;07/08/1999;24;2019-11-08 02:16:38;4;031-718-4380;081-419-7025;PPS;8253063T;https://randomuser.me/api/portraits/men/32.jpg;https://randomuser.me/api/portraits/med/men/32.jpg;https://randomuser.me/api/portraits/thumb/men/32.jpg;IE;517;2024-05-20 14:36:37.770886
female;Miss;Sarah;White;7859;York Road;Athenry;Wicklow;Ireland;18345;17.1706;100.3429;+10:00;Eastern Australia, Guam, Vladivostok;sarah.white@example.com;a66d93e0-9bd5-4f79-ad3a-ec52415f207a;sadcat872;presto;AVYSDgvo;a5d84f8a5793ebbc0aabae16a0c92083;09b22aef39b81631d1153e553aedc4f7adf660c2;8dd2b13e0850ecf3ad24325daa4c6fb651c034fd7b5a6fc61187ad9aac5dae94;05/12/1995;29;2012-11-28 11:04:50;11;021-661-9568;081-952-5984;PPS;4829071T;https://randomuser.me/api/portraits/women/51.jpg;https://randomuser.me/api/portraits/med/women/51.jpg;https://randomuser.me/api/portraits/thumb/women/51.jpg;IE;548;2024-05-20 14:36:37.770886
female;Miss;Holly;Price;6316;Park Avenue;Fermoy;Laois;Ireland;76248;-56.9098;-40.1753;+5:00;Ekaterinburg, Islamabad, Karachi, Tashkent;holly.price@example.com;bbeb8ded-eeb0-4a33-9e11-d4c44e21c9e8;sadwolf932;a123456;ryS9ys9l;f4a234309683971b38a8b6cba75410e5;ba5f2d68a9eec6684845b4c0fb5da87a8728f675;6e3a709b75767f90118ba652115284cf73762ca2fba642f8d649311e4f894466;05/25/1999;24;2005-05-15 07:09:46;19;041-081-3460;081-665-2865;PPS;8866831T;https://randomuser.me/api/portraits/women/32.jpg;https://randomuser.me/api/portraits/med/women/32.jpg;https://randomuser.me/api/portraits/thumb/women/32.jpg;IE;614;2024-05-20 14:36:37.770886
female;missis;Scarlett;Kelley;2537;O'Connell Street;Westport;Kerry;Ireland;92569;-50.067;4.3544;-4:00;Atlantic Time (Canada), Caracas, La Paz;scarlett.kelley@example.com;d37becf7-d69e-4ff0-ba20-b17913ffe152;orangetiger920;letter;VPwxmtMl;f9dac1892a3dafdb7e5410c33c0a294e;1914db492ce46db3a90b4ee5e0704d3a4dbd6718;28f88f76c62513c65a34a1ca512a71503169b4c954b3731a287c103838ac2d06;09/17/1996;27;2020-08-01 03:34:16;3;051-570-6506;081-606-9146;PPS;1362532T;https://randomuser.me/api/portraits/women/46.jpg;https://randomuser.me/api/portraits/med/women/46.jpg;https://randomuser.me/api/portraits/thumb/women/46.jpg;IE;690;2024-05-20 14:36:37.771920
female;missis;Judith;Powell;4297;Victoria Road;Youghal;Sligo;Ireland;76568;67.5833;-135.7681;+7:00;Bangkok, Hanoi, Jakarta;judith.powell@example.com;5abb1920-c699-4d3b-ae90-6cc5e999eba4;whiteladybug196;klingon;uFfGRrw5;4eff48f281a32c242b28f07a5afeca6d;6e88809a19d6171b477128f2f458a67d0c1cfc19;5a59eb8c2c4453b30efc25ed3faee4668bc017bec2a7ef9ddcb1647232221951;06/02/1998;25;2011-08-12 02:28:43;12;071-407-6096;081-495-1829;PPS;9752028T;https://randomuser.me/api/portraits/women/40.jpg;https://randomuser.me/api/portraits/med/women/40.jpg;https://randomuser.me/api/portraits/thumb/women/40.jpg;IE;756;2024-05-20 14:36:37.771920
female;missis;Zoe;Meehan;191;Albert Road;Wexford;Leitrim;Ireland;18849;-82.4348;-79.7802;+3:30;Tehran;zoe.meehan@example.com;9473510b-0d97-4b1a-bc09-9d224d399315;ticklishfish281;paco;tNISotA9;8be2deeb731229682829cf019ff8a26c;194d50f7e00a28f2566c72f0ac7b36459fdf1a95;e40c89b62a1226a979b893cadb86e9c474c3f971ef3d7351c4d7962500169708;05/10/1993;31;2011-01-20 05:30:55;13;041-186-5889;081-993-2279;PPS;1689293T;https://randomuser.me/api/portraits/women/46.jpg;https://randomuser.me/api/portraits/med/women/46.jpg;https://randomuser.me/api/portraits/thumb/women/46.jpg;IE;784;2024-05-20 14:36:37.771920
female;Miss;Susanna;Smith;7534;Albert Road;Bandon;Cork City;Ireland;31838;-72.7595;-114.7096;-11:00;Midway Island, Samoa;susanna.smith@example.com;3a472361-40a3-4440-86c1-e0f8d52e17ad;happypanda984;blue12;o5Ki0kfe;afef785ded9a836ab5a1363a82da57f7;a074f239001f2bae63eacf86b87e923b6b017391;3bb9ca9f632645471a44bd2c249236a5f1d4f6691c2865ac2bdfa27c790cdd85;11/18/1990;33;2018-09-08 14:32:45;5;071-697-4473;081-201-9191;PPS;2015850T;https://randomuser.me/api/portraits/women/44.jpg;https://randomuser.me/api/portraits/med/women/44.jpg;https://randomuser.me/api/portraits/thumb/women/44.jpg;IE;829;2024-05-20 14:36:37.771920
male;mister;Ethan;Warren;1873;South Street;Gorey;Monaghan;Ireland;21312;83.1623;-94.9014;-8:00;Pacific Time (US & Canada);ethan.warren@example.com;780a0041-8c09-4044-adee-fc9e1d2bf922;heavybutterfly392;rebecca;yBuVOzKf;d1f6b74b2e93e669dbc5717c68f6f087;144c3514ce6aa4eb94994a92135b50da8bc17c64;08d956460ec28fe19a0c2db3f3734f16db340e698ff0a49072f2a50547a2b04f;08/30/1994;29;2010-09-19 08:18:52;13;031-435-3099;081-244-5774;PPS;3770291T;https://randomuser.me/api/portraits/men/93.jpg;https://randomuser.me/api/portraits/med/men/93.jpg;https://randomuser.me/api/portraits/thumb/men/93.jpg;IE;851;2024-05-20 14:36:37.771920
male;mister;Brian;Beck;2274;Denny Street;Ballina;Sligo;Ireland;43488;63.5822;69.5568;+4:30;Kabul;brian.beck@example.com;0ed9c637-78cf-48e2-bd88-74b70040d641;greenwolf263;really;rLcEnkkt;0d8d2236dcdf2c911011d29fdbdde3d6;591bd3caf43d4ca1b4414f7eaf3c89d873ff0c20;1abf01630ddb5539720dfbdeb4c44e2d7ce7d0c2fa9cf4d00cd46024d9632031;03/16/1997;27;2003-07-19 20:48:19;20;071-473-9267;081-674-9734;PPS;2787700T;https://randomuser.me/api/portraits/men/15.jpg;https://randomuser.me/api/portraits/med/men/15.jpg;https://randomuser.me/api/portraits/thumb/men/15.jpg;IE;974;2024-05-20 14:36:37.771920
