gender;name.title;name.first;name.last;location.street.number;location.street.name;location.city;location.state;location.country;location.postcode;location.coordinates.latitude;location.coordinates.longitude;location.timezone.offset;location.timezone.description;email;login.uuid;login.username;login.password;login.salt;login.md5;login.sha1;login.sha256;dob.date;dob.age;registered.date;registered.age;phone;cell;id.name;id.value;picture.large;picture.medium;picture.thumbnail;nat;global_index;current_time
male;mister;Adem;Yalçın;6271;Anafartalar Cd;Sakarya;Şanlıurfa;Turkey;25344;-74.617;-52.8714;-11:00;Midway Island, Samoa;adem.yalcin@example.com;186e3e71-8805-4874-8a93-f74b6bac423b;silverdog372;wookie;RnYX8fiD;92449473231819d041cbd8cceebaf041;2932c2c8e7d62af68d5d73dfaf4d5f65131ca336;0190a37eda478abad71e7691838bd0790547370c31500585eff04a8755e58c73;03/02/1994;30;2012-09-07 17:42:55;11;(387)-153-1085;(412)-741-7759;;;https://randomuser.me/api/portraits/men/43.jpg;https://randomuser.me/api/portraits/med/men/43.jpg;https://randomuser.me/api/portraits/thumb/men/43.jpg;TR;182;2024-05-20 14:36:37.770886
female;miss;Elif;Baturalp;2556;Talak Göktepe Cd;Karabük;Kocaeli;Turkey;89067;-23.2769;49.054;+9:30;Adelaide, Darwin;elif.baturalp@example.com;4ab40178-ee97-4f80-890c-c083231fa19a;crazymeercat296;shelby;oCnvh6rC;4021258f91fab9a2b26af1b6bbb73ea0;735f28134d53f2d8037d08f8c68ed24d6a69ab33;2d6985e177f30021ce1e329a0df5e4da3446d4a580215434327bccdc9260e0e3;12/04/1990;33;2014-02-09 03:10:54;10;(498)-106-7742;(141)-892-6352;;;https://randomuser.me/api/portraits/women/52.jpg;https://randomuser.me/api/portraits/med/women/52.jpg;https://randomuser.me/api/portraits/thumb/women/52.jpg;TR;210;2024-05-20 14:36:37.770886
male;mister;Murat;Topaloğlu;8952;Abanoz Sk;Yalova;Bayburt;Turkey;16668;21.9558;-68.6606;+11:00;Magadan, Solomon Islands, New Caledonia;murat.topaloglu@example.com;9f38f92d-9495-4d91-a871-31c2363e8331;lazyelephant779;chill;53syBUmf;75ac08b8f5d65c0a362ce60b0c044211;ef4d18e10f166cb6087c4c97818852619c6950b4;0b313e0cef58c316874a645fc7295da63c4358a451b2b6c9d5ae741936ee239e;01/17/1999;25;2019-10-01 22:57:30;4;(844)-843-9164;(908)-089-0179;;;https://randomuser.me/api/portraits/men/51.jpg;https://randomuser.me/api/portraits/med/men/51.jpg;https://randomuser.me/api/portraits/thumb/men/51.jpg;TR;233;2024-05-20 14:36:37.770886
male;mister;Barış;Kunter;472;Maçka Cd;Kastamonu;Bingöl;Turkey;75127;-45.4642;99.0472;0:00;Western Europe Time, London, Lisbon, Casablanca;baris.kunter@example.com;8f65b552-c861-482e-a6c7-0952d1cdb40a;blackfrog259;musashi;JtK1TsLw;15feff93b2b9cfcb344a72c01167da99;6fcc82011b35b7c648b0cbc53a32ad9385685aa6;2e36e42fec9205f32dc0f2360b01cea18cac42aadab2b64a4f9766295ee4bd00;11/05/1999;24;2017-02-20 03:26:33;7;(372)-505-9465;(715)-449-2528;;;https://randomuser.me/api/portraits/men/99.jpg;https://randomuser.me/api/portraits/med/men/99.jpg;https://randomuser.me/api/portraits/thumb/men/99.jpg;TR;370;2024-05-20 14:36:37.770886
male;mister;Kuzey;Pekkan;3649;Fatih Sultan Mehmet Cd;Sinop;Tokat;Turkey;41521;-75.1243;-90.8519;+2:00;Kaliningrad, South Africa;kuzey.pekkan@example.com;310a4eb1-9fcd-4e11-8a3e-b53de44f8e37;smalllion466;milk;caKahla6;e20fd620e4913f358cf3a1fb88f6a8ab;d63e248d533483f0c1742cc2afbbbc3f8e7ea411;85813c3ec12efb998c73ecb2a6cbe8b7119948bb4bcfff47c7377bed2f7d0e75;02/08/1994;30;2006-09-01 18:56:49;17;(493)-438-5739;(439)-464-5648;;;https://randomuser.me/api/portraits/men/51.jpg;https://randomuser.me/api/portraits/med/men/51.jpg;https://randomuser.me/api/portraits/thumb/men/51.jpg;TR;388;2024-05-20 14:36:37.770886
male;mister;Batur;Alnıaçık;6314;Necatibey Cd;Giresun;Burdur;Turkey;57989;-6.3035;55.2873;-7:00;Mountain Time (US & Canada);batur.alniacik@example.com;8b9e3047-8ddd-4c39-b7a6-e7489f0c1351;bluezebra996;gordon24;GQ4pu9Oy;a14c96e490364cf6a4475aeb3b186879;15e84fbcc6e2a78409938e39a749b7c9b7871972;d17162d3a1abf1ba501f8b2ca58002bde565ab55877ed30a89339a35a187891e;09/09/1992;31;2021-06-20 17:21:50;2;(743)-085-6901;(106)-137-4512;;;https://randomuser.me/api/portraits/men/30.jpg;https://randomuser.me/api/portraits/med/men/30.jpg;https://randomuser.me/api/portraits/thumb/men/30.jpg;TR;391;2024-05-20 14:36:37.770886
male;mister;Babür;Beşok;2685;Maçka Cd;Van;Uşak;Turkey;61981;-30.6146;13.1152;+8:00;Beijing, Perth, Singapore, Hong Kong;babur.besok@example.com;810ce120-46bf-4f45-ae39-38a9e0eb6e61;goldenkoala398;jason;gwOaLufK;dcee9845f608aa6e58effc6930552e70;0dcbf844dc2e04bec6fa1bc60087716ed9ddc668;8fe24e6c75d966504fc9c1a2ff939a8e9ab75b76f69bed78ad94f8ae8c01e329;11/26/1992;31;2019-02-26 10:42:37;5;(592)-558-4472;(845)-092-2437;;;https://randomuser.me/api/portraits/men/95.jpg;https://randomuser.me/api/portraits/med/men/95.jpg;https://randomuser.me/api/portraits/thumb/men/95.jpg;TR;455;2024-05-20 14:36:37.770886
male;mister;Davut;Öymen;2844;Doktorlar Cd;Ağrı;Manisa;Turkey;98893;-13.2077;-164.6093;+9:00;Tokyo, Seoul, Osaka, Sapporo, Yakutsk;davut.oymen@example.com;70f2f9be-e20d-47c2-a718-c20987df6201;yellowladybug396;alive;AAstULVa;31a795e7e4d1788754986e6928d3c9a2;3ab717024c6953cc7900af5e1f97e75e8c7ea033;54fe914e7e5a2ece5e1b990b6fe11bc9e5222b65d13d2e573e91f4ae053172ad;09/13/1998;25;2006-04-17 14:22:43;18;(511)-583-6949;(419)-917-0392;;;https://randomuser.me/api/portraits/men/61.jpg;https://randomuser.me/api/portraits/med/men/61.jpg;https://randomuser.me/api/portraits/thumb/men/61.jpg;TR;508;2024-05-20 14:36:37.770886
male;mister;Mustafa;Erçetin;8606;Necatibey Cd;Artvin;Kırklareli;Turkey;98056;-36.7783;-156.1655;+2:00;Kaliningrad, South Africa;mustafa.ercetin@example.com;0b5bf727-77ee-406b-b3dc-bc8f0779bd55;redlion513;jill;FYSHJllE;bb406bbb43890a7dc777f243849d6831;1861352bf9e14c2a2c07cbfdfa884f9f0da44df5;797b3ceebf726e63a6376f447afb4750862da07c42d649f02b87b0b83df3ace6;04/17/1995;29;2017-06-21 22:06:55;6;(706)-828-9854;(506)-281-7936;;;https://randomuser.me/api/portraits/men/66.jpg;https://randomuser.me/api/portraits/med/men/66.jpg;https://randomuser.me/api/portraits/thumb/men/66.jpg;TR;593;2024-05-20 14:36:37.770886
male;mister;Ege;Çamdalı;756;Bağdat Cd;Zonguldak;Yozgat;Turkey;60274;-9.0964;-91.7461;0:00;Western Europe Time, London, Lisbon, Casablanca;ege.camdali@example.com;90799c41-6b96-4e27-838e-eee42c04ba2e;ticklishmouse306;ttttt;zdcipcJl;9a2d065073ea4d2c6c3f5e852847d7e2;e19de6c149e365fad35101879b0387901cb9d88a;f1907ba4f688b7a0fa0ff780a35441979f7ac2c2b8210139d4fa0e99f189812d;11/27/1995;28;2015-06-17 16:05:12;8;(271)-753-2769;(699)-004-8290;;;https://randomuser.me/api/portraits/men/80.jpg;https://randomuser.me/api/portraits/med/men/80.jpg;https://randomuser.me/api/portraits/thumb/men/80.jpg;TR;684;2024-05-20 14:36:37.771920
female;missis;Yasemin;Türkdoğan;377;Necatibey Cd;Balıkesir;Eskişehir;Turkey;20318;-80.1534;67.2651;+10:00;Eastern Australia, Guam, Vladivostok;yasemin.turkdogan@example.com;bcd06cf6-9c5a-4913-af90-cdffbf58c9a3;tinyelephant802;ramsey;cCVfao6s;b0cb5b4ec5788831f6356776edf040dc;e185ac51b72f755729a4598456a8b1d5caa00690;176fdab660336eeba6d17e7679d420ee0f6b10745df7e819fa715051a6227541;06/26/1996;27;2016-03-29 00:11:58;8;(213)-534-3746;(508)-974-8846;;;https://randomuser.me/api/portraits/women/74.jpg;https://randomuser.me/api/portraits/med/women/74.jpg;https://randomuser.me/api/portraits/thumb/women/74.jpg;TR;691;2024-05-20 14:36:37.771920
female;Miss;Ece;Kahveci;1059;Atatürk Sk;Eskişehir;Tunceli;Turkey;64720;15.1788;-164.7126;+9:00;Tokyo, Seoul, Osaka, Sapporo, Yakutsk;ece.kahveci@example.com;08899d1a-fefa-4aac-9fbd-380a4f212e20;beautifulelephant187;willis;efzHvh8M;b51d94d944cb8190907d3f0374c30510;4383a3494bb27951abe3d31858cedc12cb9e991b;1a115b253f5d51892327bec93c766bf495e29fae4e83e04ba42c240c464ad325;04/05/1996;28;2019-07-22 13:19:18;4;(750)-614-1081;(024)-946-2542;;;https://randomuser.me/api/portraits/women/67.jpg;https://randomuser.me/api/portraits/med/women/67.jpg;https://randomuser.me/api/portraits/thumb/women/67.jpg;TR;712;2024-05-20 14:36:37.771920
female;miss;Buse;Kuday;3396;Abanoz Sk;Eskişehir;Isparta;Turkey;62867;-56.3278;-151.0591;+11:00;Magadan, Solomon Islands, New Caledonia;buse.kuday@example.com;9a9baba5-2973-4296-9efc-e44fe9843ba9;silvertiger763;austin;iQnq29xT;7f9caba4d897529189bc9f2bf1ca55f5;c6702535d9a06978aed4fe6b4357145c99f007ea;4b41bcbab71b78c0fe03ff74aa229cbdbae3ff4c912ed1c4cd51636b364f8b61;07/26/1998;25;2011-10-21 19:58:40;12;(502)-179-2687;(038)-939-6540;;;https://randomuser.me/api/portraits/women/93.jpg;https://randomuser.me/api/portraits/med/women/93.jpg;https://randomuser.me/api/portraits/thumb/women/93.jpg;TR;749;2024-05-20 14:36:37.771920
female;Miss;Meral;Egeli;1213;Talak Göktepe Cd;Kilis;Afyonkarahisar;Turkey;79417;78.2205;31.0007;+10:00;Eastern Australia, Guam, Vladivostok;meral.egeli@example.com;0d0c8860-afc1-40a9-a926-143f318bc52e;yellowpeacock245;konyor;LVMGm5y7;5dbffa37df9542ede6ab6a98bfab7bf3;413ad9cf9912c15f7b0e9ec48ebc54ae51021172;037e70beb2b66af0e805e6dc40739bd27024f07c9d86d3a960125efa5d138759;03/14/1990;34;2015-07-06 16:07:26;8;(083)-941-3341;(003)-242-9428;;;https://randomuser.me/api/portraits/women/36.jpg;https://randomuser.me/api/portraits/med/women/36.jpg;https://randomuser.me/api/portraits/thumb/women/36.jpg;TR;751;2024-05-20 14:36:37.771920
female;miss;Meral;Atakol;4276;Atatürk Sk;Isparta;Osmaniye;Turkey;90325;-62.5696;-44.6682;-8:00;Pacific Time (US & Canada);meral.atakol@example.com;b41a5388-6825-4208-b94d-8dbe16ee6489;brownleopard329;zzzzzz1;t8Rz5ws1;84d5b54472faa86ece80f567b538b518;9192e9eb7b797702a9e34fd2ed33fb9499f44407;e065226443238a14a981edc95b54fc6fdf767a367f3c2cb2b205ba5789c6959a;07/03/1990;33;2019-11-07 03:20:41;4;(466)-739-9583;(754)-824-6016;;;https://randomuser.me/api/portraits/women/45.jpg;https://randomuser.me/api/portraits/med/women/45.jpg;https://randomuser.me/api/portraits/thumb/women/45.jpg;TR;820;2024-05-20 14:36:37.771920
female;miss;Özsu;Aydan;2335;Filistin Cd;Edirne;Şırnak;Turkey;31310;-80.3856;128.4476;+4:30;Kabul;ozsu.aydan@example.com;a8872c37-a5c5-407f-91df-60bf3dbe2d50;redduck695;ghosts;KY2UFG4E;c8dcfca1a81fcc81c1845d4a1c945457;e717d51fc98e510c17cd99ad0b6da29d68c690b9;19628013c4f065bddfa789edc0461ef41697ca559b23249dc89a9873be35a68a;08/03/1990;33;2010-11-04 15:20:37;13;(282)-567-2259;(311)-253-1633;;;https://randomuser.me/api/portraits/women/53.jpg;https://randomuser.me/api/portraits/med/women/53.jpg;https://randomuser.me/api/portraits/thumb/women/53.jpg;TR;850;2024-05-20 14:36:37.771920
female;missis;Yasemin;Barbarosoğlu;528;Vatan Cd;Kütahya;Çanakkale;Turkey;81942;1.9285;-99.2919;-6:00;Central Time (US & Canada), Mexico City;yasemin.barbarosoglu@example.com;5dc5f225-eeab-4bb6-a201-78c74a5aa5fe;silverrabbit874;peters;66EnbaiH;a9e0895470a2eb8a21a4d5188b64abab;cecd7678402ce79469ee388a9eb70675bf779840;0cbdb66044ecfe5e3cf1a6ccfb5bfce5ccf467285491101c71700ce1ce76c6f7;08/24/1994;29;2008-07-18 06:03:09;15;(528)-640-9306;(608)-563-4072;;;https://randomuser.me/api/portraits/women/56.jpg;https://randomuser.me/api/portraits/med/women/56.jpg;https://randomuser.me/api/portraits/thumb/women/56.jpg;TR;965;2024-05-20 14:36:37.771920
