gender;name.title;name.first;name.last;location.street.number;location.street.name;location.city;location.state;location.country;location.postcode;location.coordinates.latitude;location.coordinates.longitude;location.timezone.offset;location.timezone.description;email;login.uuid;login.username;login.password;login.salt;login.md5;login.sha1;login.sha256;dob.date;dob.age;registered.date;registered.age;phone;cell;id.name;id.value;picture.large;picture.medium;picture.thumbnail;nat;global_index;current_time
female;miss;Elli;Wuori;4785;Mannerheimintie;Vieremä;Åland;Finland;37268;67.8666;-74.0598;+2:00;Kaliningrad, South Africa;elli.wuori@example.com;ab52fb59-87a9-4aff-b86d-8e0c2427b245;lazyleopard552;sheep;hM4ZFWoD;853548f02d79b753ab69421a8fce6e2e;989f673314382c16929bd80a85360fb64d55e51a;bdb79d7f70e0ebd067cb3befc74107bca2ba743dbc1aeae5f5bd7bdddf3a2d4d;04/21/1972;52;2002-08-03 14:56:09;21;08-423-581;045-633-11-84;HETU;NaNNA676undefined;https://randomuser.me/api/portraits/women/55.jpg;https://randomuser.me/api/portraits/med/women/55.jpg;https://randomuser.me/api/portraits/thumb/women/55.jpg;FI;573;2024-05-20 14:36:37.770886
female;miss;Venla;Jokinen;3288;Itsenäisyydenkatu;Siikajoki;Pirkanmaa;Finland;67094;-65.8988;-89.1604;-6:00;Central Time (US & Canada), Mexico City;venla.jokinen@example.com;fb16f861-5dbe-4dc3-bc53-82d7a856e029;silverladybug588;outoutout;cQr1kUlS;49f805b34901b4a8b8311ab00e84f673;e4bbb04497ae35ff62a7852872fd32ef7185563c;6577772361e48a758c8cea5cc25295f3fac421863286908ca56d93016be1d384;03/16/1975;49;2019-02-17 23:17:12;5;05-129-243;048-506-13-00;HETU;NaNNA438undefined;https://randomuser.me/api/portraits/women/29.jpg;https://randomuser.me/api/portraits/med/women/29.jpg;https://randomuser.me/api/portraits/thumb/women/29.jpg;FI;582;2024-05-20 14:36:37.770886
male;mister;Aapo;Wiitala;1617;Nordenskiöldinkatu;Närpes;Central Ostrobothnia;Finland;57433;-64.4531;98.2595;-6:00;Central Time (US & Canada), Mexico City;aapo.wiitala@example.com;fc607b1e-c9fa-4bf9-b2e8-c8557c57a6b2;bluebird541;rough;eIdSwAh2;5d0c21b48059acef6565c126c86ca5ac;1579ca1fb622ee7bd8d17096daa03097a61f9c2a;2203d40e9c20e3034c373532d4037249fd1069f01086bff75b3bb51d029f5ffd;10/10/1970;53;2008-08-31 11:36:39;15;07-305-542;040-232-43-85;HETU;NaNNA161undefined;https://randomuser.me/api/portraits/men/68.jpg;https://randomuser.me/api/portraits/med/men/68.jpg;https://randomuser.me/api/portraits/thumb/men/68.jpg;FI;589;2024-05-20 14:36:37.770886
female;missis;Lilja;Pelto;4450;Suvantokatu;Jalasjärvi;Lapland;Finland;47475;-14.2352;146.1394;-6:00;Central Time (US & Canada), Mexico City;lilja.pelto@example.com;0db8ebe1-3607-4675-9268-c54c3b3922f5;purplepanda758;madmad;PX45juij;9d0e16a15ac401620bb2118d32f031e3;588866011220b2f9547ffdc887654c2f922a8fc4;14fd32520f9456f3483dce022055dfa76f9b65b8ca22cfe128a7caa496fc9641;11/25/1974;49;2019-10-08 18:27:43;4;05-492-204;042-341-95-98;HETU;NaNNA380undefined;https://randomuser.me/api/portraits/women/1.jpg;https://randomuser.me/api/portraits/med/women/1.jpg;https://randomuser.me/api/portraits/thumb/women/1.jpg;FI;592;2024-05-20 14:36:37.770886
male;mister;Miro;Jarvinen;6806;Suvantokatu;Maaninka;South Karelia;Finland;33616;-44.915;-2.4394;-1:00;Azores, Cape Verde Islands;miro.jarvinen@example.com;01405da4-29fe-467c-bacf-89b1f921300e;organictiger342;marcello;7jU2p4Wu;2d605e8df2831b7e4f01e3eeb9756d7a;b45761fcb10ea775a7988c0f4782089e8ad884c3;3a46508ff34e24c00210e452155eb042d8a818460e49f5c925dd78783aa53248;10/02/1975;48;2008-06-16 01:14:51;15;08-922-914;045-702-08-69;HETU;NaNNA331undefined;https://randomuser.me/api/portraits/men/29.jpg;https://randomuser.me/api/portraits/med/men/29.jpg;https://randomuser.me/api/portraits/thumb/men/29.jpg;FI;815;2024-05-20 14:36:37.771920
female;miss;Minea;Honkala;4700;Pyynikintie;Asikkala;Central Finland;Finland;61307;-82.5326;139.9095;+4:30;Kabul;minea.honkala@example.com;a6e003ad-3e58-499a-b9d9-00c371dc636b;organicostrich206;hammers;KnSD5iel;898b6d43859c83da4c250802a868c774;835068791313f442ada47c7fc0208f66640ef8bd;174cbe8d718c1416106de319602e35ab1131d8290a6d00a744c6e43ecf54c3e0;06/22/1976;47;2008-10-25 19:56:35;15;03-865-344;049-194-67-06;HETU;NaNNA502undefined;https://randomuser.me/api/portraits/women/25.jpg;https://randomuser.me/api/portraits/med/women/25.jpg;https://randomuser.me/api/portraits/thumb/women/25.jpg;FI;925;2024-05-20 14:36:37.771920
