gender;name.title;name.first;name.last;location.street.number;location.street.name;location.city;location.state;location.country;location.postcode;location.coordinates.latitude;location.coordinates.longitude;location.timezone.offset;location.timezone.description;email;login.uuid;login.username;login.password;login.salt;login.md5;login.sha1;login.sha256;dob.date;dob.age;registered.date;registered.age;phone;cell;id.name;id.value;picture.large;picture.medium;picture.thumbnail;nat;global_index;current_time
male;mister;Owen;Richard;4596;Avenue du Fort-Caire;Fort-de-France;Seine-Saint-Denis;France;76370;-76.1669;-61.5823;+3:30;Tehran;owen.richard@example.com;26b03053-5d38-4e7c-aa48-55fa7d10d660;greengoose548;shark;WoahNsrk;9e23dce22aca472cab77dbc0d7458378;5093bc9c9de17313d908ee87eb8a23d9dc927c8b;4564a849a8686ffa0a9c022c8bf45e6fbea23cba78f8b0a31fde109779134831;05/05/1977;47;2016-09-13 06:36:38;7;02-14-80-26-45;06-61-72-43-65;INSEE;1770425706292 90;https://randomuser.me/api/portraits/men/48.jpg;https://randomuser.me/api/portraits/med/men/48.jpg;https://randomuser.me/api/portraits/thumb/men/48.jpg;FR;17;2024-05-20 14:36:37.769849
male;mister;Eliot;Bernard;5309;Montée Saint-Barthélémy;Caen;Haute-Savoie;France;38917;1.9923;157.3952;-10:00;Hawaii;eliot.bernard@example.com;3863a75c-93ed-4930-abfd-56199090c34f;tinybear273;tazman;5hLcgLXA;47e34f573bdf44e5d3ddac4dc727381c;acfee16961ac90d321a3fc0d5bfac4a81e9aa4ba;56a1db35df9c438c9524e27daf40cc2d6b62861dc49e2c4823f9bf7aa19b9a38;06/16/1978;45;2020-04-23 06:33:18;4;05-32-45-69-37;06-94-50-80-75;INSEE;1780578231094 76;https://randomuser.me/api/portraits/men/98.jpg;https://randomuser.me/api/portraits/med/men/98.jpg;https://randomuser.me/api/portraits/thumb/men/98.jpg;FR;167;2024-05-20 14:36:37.769849
female;missis;Inès;Robin;995;Rue Louis-Blanqui;Avignon;Var;France;52062;65.8732;-34.7811;-4:00;Atlantic Time (Canada), Caracas, La Paz;ines.robin@example.com;faa5feaa-b2e4-44fa-b6b2-57e5a3f75486;whitepeacock215;nnnnnn;dj70FzZg;32fdd174cf7fce144bb05bbbab425007;33ceff556d010d9b5d092519e9e0bf725223e182;b464559a78cae9a1ac8450fb1a67c6f722692085f0931e3058db592816849746;01/14/1972;52;2022-03-18 15:06:51;2;02-90-26-46-04;06-13-35-31-78;INSEE;2720091822839 38;https://randomuser.me/api/portraits/women/45.jpg;https://randomuser.me/api/portraits/med/women/45.jpg;https://randomuser.me/api/portraits/thumb/women/45.jpg;FR;400;2024-05-20 14:36:37.770886
male;mister;Maxence;Menard;611;Rue du Bât-D'Argent;Perpignan;Gironde;France;21682;11.5954;143.4509;+10:00;Eastern Australia, Guam, Vladivostok;maxence.menard@example.com;58ebd9e7-d6d2-4289-8ea3-da22af21c2fa;goldenostrich233;superb;esC6UJN6;e288963075d71890e260447e4cb9d866;2be93b63f88473f9a75ae17dbb7ac1459e33eb1f;7346365c718421c8334c99f36ced331d32ba696774ae7517e6326ed000915bad;02/16/1975;49;2014-02-15 15:59:14;10;04-64-44-38-18;06-30-17-82-31;INSEE;1750125962843 57;https://randomuser.me/api/portraits/men/84.jpg;https://randomuser.me/api/portraits/med/men/84.jpg;https://randomuser.me/api/portraits/thumb/men/84.jpg;FR;489;2024-05-20 14:36:37.770886
female;Miss;Marion;Fernandez;6917;Avenue Jean-Jaurès;Roubaix;Haute-Marne;France;81614;68.5651;151.615;+3:30;Tehran;marion.fernandez@example.com;a2625c5b-58bf-4481-8f77-c3250e1de034;smallwolf473;passme;DcLXjto9;34e4765c6dfaddc6965e49e1d8c90568;4418b250e56f2964553dae6eb9db5ef1b20ff5f1;4ce516e983fbce97744e4c47e5bfc64f400120fde8f33fdb2a7241f2252705e7;12/23/1979;44;2010-04-15 19:33:57;14;05-00-26-42-60;06-00-12-88-15;INSEE;2791158100246 26;https://randomuser.me/api/portraits/women/44.jpg;https://randomuser.me/api/portraits/med/women/44.jpg;https://randomuser.me/api/portraits/thumb/women/44.jpg;FR;585;2024-05-20 14:36:37.770886
female;miss;Capucine;Martinez;271;Rue des Abbesses;Courbevoie;Somme;France;84054;-20.4584;-66.9045;+9:00;Tokyo, Seoul, Osaka, Sapporo, Yakutsk;capucine.martinez@example.com;e5cc3356-0e40-4010-9577-36bf14e7094f;lazybutterfly607;bbking;3N86keF5;ba4172b3b0cb25394df46a5e6de76ecb;746957e001a4962b67408ae6b6092e9dc0864ebc;99e7558e0e5b926bddf66633e404f552b59539b9ff9c25a4e253283c5f7254fb;05/28/1976;47;2004-05-01 03:34:14;20;05-83-44-18-44;06-24-75-54-58;INSEE;2760448734018 66;https://randomuser.me/api/portraits/women/32.jpg;https://randomuser.me/api/portraits/med/women/32.jpg;https://randomuser.me/api/portraits/thumb/women/32.jpg;FR;667;2024-05-20 14:36:37.770886
male;mister;Sandro;Olivier;1596;Rue Duguesclin;Aix-En-Provence;Pas-de-Calais;France;15984;-43.8728;-83.3806;-11:00;Midway Island, Samoa;sandro.olivier@example.com;3e6592c2-25bd-4c0c-889d-084436bebb91;beautifulpanda548;barry;qWoiqart;e58482f598538b78537cdb4248e9899d;8ba999108870e17e5b0b2f4bfe753f76ed204cb3;ecc8f7613255758ae3dbf1d663120749ed8480ee31c9e09f75dd82ebb1f58245;03/20/1972;52;2004-07-16 22:50:06;19;05-12-64-43-63;06-01-02-55-06;INSEE;1720287117845 32;https://randomuser.me/api/portraits/men/5.jpg;https://randomuser.me/api/portraits/med/men/5.jpg;https://randomuser.me/api/portraits/thumb/men/5.jpg;FR;843;2024-05-20 14:36:37.771920
male;mister;Matéo;Schmitt;5795;Rue Saint-Georges;Nancy;Lozère;France;93815;34.0552;-128.5097;-12:00;Eniwetok, Kwajalein;mateo.schmitt@example.com;677ddca2-2907-45a6-bfe0-dafddc74f7c1;bigfrog781;clover;VRyzpE2L;4c6bf46b9b46b77343ebb6080b193c9d;4be0c937837bc0c4052bcc6efcbc0bd0e8dd3090;7278c7045aabbe771a01256855649294e54c6f0fc20ae6a97dac395eed1b1b0a;11/02/1976;47;2011-05-21 07:28:27;12;01-16-74-68-79;06-68-99-67-89;INSEE;1761090464892 96;https://randomuser.me/api/portraits/men/64.jpg;https://randomuser.me/api/portraits/med/men/64.jpg;https://randomuser.me/api/portraits/thumb/men/64.jpg;FR;915;2024-05-20 14:36:37.771920
male;mister;Rayan;Adam;3003;Rue des Abbesses;Lille;Territoire De Belfort;France;15958;-15.9785;-114.7337;+4:30;Kabul;rayan.adam@example.com;4e04d67a-fdec-444f-a2c7-3fcafb79f2eb;silverostrich431;painter;oEWFPTw3;05bc10f74971e1de85d2dc9aa74c04d2;036b46b318e0f69b85ce76b39e3b84a2699d9cf8;52aa5b81570bcd3d365396fe5fdcf0a04e0ff81a37c565f608829e3f979fd25d;06/14/1974;49;2020-10-29 18:27:31;3;02-31-66-34-09;06-22-54-59-99;INSEE;1740587150144 81;https://randomuser.me/api/portraits/men/55.jpg;https://randomuser.me/api/portraits/med/men/55.jpg;https://randomuser.me/api/portraits/thumb/men/55.jpg;FR;985;2024-05-20 14:36:37.771920
