gender;name.title;name.first;name.last;location.street.number;location.street.name;location.city;location.state;location.country;location.postcode;location.coordinates.latitude;location.coordinates.longitude;location.timezone.offset;location.timezone.description;email;login.uuid;login.username;login.password;login.salt;login.md5;login.sha1;login.sha256;dob.date;dob.age;registered.date;registered.age;phone;cell;id.name;id.value;picture.large;picture.medium;picture.thumbnail;nat;global_index;current_time
female;Miss;Siegrun;Deppe;7851;Marktplatz;Wachenheim an der Weinstraße;Sachsen;Germany;74048;-5.2063;-17.545;+10:00;Eastern Australia, Guam, Vladivostok;siegrun.deppe@example.com;e392dab6-60da-4bf3-8d63-a2750aed08e3;yellowbird789;boytoy;co1qj0CR;23fd8d590dbb2fa9ba3f4b3b36af1968;d6e0425f86f6de9024c1463a9b2184b8d9e2f115;51b6393cf13e190874862d7c93840053d26192e52e3f58ec198b4665cabac2dd;04/12/1994;30;2019-03-02 11:39:20;5;0859-3409200;0172-7227993;SVNR;12 120494 D 819;https://randomuser.me/api/portraits/women/6.jpg;https://randomuser.me/api/portraits/med/women/6.jpg;https://randomuser.me/api/portraits/thumb/women/6.jpg;DE;765;2024-05-20 14:36:37.771920
male;mister;Marcus;Reichl;3085;Kirchweg;Ansbach;Bremen;Germany;59345;-43.7963;7.0402;+4:00;Abu Dhabi, Muscat, Baku, Tbilisi;marcus.reichl@example.com;122cd9bc-cd2c-496b-89b1-64fdf8b50fb1;crazymeercat220;groucho;gHn2J1Is;77ddb686ec6c4b05ee7c44b33151093b;92c638d1401693176ffbc5c560bfcbaf5f3a11ee;948d880ab773160a7f6bd41f12c0b239dc7bf75032e1ab938aaed98dbb200403;01/12/1997;27;2012-02-14 12:12:45;12;0962-0087641;0179-0632746;SVNR;59 120197 R 181;https://randomuser.me/api/portraits/men/54.jpg;https://randomuser.me/api/portraits/med/men/54.jpg;https://randomuser.me/api/portraits/thumb/men/54.jpg;DE;875;2024-05-20 14:36:37.771920
female;Miss;Adina;Kohl;2268;Danziger Straße;Bad Dürkheim;Bayern;Germany;66794;-2.9067;87.1271;-11:00;Midway Island, Samoa;adina.kohl@example.com;87c5649c-bbf5-4146-8d93-6ba534b2f00e;purpleladybug306;alejandr;XACtUK6V;1a13312c3f2145f4201b2ce8c9d53a29;3bf922e6f6875fa698e0eff93eb9bdfeecec40eb;dfbf82cb02ac186eb8d08c3f3b9e2bda37ab9a3a1987fe1bf2341f30e29e444d;03/06/1991;33;2007-10-13 07:23:44;16;0621-9094208;0174-6235499;SVNR;08 060391 K 931;https://randomuser.me/api/portraits/women/85.jpg;https://randomuser.me/api/portraits/med/women/85.jpg;https://randomuser.me/api/portraits/thumb/women/85.jpg;DE;938;2024-05-20 14:36:37.771920
male;mister;Jörn;Kerner;8775;Schillerstraße;Püttlingen;Baden-Württemberg;Germany;66509;33.3935;20.7697;+4:00;Abu Dhabi, Muscat, Baku, Tbilisi;jorn.kerner@example.com;cd59f690-29d8-40fe-b3e5-703588012c49;redduck143;billybob;H2F89gBI;82eb9ddb1226f842e1a733bdf6f3b3f2;3207501835fbd646a20c402342acdc5389b4b675;0e143eddbfd0b80b38b15f58c576c5ba40abcd90ddac8bd663e200e703d986c8;09/18/1995;28;2002-06-30 06:48:09;21;0036-7736717;0174-2390686;SVNR;20 180995 K 450;https://randomuser.me/api/portraits/men/33.jpg;https://randomuser.me/api/portraits/med/men/33.jpg;https://randomuser.me/api/portraits/thumb/men/33.jpg;DE;978;2024-05-20 14:36:37.771920
female;Miss;Walli;Schönberg;5850;Finkenweg;Dierdorf;Hamburg;Germany;98543;15.8544;106.4464;+2:00;Kaliningrad, South Africa;walli.schonberg@example.com;f3409ec2-1191-4f11-b59c-7403e3c8b347;bigfrog336;glass;6m5eeuxx;e4bd6bf20a18de1e0102f40fe1bd5328;fa88506a51f45f4dfa3a5a83ea2c52cd76caf78b;89b4dd3dbea33deb917c4d2301918f60c2144844de78a5c917f1496641362c3e;10/02/1993;30;2007-09-03 04:12:46;16;0691-6208802;0171-2070664;SVNR;17 011093 S 723;https://randomuser.me/api/portraits/women/53.jpg;https://randomuser.me/api/portraits/med/women/53.jpg;https://randomuser.me/api/portraits/thumb/women/53.jpg;DE;980;2024-05-20 14:36:37.771920
