gender;name.title;name.first;name.last;location.street.number;location.street.name;location.city;location.state;location.country;location.postcode;location.coordinates.latitude;location.coordinates.longitude;location.timezone.offset;location.timezone.description;email;login.uuid;login.username;login.password;login.salt;login.md5;login.sha1;login.sha256;dob.date;dob.age;registered.date;registered.age;phone;cell;id.name;id.value;picture.large;picture.medium;picture.thumbnail;nat;global_index;current_time
male;mister;Aditya;Bharanya;8773;Mint St;Khammam;Meghalaya;India;41947;3.5095;105.0232;+7:00;Bangkok, Hanoi, Jakarta;aditya.bharanya@example.com;6fc22116-3455-4546-9832-a07ee91bf8f8;browngoose795;golfing;iKs5wUmy;96eb898b3033002f4b9c5334f83b48f0;c003143b012941ac54e2255524008c717a78a901;86eb83a965a3ffa115f645596970cb6ace4e48a06a31577166b997747059086b;04/19/1995;29;2018-04-03 20:17:46;6;8223269063;8489190652;UIDAI;545667714333;https://randomuser.me/api/portraits/men/80.jpg;https://randomuser.me/api/portraits/med/men/80.jpg;https://randomuser.me/api/portraits/thumb/men/80.jpg;IN;62;2024-05-20 14:36:37.769849
female;missis;Pramitha;Adiga;3599;Rajaji Salai;Coimbatore;Jharkhand;India;85483;37.5337;94.7734;+8:00;Beijing, Perth, Singapore, Hong Kong;pramitha.adiga@example.com;f479a25b-864a-472d-a2bc-4b315907e4f1;heavyfrog149;insertions;T2aPTBRP;7ed16694b484e4a62ce82846f5b88712;1702833c60eb97d009c26e2aa83cf2a01666446f;44ce54678dbbd06df6b55b69176ed8c4dd0e567c1616bee9f45f1970e80de1ff;05/29/1995;28;2006-10-08 13:07:37;17;8376558114;9124655947;UIDAI;961465304297;https://randomuser.me/api/portraits/women/86.jpg;https://randomuser.me/api/portraits/med/women/86.jpg;https://randomuser.me/api/portraits/thumb/women/86.jpg;IN;153;2024-05-20 14:36:37.769849
female;Miss;Shambhavi;Dawangave;4475;Swargate;Rajahmundry;Nagaland;India;28213;-85.3997;-56.939;-3:00;Brazil, Buenos Aires, Georgetown;shambhavi.dawangave@example.com;415f6d89-f954-4797-9a06-509047bef460;goldendog555;labia;UvE5Fp8k;e8ec284c5f592f42ab013b4f5499b513;41148adcce8206fa4a5d0d59ceb3173c37d9a18e;15307eaec3caf7920a548abd1afac418a796a483d570d830aab1918702f4743c;05/25/1996;27;2011-11-21 17:19:56;12;8366715481;7865808418;UIDAI;907211997394;https://randomuser.me/api/portraits/women/71.jpg;https://randomuser.me/api/portraits/med/women/71.jpg;https://randomuser.me/api/portraits/thumb/women/71.jpg;IN;322;2024-05-20 14:36:37.770886
female;Miss;Yashodha;Kulkarni;6415;Jagadamba Centre;Ballia;Delhi;India;59235;-69.1462;119.2321;-12:00;Eniwetok, Kwajalein;yashodha.kulkarni@example.com;db85e55d-2212-488d-be16-51d33fbb0cd5;organicbird508;thick;kFO95jnv;e1e38ba49ce280b0351ad3b360753a6e;147b3a8a0cd0badfa4d633419faea0be1752d338;50a04653fcc76155ab890deb3b585bd8e2df0ac572ed7a2f0ec56e5cf68fb6b6;06/30/1999;24;2003-04-24 01:01:19;21;7842556919;8025828565;UIDAI;654195646532;https://randomuser.me/api/portraits/women/60.jpg;https://randomuser.me/api/portraits/med/women/60.jpg;https://randomuser.me/api/portraits/thumb/women/60.jpg;IN;323;2024-05-20 14:36:37.770886
female;missis;Shubhangi;Banerjee;6364;Tripolia Bazar;Thrissur;Madhya Pradesh;India;51299;-27.4991;160.8655;-5:00;Eastern Time (US & Canada), Bogota, Lima;shubhangi.banerjee@example.com;690d5415-3ed5-4086-a5fc-37138a8c2f52;purpledog930;scooby1;ScPCGMMM;0a4ca7d92645c3f94f20ef6ade44bf08;a20ae707367cf784271fa133141b13e19a2c877c;3966e753ea62c529072d6588c198c1985ea6157269f11ce63a231e8a6790f385;06/05/1995;28;2018-12-11 00:24:37;5;9277713730;8315535131;UIDAI;052628587804;https://randomuser.me/api/portraits/women/67.jpg;https://randomuser.me/api/portraits/med/women/67.jpg;https://randomuser.me/api/portraits/thumb/women/67.jpg;IN;422;2024-05-20 14:36:37.770886
male;mister;Dharmesh;Kamath;6468;Dwaraka Nagar;Nashik;Haryana;India;12624;-70.3007;9.9402;-10:00;Hawaii;dharmesh.kamath@example.com;35696a28-be3c-4c3e-999a-4c0a05ff2d34;organicleopard838;lllllll;4JHyWsWx;85d67d1be66726b9cc82d29e39f781e9;09e36be73a5b9869d20edd23112a8371efab3b61;759e0c41c89db8c90055f377d7ed5958a4893b14c3d71ca925321499747f7254;09/05/1994;29;2018-10-01 09:43:40;5;7431720720;9552333646;UIDAI;508486745250;https://randomuser.me/api/portraits/men/99.jpg;https://randomuser.me/api/portraits/med/men/99.jpg;https://randomuser.me/api/portraits/thumb/men/99.jpg;IN;425;2024-05-20 14:36:37.770886
female;missis;Sharanya;Kini;3206;Sao Tome Old Quarter;Kadapa;Mizoram;India;33843;-86.2198;-165.3678;-4:00;Atlantic Time (Canada), Caracas, La Paz;sharanya.kini@example.com;121966e5-589d-45bb-aced-fc500a0718a6;crazymeercat367;852456;EDuRsycK;03372f4c6e3905b356a9f99077beedae;448ad1b82965a0df6545233cc3fd069a8be14c1b;0b6fd3ba124edd70776a3f56b0ea6988792e2c8197aca6ff2a493f4938074260;02/22/1997;27;2021-12-22 09:40:05;2;8321061277;7670668353;UIDAI;677080226365;https://randomuser.me/api/portraits/women/81.jpg;https://randomuser.me/api/portraits/med/women/81.jpg;https://randomuser.me/api/portraits/thumb/women/81.jpg;IN;596;2024-05-20 14:36:37.770886
female;miss;Anitha;Belligatti;8422;Camac St;Bareilly;Odisha;India;98978;59.8165;64.8296;+5:45;Kathmandu;anitha.belligatti@example.com;5dcdccfb-7cf6-4044-9334-2445c8dd8937;happytiger604;bullet;i2GS5thq;dfc41e220cc32a1de44ad58dd8c7ea83;fb3a3d918bfbba5480866beb4cc58fcbf582a7fc;a66b935d4b334cc698d0023319bd9286e71c8b7bc237e4ce04690593fdfcf54f;06/09/1997;26;2013-04-13 22:25:53;11;9319339635;9132322924;UIDAI;877365601383;https://randomuser.me/api/portraits/women/92.jpg;https://randomuser.me/api/portraits/med/women/92.jpg;https://randomuser.me/api/portraits/thumb/women/92.jpg;IN;600;2024-05-20 14:36:37.770886
female;miss;Anupama;Pai;3174;Rajaji Salai;Khora;Bihar;India;54888;32.7491;-136.0726;-1:00;Azores, Cape Verde Islands;anupama.pai@example.com;c5a4d046-9b3c-403b-9d3d-b8c4946865cd;tinyduck381;eighteen;zpptLjMc;6932975177b09c9f6baaf5cb8d36d42b;e213dbc73d6b917c8262ef01c3200d9207ab2ce4;f2dda0de7cede5aad494b0d191d535b83467317faba126dcd14851c210d212dd;04/11/1992;32;2021-05-30 05:52:47;2;8647821520;7924713886;UIDAI;897509292998;https://randomuser.me/api/portraits/women/87.jpg;https://randomuser.me/api/portraits/med/women/87.jpg;https://randomuser.me/api/portraits/thumb/women/87.jpg;IN;663;2024-05-20 14:36:37.770886
male;mister;Jagat;Chavare;3987;Rajaji Salai;Rohtak;Rajasthan;India;53366;17.5061;-19.2954;+7:00;Bangkok, Hanoi, Jakarta;jagat.chavare@example.com;7810a8dc-2fe6-40b6-877a-d13da159c09f;heavyostrich459;older;ce8aST9C;d8ddb13600cedd9993407879abb36682;4f77b991b02330cf09101b5da41763537f2bb7b4;1f4c634755335ce13bf4c491af5b0826d5c17db5e5f3822414efcbbcbddb7db7;08/08/1998;25;2021-08-24 02:00:44;2;8062879958;8790194801;UIDAI;445604294297;https://randomuser.me/api/portraits/men/21.jpg;https://randomuser.me/api/portraits/med/men/21.jpg;https://randomuser.me/api/portraits/thumb/men/21.jpg;IN;710;2024-05-20 14:36:37.771920
