gender;name.title;name.first;name.last;location.street.number;location.street.name;location.city;location.state;location.country;location.postcode;location.coordinates.latitude;location.coordinates.longitude;location.timezone.offset;location.timezone.description;email;login.uuid;login.username;login.password;login.salt;login.md5;login.sha1;login.sha256;dob.date;dob.age;registered.date;registered.age;phone;cell;id.name;id.value;picture.large;picture.medium;picture.thumbnail;nat;global_index;current_time
female;missis;Indah;Struiksma;4049;De Wide Hoeke;Driewegen;Zeeland;Netherlands;7026 RN;36.2597;152.1107;+5:00;Ekaterinburg, Islamabad, Karachi, Tashkent;indah.struiksma@example.com;b7cac015-b597-4a99-9e25-9465110c94bd;heavywolf380;jingle;e2Lx0E3V;077184c717e0faec65abfbb3e5f21d07;4538f2bb2daf9fd1a3b65a297b94b92a12895544;ef21bd0ae8c88c13ce2ec2d06ea4d45513e971988b8ec65d9a440b967e259313;07/30/1985;38;2015-04-28 16:10:21;9;(083) 8248513;(06) 48939181;BSN;12805571;https://randomuser.me/api/portraits/women/20.jpg;https://randomuser.me/api/portraits/med/women/20.jpg;https://randomuser.me/api/portraits/thumb/women/20.jpg;NL;100;2024-05-20 14:36:37.769849
female;miss;Emese;Koenen;5122;Hollandia;Itteren;Noord-Brabant;Netherlands;2086 PY;36.5266;-108.3638;+7:00;Bangkok, Hanoi, Jakarta;emese.koenen@example.com;a54e0e63-edec-4e59-b5f7-e59f450beb46;whitedog218;pa55w0rd;NhOldFeG;d5552f77797ba607a75fd7f533e0ecba;eced381889dcdc5cb69441e44768b3f35cbf0f72;6c1c68e4d7942f3020ad048ebb01dc70d08b7afa350381a28cb105d4d0b5a073;04/04/1988;36;2011-07-24 02:56:17;12;(0024) 815352;(06) 60419500;BSN;45288654;https://randomuser.me/api/portraits/women/44.jpg;https://randomuser.me/api/portraits/med/women/44.jpg;https://randomuser.me/api/portraits/thumb/women/44.jpg;NL;179;2024-05-20 14:36:37.770886
female;miss;Loraine;Nierop;4505;Antilopenlaan;Dantumadiel;Limburg;Netherlands;3960 KB;47.1127;-87.988;-2:00;Mid-Atlantic;loraine.nierop@example.com;055fc4a4-9012-4b45-a59e-f7a877f0ea7a;lazyladybug532;1115;GKxo92VN;4cc77029ec1f8dda9b8d8e4ec3bcd2bd;52c4bc83fcac3e08bc42bafce316d83d13ff1fdc;96387d786d12ece94114b020414d92e0d898c73d6c6cf23c6676b4ec97258f11;11/27/1986;37;2006-04-11 09:04:34;18;(0694) 698908;(06) 19609669;BSN;24287114;https://randomuser.me/api/portraits/women/62.jpg;https://randomuser.me/api/portraits/med/women/62.jpg;https://randomuser.me/api/portraits/thumb/women/62.jpg;NL;497;2024-05-20 14:36:37.770886
female;Miss;Nellie;Van der Haas;6042;Kreukel;Burgwerd;Groningen;Netherlands;4105 ZM;24.676;136.7879;+5:30;Bombay, Calcutta, Madras, New Delhi;nellie.vanderhaas@example.com;1c2ebda0-e56f-494c-93d4-1d35edfe4d17;angrymouse383;again;TBYIP9jh;0029ca581fcc03319a5660b08a7ef34e;d73c9a23d454aabf241179ceb31ff38622034153;f1696ee9ea87122a1426d3373a7bd530ae3eac043ba5868165a9a304bbeea48f;01/20/1988;36;2003-08-23 12:45:49;20;(0838) 048730;(06) 73667166;BSN;81013433;https://randomuser.me/api/portraits/women/44.jpg;https://randomuser.me/api/portraits/med/women/44.jpg;https://randomuser.me/api/portraits/thumb/women/44.jpg;NL;598;2024-05-20 14:36:37.770886
female;Miss;Yuka;Panneman;5128;Hommelstraat;Ochten;Noord-Brabant;Netherlands;2272 MH;12.5721;21.9559;+4:00;Abu Dhabi, Muscat, Baku, Tbilisi;yuka.panneman@example.com;0c0d6c09-56b8-4245-b0b9-053c4f66984e;blackbird696;33333333;ol4v3fnL;9da1cea790aaf07669eb7c143effc5ae;e359d18a4819da17bd9197ab54f047c845bdad4a;95278adb74af0692c8803d3915bc8fb36226949527bfe3bdb424e065abf70c62;08/20/1980;43;2002-03-21 13:14:54;22;(0441) 320463;(06) 70815770;BSN;42070340;https://randomuser.me/api/portraits/women/27.jpg;https://randomuser.me/api/portraits/med/women/27.jpg;https://randomuser.me/api/portraits/thumb/women/27.jpg;NL;835;2024-05-20 14:36:37.771920
male;mister;Pavel;Wiering;5634;Burgemeester Teerstraat;Gassel;Drenthe;Netherlands;7969 SG;31.3418;-41.3971;-1:00;Azores, Cape Verde Islands;pavel.wiering@example.com;7ff78885-591a-4f19-abb8-36a11a2eb7f4;smallkoala367;puffer;75RVjiGJ;8ab5c081fe16e225691c7ddc51c495a5;c49f0ea08d50fe1be89776f7230d59b74edf69aa;45921fe19e74baff80c55becd507a735701e06528b9a6f9c80baa9f9629553ca;04/15/1986;38;2016-07-17 08:53:43;7;(093) 8047040;(06) 83239688;BSN;78892115;https://randomuser.me/api/portraits/men/85.jpg;https://randomuser.me/api/portraits/med/men/85.jpg;https://randomuser.me/api/portraits/thumb/men/85.jpg;NL;856;2024-05-20 14:36:37.771920
female;Miss;Daniëlla;Hulzebos;4874;Kleine Geldebosch;Ulft;Gelderland;Netherlands;9186 WN;-10.5445;142.9886;+5:45;Kathmandu;daniella.hulzebos@example.com;c7ca2129-1fb5-49be-b67f-f617f49ca6c0;goldenostrich121;1225;ZU0LXuuJ;ec11d66b1bc2de775fa2d15b8a1f0054;922c68de923778877e89539f494b3d74b3cbd78f;b6e8eba83ce0751be928c46ea512d73302ebefe77db0397feb866c2edea4e5c9;08/17/1984;39;2003-01-14 06:32:08;21;(0263) 671466;(06) 40415222;BSN;42514025;https://randomuser.me/api/portraits/women/68.jpg;https://randomuser.me/api/portraits/med/women/68.jpg;https://randomuser.me/api/portraits/thumb/women/68.jpg;NL;859;2024-05-20 14:36:37.771920
