gender;name.title;name.first;name.last;location.street.number;location.street.name;location.city;location.state;location.country;location.postcode;location.coordinates.latitude;location.coordinates.longitude;location.timezone.offset;location.timezone.description;email;login.uuid;login.username;login.password;login.salt;login.md5;login.sha1;login.sha256;dob.date;dob.age;registered.date;registered.age;phone;cell;id.name;id.value;picture.large;picture.medium;picture.thumbnail;nat;global_index;current_time
female;Miss;Keya;Uchil;3301;Rajpur Rd;Sri Ganganagar;Lakshadweep;India;27716;53.5793;60.0293;-6:00;Central Time (US & Canada), Mexico City;keya.uchil@example.com;dfa8e3d7-393d-40d1-a47c-0c8ad75d7439;happydog728;smoke1;9QByKwoN;85bdfd4455d426382b5bba95b40e3411;98e391a51793459af7746f8cd9fe01bc622b31bc;6c79ed5d9a043198afbc9cab443b2c5ac4aa372e5065fef3bb8edcb4086462d5;03/31/1976;48;2002-12-13 18:10:39;21;7886203669;9060395781;UIDAI;836639175749;https://randomuser.me/api/portraits/women/79.jpg;https://randomuser.me/api/portraits/med/women/79.jpg;https://randomuser.me/api/portraits/thumb/women/79.jpg;IN;84;2024-05-20 14:36:37.769849
male;mister;Abeer;Bangera;895;Chimanlal Girdharlal Rd;Raurkela Industrial Township;Daman and Diu;India;47366;39.6732;-133.3636;+5:00;Ekaterinburg, Islamabad, Karachi, Tashkent;abeer.bangera@example.com;a4237931-4ed4-4f10-87f9-f6dc9912dae4;smallfrog739;pride;synRcOMF;886567bcff5eb247f35352b33b0ae160;1235803cd06e5b3a06a56814fcbf6d112347fe61;a75f863744da5d41ed598d640bdc547c42b1ea6f24b186627222332414f9d0f0;02/06/1973;51;2020-05-07 02:06:05;4;8700027966;9518991388;UIDAI;674077732225;https://randomuser.me/api/portraits/men/70.jpg;https://randomuser.me/api/portraits/med/men/70.jpg;https://randomuser.me/api/portraits/thumb/men/70.jpg;IN;131;2024-05-20 14:36:37.769849
male;mister;Arin;Acharya;5302;Bhavani Peth;Ichalkaranji;Madhya Pradesh;India;32675;-63.0128;86.2082;+4:00;Abu Dhabi, Muscat, Baku, Tbilisi;arin.acharya@example.com;0316db87-47ff-4d64-a448-af62cb02fa10;silverswan388;ontario;IfRKfQY0;123211b5d68c7267ad050ee1d5ac6e57;605063bd3c8e39ffee657ba2d0af5938406829b0;4dbd6dce9394deffd7111667829427813893bf644d20370839e40d5e22ed0d03;06/03/1975;48;2009-03-14 20:18:54;15;8880044352;7347607690;UIDAI;226051369890;https://randomuser.me/api/portraits/men/36.jpg;https://randomuser.me/api/portraits/med/men/36.jpg;https://randomuser.me/api/portraits/thumb/men/36.jpg;IN;488;2024-05-20 14:36:37.770886
male;mister;Abhishek;Saniel;4918;Mirza Ismail Rd;Burhanpur;Tripura;India;70617;-44.9516;-63.2553;-3:00;Brazil, Buenos Aires, Georgetown;abhishek.saniel@example.com;3d4afb26-0291-4c85-9e4d-a27f491a06bf;crazybird403;hothot;U9QIHxCQ;01726707924db8359c906b3b3230650a;266a537aee68b0e839778099f958a39e68aa1b26;79f8c34db4eaa35bb53130bf4493f022134e8cb0082d8e3fb2cf7e3cf83fa11e;12/04/1975;48;2017-08-29 03:19:57;6;7640699387;9298221752;UIDAI;977757204442;https://randomuser.me/api/portraits/men/28.jpg;https://randomuser.me/api/portraits/med/men/28.jpg;https://randomuser.me/api/portraits/thumb/men/28.jpg;IN;630;2024-05-20 14:36:37.770886
male;mister;Pranav;Saniel;2581;Tilak Marg;Kurnool;Tamil Nadu;India;95682;76.2817;166.9983;-3:30;Newfoundland;pranav.saniel@example.com;91c0f37d-f9c5-44fd-a3d7-a299eef80778;purpleduck384;lazarus;b7IIu7AT;6a039ee8e15f19c838b064b59ceddbe9;7ac9bf45ea13026cc086ebf3d440181421c029ac;e47374549906e41b71b27c484f9d0c8d7f01d32ed27830bb72aa9dc179fb88d8;05/04/1972;52;2009-10-15 21:16:00;14;8382136121;7572858487;UIDAI;764531152713;https://randomuser.me/api/portraits/men/17.jpg;https://randomuser.me/api/portraits/med/men/17.jpg;https://randomuser.me/api/portraits/thumb/men/17.jpg;IN;907;2024-05-20 14:36:37.771920
