gender;name.title;name.first;name.last;location.street.number;location.street.name;location.city;location.state;location.country;location.postcode;location.coordinates.latitude;location.coordinates.longitude;location.timezone.offset;location.timezone.description;email;login.uuid;login.username;login.password;login.salt;login.md5;login.sha1;login.sha256;dob.date;dob.age;registered.date;registered.age;phone;cell;id.name;id.value;picture.large;picture.medium;picture.thumbnail;nat;global_index;current_time
male;mister;Chara;Urbanskiy;9497;Naberezhniy provulok;Globine;Mikolayivska;Ukraine;72256;26.4145;167.9052;-6:00;Central Time (US & Canada), Mexico City;chara.urbanskiy@example.com;b2048cbe-d882-47f6-b4ca-42a55e0aaa72;greenkoala532;purdue;S9HSRX23;407fe61b353f3a4052e49af1e8822388;f48c02121dbdb6a9a4a07fe7e6246a0afe47d119;088ce63250445935996ca476eb357331b6be97c208444ed6151b1f304bf2d23e;09/01/1966;57;2002-07-24 16:38:25;21;(066) N28-4021;(068) R67-6924;;;https://randomuser.me/api/portraits/men/71.jpg;https://randomuser.me/api/portraits/med/men/71.jpg;https://randomuser.me/api/portraits/thumb/men/71.jpg;UA;127;2024-05-20 14:36:37.769849
male;mister;Nedan;Onushko;910;Lisnicka;Nizhin;Ivano-Frankivska;Ukraine;95103;58.4862;-36.2102;+8:00;Beijing, Perth, Singapore, Hong Kong;nedan.onushko@example.com;cad32ef9-bd77-4e9c-ae91-9485fada0813;angrygoose124;3000gt;Kbas9ZMx;73f3b386570b818c2423e7102ff76ea9;6a3cb9a2115fdc41235ece5860cd109eb46f03aa;0f2abe82578f2e22445594de29a5f232254b7ecc4a21b89396eed4ff03c53d08;06/10/1961;62;2003-04-25 00:12:10;21;(098) U15-3113;(067) E64-0003;;;https://randomuser.me/api/portraits/men/62.jpg;https://randomuser.me/api/portraits/med/men/62.jpg;https://randomuser.me/api/portraits/thumb/men/62.jpg;UA;157;2024-05-20 14:36:37.769849
female;Miss;Bronislava;Stankevich;1335;Vuzka;Slov'yansk;Zhitomirska;Ukraine;71015;-0.3833;128.0458;+2:00;Kaliningrad, South Africa;bronislava.stankevich@example.com;3e8b09cb-a60b-4f0a-ac94-5df9c74befbb;whitepanda683;cotton;Nqd9exip;749da0f4ec3c77ccd6c224e05d42d4e6;3dfb58c834d0a3c7df2d2eb3fb03706928d7a758;8877fee512ed90129f2826ff4871578933055827a8f22f5c15f2556d54719b20;09/06/1960;63;2006-03-13 15:55:10;18;(096) D20-3095;(096) C60-5369;;;https://randomuser.me/api/portraits/women/37.jpg;https://randomuser.me/api/portraits/med/women/37.jpg;https://randomuser.me/api/portraits/thumb/women/37.jpg;UA;198;2024-05-20 14:36:37.770886
male;mister;Rudan;Sohanivskiy;7158;Montazhnikiv;Sumi;Dnipropetrovska;Ukraine;40212;-39.3493;116.4434;+3:30;Tehran;rudan.sohanivskiy@example.com;3bfe9ff8-2d12-4185-a6f9-8d8dce989d0f;blackbutterfly595;planet;8Siu1441;20fe9fb6300de057a0a440ec414a5474;6cb03642742e46584d988fb9069d9f86d426da32;309a8cdba84fc9a357c9a53238a0bda82bde4639dcf8dff713f2577616753839;08/28/1966;57;2005-11-24 22:25:57;18;(099) L06-9308;(068) D02-5243;;;https://randomuser.me/api/portraits/men/22.jpg;https://randomuser.me/api/portraits/med/men/22.jpg;https://randomuser.me/api/portraits/thumb/men/22.jpg;UA;270;2024-05-20 14:36:37.770886
female;missis;Zvenigora;Skorohodko;8378;Gustinska;Brodi;Harkivska;Ukraine;27908;-16.5903;21.7819;-5:00;Eastern Time (US & Canada), Bogota, Lima;zvenigora.skorohodko@example.com;d41fc2dc-c935-486a-8765-30183365e290;lazylion901;hollywoo;w5383t2f;7a9a68965d7896baaa1a022d1da03d31;5c13d7860c4562ba41d4b471ea28332255015605;a68b4d27df49119d9d23922c537ba2d8e71c6fbb2683c2e8e13cbff2fc3abd44;05/13/1969;55;2012-12-23 22:18:33;11;(098) O12-1454;(099) Q89-9065;;;https://randomuser.me/api/portraits/women/71.jpg;https://randomuser.me/api/portraits/med/women/71.jpg;https://randomuser.me/api/portraits/thumb/women/71.jpg;UA;307;2024-05-20 14:36:37.770886
male;mister;Askold;Friz;5006;Institutska;Chernigiv;Kirovogradska;Ukraine;67695;-34.745;-52.8485;+6:00;Almaty, Dhaka, Colombo;askold.friz@example.com;275bee03-6df4-4b72-8afd-640e55bd0157;brownbear476;rampage;iN0aULlk;e42d025e2d25d155fce21b34b9179d63;af03a0acce35c6de70adf144860c22e7fe52a198;ec685d7e7e7b34587ccc8ecbf336680b8457c1dd89740e8688b7462e78a709cc;01/26/1963;61;2010-08-08 19:24:06;13;(097) K33-7590;(099) Y64-1645;;;https://randomuser.me/api/portraits/men/23.jpg;https://randomuser.me/api/portraits/med/men/23.jpg;https://randomuser.me/api/portraits/thumb/men/23.jpg;UA;444;2024-05-20 14:36:37.770886
female;Miss;Sobislava;Kozakevich;6116;Shopena;Rodinske;Zakarpatska;Ukraine;10869;-20.9215;148.3986;+1:00;Brussels, Copenhagen, Madrid, Paris;sobislava.kozakevich@example.com;22716a93-6e9b-42d3-8e19-ba02b10b8fbd;heavymeercat277;gerald;mA2AXgap;3003310a694dd3da964ddf633b7535ea;e67359f5a00f481e1f3882d8aa5ed071d268b82d;c5425d73e27a9030b4911e3c16a440d8d70e31b2136da5abb6e011ab37344657;01/23/1961;63;2014-01-25 20:02:36;10;(097) F30-8451;(099) W99-0941;;;https://randomuser.me/api/portraits/women/30.jpg;https://randomuser.me/api/portraits/med/women/30.jpg;https://randomuser.me/api/portraits/thumb/women/30.jpg;UA;518;2024-05-20 14:36:37.770886
male;mister;Pershik;Lobodovskiy;9389;Lisogirskiy provulok;Novoyavorivsk;Zakarpatska;Ukraine;33473;-4.2878;138.7129;-7:00;Mountain Time (US & Canada);pershik.lobodovskiy@example.com;735973a5-db77-4dfd-9eb4-e5bf167538c7;organicbear606;blue123;70YOiUQO;60ad554f0301efde1a841c2f24ae6ec3;300c17c757ac789c751a5c7618713a5839e725ae;43bd9519e5eb4a9e7b9b69d66f0467b8bc69c95ab0169f394c2f6994143a59f7;04/30/1962;62;2014-12-13 09:16:34;9;(099) V31-7458;(098) C72-2405;;;https://randomuser.me/api/portraits/men/28.jpg;https://randomuser.me/api/portraits/med/men/28.jpg;https://randomuser.me/api/portraits/thumb/men/28.jpg;UA;571;2024-05-20 14:36:37.770886
female;Miss;Agata;Gorodnyuk;8683;Grigoriya Oniskevicha;Noviy Bug;Kirovogradska;Ukraine;75645;23.9845;-125.8274;+9:30;Adelaide, Darwin;agata.gorodnyuk@example.com;e02080d6-2a8d-42f3-8904-429e1b0fc0c6;ticklishbird520;gunner;wVvQYD05;2243a5cba76864e14fb99cd33af73703;5843bf5a9f1a4128b76f62852169a91fd3aea4ca;ca412f4aabb494dafa6b363179d854e7b85146363385f5dc0afb04fb41546f79;09/21/1961;62;2019-06-16 05:18:00;4;(098) Y59-8078;(096) C80-6596;;;https://randomuser.me/api/portraits/women/2.jpg;https://randomuser.me/api/portraits/med/women/2.jpg;https://randomuser.me/api/portraits/thumb/women/2.jpg;UA;849;2024-05-20 14:36:37.771920
