gender;name.title;name.first;name.last;location.street.number;location.street.name;location.city;location.state;location.country;location.postcode;location.coordinates.latitude;location.coordinates.longitude;location.timezone.offset;location.timezone.description;email;login.uuid;login.username;login.password;login.salt;login.md5;login.sha1;login.sha256;dob.date;dob.age;registered.date;registered.age;phone;cell;id.name;id.value;picture.large;picture.medium;picture.thumbnail;nat;global_index;current_time
female;missis;Axelle;Martinez;5148;Rue de Bonnel;Avignon;Nord;France;34685;-88.816;76.979;-12:00;Eniwetok, Kwajalein;axelle.martinez@example.com;f333dd43-e8b7-432d-b565-df268a009d20;goldendog180;margie;hVz7bHFH;f90b70c515a1c12a782bcfd1eb9b4a23;f8651ffaa6662dca03a890c93da38b2ce5b1cc8a;df8e69a77c62d544224c266e7b4c3f67b9d2c85e0a5133d9cddd6eac4e2bfed5;08/24/1982;41;2019-11-17 18:39:48;4;05-07-69-03-01;06-80-61-15-34;INSEE;2820771382332 36;https://randomuser.me/api/portraits/women/17.jpg;https://randomuser.me/api/portraits/med/women/17.jpg;https://randomuser.me/api/portraits/thumb/women/17.jpg;FR;28;2024-05-20 14:36:37.769849
female;miss;Victoria;Lecomte;1618;Rue Pasteur;Boulogne-Billancourt;Finistère;France;26680;-20.0132;171.3137;+3:00;Baghdad, Riyadh, Moscow, St. Petersburg;victoria.lecomte@example.com;b6ab5ddf-c09b-4189-9864-a7ba7ab02324;goldentiger270;smile1;llwGKqbQ;1a80b3a364f0498a03fb4bf73bd1033a;57e6a0e170aceb03df8b13d8a4b8ce3ad6b25a37;7b81fc8e2107c19ec02ff0e0e709055527eafca8157945ded098080ffb0e7653;02/18/1981;43;2009-10-17 22:20:01;14;03-16-78-97-09;06-66-86-86-21;INSEE;2810187639982 24;https://randomuser.me/api/portraits/women/20.jpg;https://randomuser.me/api/portraits/med/women/20.jpg;https://randomuser.me/api/portraits/thumb/women/20.jpg;FR;49;2024-05-20 14:36:37.769849
male;mister;Alessio;Vidal;3966;Rue Dumenge;Tours;Meuse;France;86900;-66.8139;-115.3933;+9:30;Adelaide, Darwin;alessio.vidal@example.com;599ee8db-9d57-467a-84ef-83fa67fc130a;organiccat154;gordon;M3hFp4Bp;a3935fbcbdf3582c7529eb849f94bac7;a71d4525b388119ba5ab0388731635c1a7ebc737;42f0f20c4ce6a4199d1938b661e2e0033ec762dfec49f20c511c50bb33408f7c;07/18/1982;41;2003-08-16 14:05:35;20;02-32-25-55-82;06-05-37-51-09;INSEE;1820685751060 49;https://randomuser.me/api/portraits/men/65.jpg;https://randomuser.me/api/portraits/med/men/65.jpg;https://randomuser.me/api/portraits/thumb/men/65.jpg;FR;256;2024-05-20 14:36:37.770886
female;Miss;Amandine;Marchand;8573;Rue de la Fontaine;Tourcoing;Puy-de-Dôme;France;97024;17.7991;169.2656;-10:00;Hawaii;amandine.marchand@example.com;bee7f990-2371-481a-b312-de0f13ccfeb5;happydog732;1977;T7KwWZ9j;fbe9d8f16b06debf97532ecb0ea7d79b;48f05f0c47ce2d9ac18332b385cda9a14def59cf;b35ab75b1329c7c6a9f46ab614ebc4c551590202c730e2bb60316c762e2260a4;03/29/1986;38;2017-03-18 16:02:14;7;04-77-04-99-05;06-67-29-67-75;INSEE;2860223013088 51;https://randomuser.me/api/portraits/women/49.jpg;https://randomuser.me/api/portraits/med/women/49.jpg;https://randomuser.me/api/portraits/thumb/women/49.jpg;FR;262;2024-05-20 14:36:37.770886
female;miss;Marine;Fernandez;6603;Avenue Vauban;Colombes;Allier;France;19010;-50.323;87.1056;+4:00;Abu Dhabi, Muscat, Baku, Tbilisi;marine.fernandez@example.com;7548ac00-21a7-4d3d-a659-4caff4bcebf0;crazybird771;volley;JDBjtbYV;a102eafdc96c214c635dddf2bd761402;3960b03b84468465baf650b2af7942b684a547c5;cbb6361e9cf518944eb0a55b373bdbcb2a48227bab519ff860c225504f444d64;08/01/1983;40;2015-10-11 09:43:59;8;01-11-79-12-37;06-11-33-76-88;INSEE;2830716215992 02;https://randomuser.me/api/portraits/women/78.jpg;https://randomuser.me/api/portraits/med/women/78.jpg;https://randomuser.me/api/portraits/thumb/women/78.jpg;FR;475;2024-05-20 14:36:37.770886
male;mister;Lohan;Lecomte;3424;Avenue Debourg;Dunkerque;Alpes-Maritimes;France;75858;-2.6094;-130.5422;-7:00;Mountain Time (US & Canada);lohan.lecomte@example.com;bc1a511f-ee97-4e08-bea4-481586fad812;greenkoala954;herbie;47gz188j;4b00ddbb91b9ab391689aa575afb85d4;0b56cb5fcf51de09658f4bd5cf8164f080b84906;5e4a65d2399aa82b30fbc7968075d1585ad4703297f198f83cf87de77e6e483a;06/01/1981;42;2022-01-27 06:19:38;2;03-45-52-81-86;06-27-73-54-57;INSEE;1810494205730 13;https://randomuser.me/api/portraits/men/52.jpg;https://randomuser.me/api/portraits/med/men/52.jpg;https://randomuser.me/api/portraits/thumb/men/52.jpg;FR;721;2024-05-20 14:36:37.771920
male;mister;Hector;Jean;7010;Rue André-Gide;Asnières-sur-Seine;Tarn-et-Garonne;France;75591;70.5222;-64.933;+4:30;Kabul;hector.jean@example.com;6c75ab4a-9568-402e-81a2-4d89a3ec3284;ticklishgorilla347;base;cJWGv2Db;fca8bcfa4645ee9df9e7cc7a84d786e4;947e8b3f6d4dc5712f5c23fbafed1ccc67348a5e;a83bb4a605813c0b29f213bb5eb5e227f24e9d968e78010b98b62dceca9eaf37;06/13/1985;38;2006-01-11 08:30:57;18;02-03-46-30-23;06-29-08-98-85;INSEE;1850522295448 38;https://randomuser.me/api/portraits/men/50.jpg;https://randomuser.me/api/portraits/med/men/50.jpg;https://randomuser.me/api/portraits/thumb/men/50.jpg;FR;757;2024-05-20 14:36:37.771920
