gender;name.title;name.first;name.last;location.street.number;location.street.name;location.city;location.state;location.country;location.postcode;location.coordinates.latitude;location.coordinates.longitude;location.timezone.offset;location.timezone.description;email;login.uuid;login.username;login.password;login.salt;login.md5;login.sha1;login.sha256;dob.date;dob.age;registered.date;registered.age;phone;cell;id.name;id.value;picture.large;picture.medium;picture.thumbnail;nat;global_index;current_time
male;mister;Çetin;Yorulmaz;1901;Tunalı Hilmi Cd;Elazığ;Kırıkkale;Turkey;57146;32.6247;-167.1101;-7:00;Mountain Time (US & Canada);cetin.yorulmaz@example.com;99a5cdc1-310b-4e6c-b0e0-a99aa24fb2af;orangesnake942;groups;vg3RuxNc;297c6ece77a99f65bd2e8540198d69ec;a70a217f8e732eaf6ed2207bd6d1b6040fd1b444;d04dfcec4cf1ccbfa64b50ba06cbea927529d352c7c8e1ed585a4b8ac9f2d4b4;02/05/1966;58;2014-10-15 05:47:41;9;(583)-517-8020;(009)-621-6949;;;https://randomuser.me/api/portraits/men/60.jpg;https://randomuser.me/api/portraits/med/men/60.jpg;https://randomuser.me/api/portraits/thumb/men/60.jpg;TR;50;2024-05-20 14:36:37.769849
female;miss;Ceylan;Çatalbaş;2489;Necatibey Cd;Kastamonu;Bayburt;Turkey;21814;60.0467;167.6118;+10:00;Eastern Australia, Guam, Vladivostok;ceylan.catalbas@example.com;93e89834-8d01-4318-b141-f4002cf22132;happydog706;draco;fvTGz5kf;0413626681dfa3670378370cd36c420e;a383fc4075e194fb3f16936cb3f370e07c1fbc2c;ffe9d20e6e541f62bbcbe93d835bb72c8f7e3c940a502cd26b3d5ce772ca8565;07/23/1963;60;2019-12-14 06:29:17;4;(455)-539-1277;(459)-837-8154;;;https://randomuser.me/api/portraits/women/0.jpg;https://randomuser.me/api/portraits/med/women/0.jpg;https://randomuser.me/api/portraits/thumb/women/0.jpg;TR;130;2024-05-20 14:36:37.769849
female;miss;Afşar;Gürmen;9727;Istiklal Cd;Ardahan;Gümüşhane;Turkey;23786;-75.8004;131.3591;+10:00;Eastern Australia, Guam, Vladivostok;afsar.gurmen@example.com;96f7ec77-e4ba-43d5-a47c-8251fc92fd6b;silverostrich497;saigon;Z0YeeN8E;aa9981dc80f3b4541fdec81262626eb3;8d6bc75a5e0fb754fe349f940e4705154ff3eaa3;a7d2c8f937a136a85e6553c62d98e3234b987e56bee5b1a6745e7b0378443fd8;10/25/1968;55;2011-08-14 03:10:14;12;(286)-298-7282;(774)-104-3589;;;https://randomuser.me/api/portraits/women/67.jpg;https://randomuser.me/api/portraits/med/women/67.jpg;https://randomuser.me/api/portraits/thumb/women/67.jpg;TR;192;2024-05-20 14:36:37.770886
female;miss;Ceyhan;Beşok;2190;Necatibey Cd;Bilecik;Zonguldak;Turkey;53600;-46.4949;149.9221;-3:00;Brazil, Buenos Aires, Georgetown;ceyhan.besok@example.com;d8c0a58c-55f0-4bd1-94b5-6584a47f4f7a;tinymeercat887;whatwhat;PHux6dlK;0e7f523c3fe957693ed993c9c0e38530;dabb663f901cb098313790a483cee053dbadd00f;9ce5ad345e1a6bf249046bc639324c92979cf14c3861c784c7018e5eda21335b;10/17/1965;58;2017-03-13 21:35:26;7;(337)-607-7954;(739)-858-3672;;;https://randomuser.me/api/portraits/women/60.jpg;https://randomuser.me/api/portraits/med/women/60.jpg;https://randomuser.me/api/portraits/thumb/women/60.jpg;TR;299;2024-05-20 14:36:37.770886
female;missis;Ece;Erez;2131;Filistin Cd;Çorum;Eskişehir;Turkey;21760;-46.2868;-6.5492;-3:00;Brazil, Buenos Aires, Georgetown;ece.erez@example.com;9d3e5f08-61b9-46e9-9c3d-8d76c31e1689;blackcat111;catwoman;JXRnRD82;4cad5ce71dc0c291ef57089382291ffa;9341dc32b0c7c489866b83690b5d82430b1c1df2;86e46b9addc7e3899beb8554982c9ccd9dc79bde82bd5fa2c80b2794439366f3;09/27/1962;61;2014-07-01 23:06:51;9;(889)-319-6326;(500)-463-9248;;;https://randomuser.me/api/portraits/women/88.jpg;https://randomuser.me/api/portraits/med/women/88.jpg;https://randomuser.me/api/portraits/thumb/women/88.jpg;TR;346;2024-05-20 14:36:37.770886
female;miss;Oya;Babacan;395;Necatibey Cd;Elazığ;Bursa;Turkey;29730;-22.4109;-25.9654;+3:30;Tehran;oya.babacan@example.com;0abb6b4d-26f7-4584-b90d-1d720c504aa8;silverpeacock585;asdfghjk;0qyvKBj8;45fbf2dbd811e55f14a813e229479021;b6cb9a53b6db15cb83cb8e84c3cba67df34a4852;947659c1d2fa6b4bd5437cfef8dcfb6f269bd683fb6120b977f6f32676f33170;05/27/1967;56;2010-08-13 13:20:50;13;(315)-571-9160;(344)-479-7783;;;https://randomuser.me/api/portraits/women/28.jpg;https://randomuser.me/api/portraits/med/women/28.jpg;https://randomuser.me/api/portraits/thumb/women/28.jpg;TR;353;2024-05-20 14:36:37.770886
male;mister;Efe;Adal;2987;Fatih Sultan Mehmet Cd;Sinop;Artvin;Turkey;71841;-21.5188;32.4876;-5:00;Eastern Time (US & Canada), Bogota, Lima;efe.adal@example.com;1759b709-634a-4a6b-b4d8-6f096aab9448;greenswan957;catalina;OTb9FfFk;6cd10b7ea5ed7d3c019b3ef7d30c16cb;efa5dbf0b827ad7f6a0d6166059e728f482e39f7;4c7374de31822a4e8825968c1518bdf88e61857bbfe46a746d945deee0386b25;12/10/1960;63;2009-10-02 09:55:41;14;(550)-722-8356;(207)-938-5202;;;https://randomuser.me/api/portraits/men/73.jpg;https://randomuser.me/api/portraits/med/men/73.jpg;https://randomuser.me/api/portraits/thumb/men/73.jpg;TR;379;2024-05-20 14:36:37.770886
