gender;name.title;name.first;name.last;location.street.number;location.street.name;location.city;location.state;location.country;location.postcode;location.coordinates.latitude;location.coordinates.longitude;location.timezone.offset;location.timezone.description;email;login.uuid;login.username;login.password;login.salt;login.md5;login.sha1;login.sha256;dob.date;dob.age;registered.date;registered.age;phone;cell;id.name;id.value;picture.large;picture.medium;picture.thumbnail;nat;global_index;current_time
male;mister;Aleksi;Salo;477;Korkeavuorenkatu;Pedersöre;Northern Ostrobothnia;Finland;54297;-24.9811;-41.7301;+3:30;Tehran;aleksi.salo@example.com;ca09ed53-e350-490d-89f6-00bf5b43e0da;goldenmeercat860;kennedy;3FwFEFiN;521b5944c7914f72a06ef08c8cc7aee8;8ee181372aa16b82a852f1f07ea392feef16749e;851668eb342953b7fbdc7dd711baa46128048ddcbb1b6d7dfdaedabbc5ab90ef;08/11/1997;26;2002-11-16 16:22:09;21;03-393-528;048-621-53-39;HETU;NaNNA221undefined;https://randomuser.me/api/portraits/men/2.jpg;https://randomuser.me/api/portraits/med/men/2.jpg;https://randomuser.me/api/portraits/thumb/men/2.jpg;FI;207;2024-05-20 14:36:37.770886
female;Miss;Ella;Pietila;4509;Rotuaari;Pieksämäki;Central Ostrobothnia;Finland;17324;-83.633;154.5957;-5:00;Eastern Time (US & Canada), Bogota, Lima;ella.pietila@example.com;7053beff-71c7-4b0b-89e1-fd152a7139ab;greenwolf151;monica;3HneRYJ7;3edc90f610934123b7d40546242305d6;167094b31676eb6447e8d4b2e37216ff4815a334;732b2e79eb2cdd353abcfb163b40e0b4cf7728c732f64b17c07f030673a3a946;06/06/1992;31;2008-06-04 10:01:51;15;03-140-380;040-133-25-47;HETU;NaNNA686undefined;https://randomuser.me/api/portraits/women/30.jpg;https://randomuser.me/api/portraits/med/women/30.jpg;https://randomuser.me/api/portraits/thumb/women/30.jpg;FI;277;2024-05-20 14:36:37.770886
female;missis;Linnea;Ramo;900;Hermiankatu;Salo;Lapland;Finland;67298;42.1243;42.9136;-7:00;Mountain Time (US & Canada);linnea.ramo@example.com;aacb482f-67f1-447e-ab26-b08112ad5195;sadrabbit874;nimrod;LZgPmJl4;d745ea7de7315ec354a11270495f321e;d052db57e957cb7beb0c4e45a4511b4dc016d47d;94627eb2497930b1f1e03363d1f2aaa9f6afff269721d1d6580be8935e20c99d;12/23/1992;31;2018-09-09 08:02:57;5;04-715-060;049-827-69-96;HETU;NaNNA640undefined;https://randomuser.me/api/portraits/women/8.jpg;https://randomuser.me/api/portraits/med/women/8.jpg;https://randomuser.me/api/portraits/thumb/women/8.jpg;FI;292;2024-05-20 14:36:37.770886
male;mister;Toivo;Savela;8745;Hämeenkatu;Pyhäranta;Central Ostrobothnia;Finland;70541;-78.2851;43.5701;-8:00;Pacific Time (US & Canada);toivo.savela@example.com;2797047b-acdb-4e78-add0-4582f23675aa;beautifulgorilla578;doris;mOELTHak;57f9d1f99ad4b76a0a3813172e85dfda;9c084db95e7adc72934b49a2e7b57654e9a695ce;36c7943aa45ad6758dda8b7af041c8bd9d2e717d4ca361c97fae673e94fd761a;06/03/1994;29;2019-10-13 12:13:27;4;02-996-021;049-068-69-38;HETU;NaNNA735undefined;https://randomuser.me/api/portraits/men/49.jpg;https://randomuser.me/api/portraits/med/men/49.jpg;https://randomuser.me/api/portraits/thumb/men/49.jpg;FI;504;2024-05-20 14:36:37.770886
male;mister;Vilho;Ketola;2964;Suvantokatu;Reisjärvi;Uusimaa;Finland;29608;71.0077;134.6796;+2:00;Kaliningrad, South Africa;vilho.ketola@example.com;dccb0e3a-0141-4d3b-ae4a-fbed1034d6a3;organiccat400;welder;RohM36dd;eb8c78f420e2cd0dd6390a1ef2274f6e;3cc04024a36dcd8f16ab12e9ba743b19d19b0c94;a104db4ceca000db24938fb1d27c51ce06422d4d050640acbe8a154e93594433;01/19/1995;29;2004-02-22 06:06:25;20;05-648-406;048-604-84-99;HETU;NaNNA277undefined;https://randomuser.me/api/portraits/men/29.jpg;https://randomuser.me/api/portraits/med/men/29.jpg;https://randomuser.me/api/portraits/thumb/men/29.jpg;FI;733;2024-05-20 14:36:37.771920
male;mister;Samu;Polon;6440;Otavalankatu;Lempäälä;Päijät-Häme;Finland;14969;39.6599;-25.3067;-1:00;Azores, Cape Verde Islands;samu.polon@example.com;3aa4921d-1906-4c7c-ac73-be75b0eb2497;tinyzebra346;kingdom;LsddrIsU;4cd18407198b1e33077cf621308757d3;fa87f4a3ebb1bf65f2a3732e82e4dac6a8f679eb;167a159c7678b738f735ca55b7c32c1b42e3278667e030bb90fb665dd9074cdb;02/28/1998;26;2004-08-16 20:59:17;19;06-746-237;041-368-79-11;HETU;NaNNA949undefined;https://randomuser.me/api/portraits/men/68.jpg;https://randomuser.me/api/portraits/med/men/68.jpg;https://randomuser.me/api/portraits/thumb/men/68.jpg;FI;821;2024-05-20 14:36:37.771920
male;mister;Oliver;Saksa;5182;Hämeentie;Ilmajoki;Central Ostrobothnia;Finland;54272;-23.6987;-17.8586;0:00;Western Europe Time, London, Lisbon, Casablanca;oliver.saksa@example.com;435b3e4b-fcb9-4cbc-aa4b-d883fc3ea910;sadmeercat200;coolman;o4nNF39h;111b298d47297710ea46c8e4058b2fec;c26c145408eb52b3f1aebcca32732728f0869c9b;c466788fbe55b6c2f25a55202a56797b26f1ab3bacea1564962c6ec14424a2ad;02/11/1990;34;2021-02-10 17:54:04;3;05-771-722;042-727-47-32;HETU;NaNNA487undefined;https://randomuser.me/api/portraits/men/2.jpg;https://randomuser.me/api/portraits/med/men/2.jpg;https://randomuser.me/api/portraits/thumb/men/2.jpg;FI;830;2024-05-20 14:36:37.771920
male;mister;Onni;Huhtala;6145;Aleksanterinkatu;Keminmaa;Åland;Finland;42764;43.8546;7.6669;-9:00;Alaska;onni.huhtala@example.com;963fdca0-777b-43ac-9c20-8b51ae6afde0;silversnake390;chuckie;cCeh4mYE;371b615ac1046628c21497cccdda0880;dddf133424cdd46bde75bb687f83b7760b0a5bec;a9c307f4f7a820d5836d52798b265a6254ee20a1075b4bfa3ec0c2fd172823bd;04/28/1995;29;2010-10-07 05:23:28;13;06-804-808;040-200-50-53;HETU;NaNNA061undefined;https://randomuser.me/api/portraits/men/65.jpg;https://randomuser.me/api/portraits/med/men/65.jpg;https://randomuser.me/api/portraits/thumb/men/65.jpg;FI;952;2024-05-20 14:36:37.771920
male;mister;Aapo;Neva;1708;Pyynikintie;Vimpeli;Ostrobothnia;Finland;11683;20.0049;-132.8486;-12:00;Eniwetok, Kwajalein;aapo.neva@example.com;9f1b6883-0525-4e1b-b89e-ceebbfd3bb07;angryleopard714;stoned;m1pOuMQm;8375732d4563d3983e2f959ece05e7e3;2bbf8dd52b554e4597adae513d85f2ff839ddfed;4b493c16f2a88ead6f9acea832ac6e710d560f9577af8788af730d02c5f923f9;12/22/1991;32;2014-03-29 06:32:37;10;05-159-872;044-433-00-69;HETU;NaNNA983undefined;https://randomuser.me/api/portraits/men/84.jpg;https://randomuser.me/api/portraits/med/men/84.jpg;https://randomuser.me/api/portraits/thumb/men/84.jpg;FI;987;2024-05-20 14:36:37.771920
