gender;name.title;name.first;name.last;location.street.number;location.street.name;location.city;location.state;location.country;location.postcode;location.coordinates.latitude;location.coordinates.longitude;location.timezone.offset;location.timezone.description;email;login.uuid;login.username;login.password;login.salt;login.md5;login.sha1;login.sha256;dob.date;dob.age;registered.date;registered.age;phone;cell;id.name;id.value;picture.large;picture.medium;picture.thumbnail;nat;global_index;current_time
female;Miss;Neea;Rajala;3988;Tehtaankatu;Jämijärvi;Finland Proper;Finland;20986;10.6866;-11.0398;+3:30;Tehran;neea.rajala@example.com;af27637e-2fce-4c6b-95ee-c6b13d1d74c5;goldenbear897;forrest;l8dI7AE7;34ca9cc846aa7eb5e7977ee704a1513e;999a8938b46e02fb4ef75603a431ac2ab4f57243;1b3f4aee78bdbdd57564c8441e530926bb8cfdf729ebc61c25166ad32ab1193c;04/26/1965;59;2012-11-20 21:11:03;11;02-715-679;041-433-28-67;HETU;NaNNA414undefined;https://randomuser.me/api/portraits/women/49.jpg;https://randomuser.me/api/portraits/med/women/49.jpg;https://randomuser.me/api/portraits/thumb/women/49.jpg;FI;55;2024-05-20 14:36:37.769849
male;mister;Väinö;Maki;6736;Nordenskiöldinkatu;Kiiminki;Central Finland;Finland;28582;16.2327;-87.7772;+11:00;Magadan, Solomon Islands, New Caledonia;vaino.maki@example.com;57d249b9-1e55-41f1-a3f4-c3f41e2a148d;ticklishfrog377;freak;WJsxSueg;1aa7a6c2333e952b5cfa1c7b1ba3f2f8;38c2a7576a324329c861169e9306a37e811139db;05635274c73bc5cb7e6b2e96f5a8827fc1f8db09f21208cdef112dbe1a907d54;08/10/1965;58;2005-02-18 16:29:22;19;03-797-404;047-087-59-67;HETU;NaNNA965undefined;https://randomuser.me/api/portraits/men/94.jpg;https://randomuser.me/api/portraits/med/men/94.jpg;https://randomuser.me/api/portraits/thumb/men/94.jpg;FI;303;2024-05-20 14:36:37.770886
male;mister;Väinö;Keto;4914;Verkatehtaankatu;Nummi;North Karelia;Finland;21494;-81.3452;165.2482;+5:00;Ekaterinburg, Islamabad, Karachi, Tashkent;vaino.keto@example.com;e42dab61-9763-4534-b74f-dc66b00eb9dc;beautifulzebra826;1226;APTg8yv8;a36096fa3f962b612b1e7bce500a5640;07134159bd33f8d39bd19ea0c8c9b33a08443525;562222f44f0b226fa3078f39aefca06a018a0e6abf3abf30652b360fb32207ff;11/11/1968;55;2010-03-02 19:51:02;14;03-609-862;044-107-81-95;HETU;NaNNA615undefined;https://randomuser.me/api/portraits/men/51.jpg;https://randomuser.me/api/portraits/med/men/51.jpg;https://randomuser.me/api/portraits/thumb/men/51.jpg;FI;376;2024-05-20 14:36:37.770886
female;Miss;Emmi;Luoma;8953;Mannerheimintie;Haukipudas;South Karelia;Finland;81286;-41.354;-139.6932;-3:30;Newfoundland;emmi.luoma@example.com;c4c4339e-f350-4f9c-97c5-0c80ebfef21d;angrybutterfly498;bookworm;9nWgnqrL;d259ee4daabe3a5bb8ad853bdf3008c6;7566e7562121b938df819e0769e738a957517dcb;4478e4151e03aedefa0e5338e68b459f085330da5e5b43defe929bd0bdb71ad3;05/17/1961;63;2019-02-13 09:13:08;5;08-397-124;046-627-30-62;HETU;NaNNA826undefined;https://randomuser.me/api/portraits/women/42.jpg;https://randomuser.me/api/portraits/med/women/42.jpg;https://randomuser.me/api/portraits/thumb/women/42.jpg;FI;541;2024-05-20 14:36:37.770886
male;mister;Eemeli;Pesola;6184;Hämeentie;Eurajoki;Pirkanmaa;Finland;52092;-3.5302;16.3595;+9:00;Tokyo, Seoul, Osaka, Sapporo, Yakutsk;eemeli.pesola@example.com;e68bc834-1786-4e9c-bf0a-8faf5ca9835d;whitefish545;marcius2;ttz79lrH;c82f098ae5e42c1c170f6d3fa168e226;aeeb76df9c9b063579261b0804a4fb27eb3b6a11;9cc98a820b1f61361d617ea96b3a0dba259222853e702a8e693344724cc21da4;05/02/1964;60;2009-07-09 10:14:22;14;04-629-075;041-840-63-72;HETU;NaNNA467undefined;https://randomuser.me/api/portraits/men/62.jpg;https://randomuser.me/api/portraits/med/men/62.jpg;https://randomuser.me/api/portraits/thumb/men/62.jpg;FI;599;2024-05-20 14:36:37.770886
male;mister;Roope;Lassila;6967;Siilitie;Savukoski;Kainuu;Finland;84229;88.428;54.5421;-1:00;Azores, Cape Verde Islands;roope.lassila@example.com;7c32742c-acf6-4dcc-a010-c968001e1069;orangewolf599;paul;vWkSCrXg;05e94006a90b2db66394b8432c9b9be8;213c0349dd5979f372d7994c54d8edd021f4d259;f72a13a7937f0b70dd6068da637262c4e46d9a23a07e65c6bcc286c014122356;07/22/1967;56;2012-03-01 16:21:00;12;08-096-579;042-973-98-82;HETU;NaNNA863undefined;https://randomuser.me/api/portraits/men/27.jpg;https://randomuser.me/api/portraits/med/men/27.jpg;https://randomuser.me/api/portraits/thumb/men/27.jpg;FI;662;2024-05-20 14:36:37.770886
male;mister;Viljami;Heikkila;4153;Pyynikintie;Karjalohja;Southern Savonia;Finland;33740;56.9876;-102.3386;-5:00;Eastern Time (US & Canada), Bogota, Lima;viljami.heikkila@example.com;649e3564-05b3-4a92-a95d-bb1e3e865b68;reddog812;firefire;SmS6ukfQ;8d9ebff3557d00831204e83bce719e30;c0b0c24e6aaa743f05fc326acc63a9844338c20d;44fa9e4c04431e35cac7f785b7340be485b2a43af95b2af703c61d92e44ceb6f;12/31/1964;59;2006-01-24 10:33:36;18;02-311-546;042-143-47-91;HETU;NaNNA583undefined;https://randomuser.me/api/portraits/men/7.jpg;https://randomuser.me/api/portraits/med/men/7.jpg;https://randomuser.me/api/portraits/thumb/men/7.jpg;FI;732;2024-05-20 14:36:37.771920
male;mister;Joel;Juntunen;7506;Bulevardi;Kajaani;Tavastia Proper;Finland;27457;78.4677;-80.3226;+4:30;Kabul;joel.juntunen@example.com;7e8cd34f-2d4b-42b1-a7df-1435cc48e61d;angryleopard559;goat;IBG9ALq6;2490ffac7e161c9bc02f65462e951827;796d8c41602197004b1dbd91088c79060957da6d;fa874fa82bb1bc866d86725b231749e0dd3aac26267130a546ade7c3a3e5676e;06/19/1967;56;2012-08-19 17:19:09;11;09-318-620;045-334-22-02;HETU;NaNNA233undefined;https://randomuser.me/api/portraits/men/55.jpg;https://randomuser.me/api/portraits/med/men/55.jpg;https://randomuser.me/api/portraits/thumb/men/55.jpg;FI;770;2024-05-20 14:36:37.771920
male;mister;Eeli;Rantanen;1067;Siilitie;Karijoki;Ostrobothnia;Finland;61268;-12.3528;125.2793;-5:00;Eastern Time (US & Canada), Bogota, Lima;eeli.rantanen@example.com;84d21bdc-6c2c-4b97-993d-ff24e44eacb4;purplepanda631;cherries;eg9CSmZJ;8983d5c8f10bb6c75a9526dfbbe5b396;8b1e00bd0b22367f81703a151ae734cbdd371cdf;edb6a252d467ea9dd5b423f8fcc7124e3ff01fb3a212125933ec4914ba275277;11/26/1967;56;2009-05-31 02:36:25;14;09-525-761;042-460-29-29;HETU;NaNNA451undefined;https://randomuser.me/api/portraits/men/84.jpg;https://randomuser.me/api/portraits/med/men/84.jpg;https://randomuser.me/api/portraits/thumb/men/84.jpg;FI;812;2024-05-20 14:36:37.771920
male;mister;Anton;Korpi;233;Hämeentie;Pori;Lapland;Finland;86247;22.1321;-147.2543;-7:00;Mountain Time (US & Canada);anton.korpi@example.com;77fa0343-74a6-43d8-ac3a-14318e3d1788;beautifulfish297;superb;EKqYEWO8;612f24c7167ae8376445d61e2bf4d130;5f4b390e723235ba30a817f023bd988eee329126;55a7c52499b3745d0285d24f43550ed2d88ecfaf62a9316c46e5185ea5f237e2;05/23/1964;59;2013-01-02 07:47:32;11;07-011-145;042-764-25-76;HETU;NaNNA767undefined;https://randomuser.me/api/portraits/men/84.jpg;https://randomuser.me/api/portraits/med/men/84.jpg;https://randomuser.me/api/portraits/thumb/men/84.jpg;FI;827;2024-05-20 14:36:37.771920
female;miss;Peppi;Kurtti;4791;Hatanpään Valtatie;Pedersöre;South Karelia;Finland;48858;-13.2581;28.9852;+4:30;Kabul;peppi.kurtti@example.com;67e92805-21f1-481c-853b-727b275cb377;organicgoose751;chivas;LyzsXhoA;c7c8d7479ace1558c4582f0e038b77ef;ce787344e495a1c859d2e9cb1887c5af784b4f3c;821478caed193284173b66172bff9f9eef86a31a756a69eb3f62957e3358d5e0;05/18/1964;60;2008-10-11 05:59:01;15;03-759-928;047-143-04-80;HETU;NaNNA256undefined;https://randomuser.me/api/portraits/women/89.jpg;https://randomuser.me/api/portraits/med/women/89.jpg;https://randomuser.me/api/portraits/thumb/women/89.jpg;FI;943;2024-05-20 14:36:37.771920
female;miss;Julia;Ahonen;5431;Satakennankatu;Saltvik;Åland;Finland;71230;-14.639;-103.8734;-8:00;Pacific Time (US & Canada);julia.ahonen@example.com;8eed3476-b54c-472e-898f-fd55b3e74d07;orangegorilla189;conner;tQU12olD;ea695647bcc12324d6e866e668e19487;fee779f9c15058bd5f66afa1f3e0849ac349294f;8a9c925b62bf4ad8015ae56f8654a7657c3820d32af4bbf1b82ab0dbac4f8ecd;07/27/1969;54;2019-07-10 17:58:11;4;02-972-949;045-447-09-78;HETU;NaNNA796undefined;https://randomuser.me/api/portraits/women/27.jpg;https://randomuser.me/api/portraits/med/women/27.jpg;https://randomuser.me/api/portraits/thumb/women/27.jpg;FI;988;2024-05-20 14:36:37.771920
