gender;name.title;name.first;name.last;location.street.number;location.street.name;location.city;location.state;location.country;location.postcode;location.coordinates.latitude;location.coordinates.longitude;location.timezone.offset;location.timezone.description;email;login.uuid;login.username;login.password;login.salt;login.md5;login.sha1;login.sha256;dob.date;dob.age;registered.date;registered.age;phone;cell;id.name;id.value;picture.large;picture.medium;picture.thumbnail;nat;global_index;current_time
female;missis;Waldtraut;Baumgarten;9986;Wiesenstraße;Iserlohn;Hamburg;Germany;21113;-39.6235;-76.3968;+4:30;Kabul;waldtraut.baumgarten@example.com;0df9716e-ca12-4408-b165-6e32be7c6152;orangezebra916;pointer;XhQ03c77;8f21acf4b96fda36112d418cc924e03d;c518e3852e2f1d20d0ff2bc6a09f405ad4db160d;61f37c2533b5ce8b974ab855273571a914af552a7c4a38c0e34e85d0d2a90eb4;05/08/1968;56;2003-03-21 08:07:45;21;0746-4964796;0170-0162435;SVNR;15 080568 B 763;https://randomuser.me/api/portraits/women/8.jpg;https://randomuser.me/api/portraits/med/women/8.jpg;https://randomuser.me/api/portraits/thumb/women/8.jpg;DE;197;2024-05-20 14:36:37.770886
male;mister;Ivo;Kloth;7733;Schützenstraße;Marktsteft;Sachsen-Anhalt;Germany;21859;-70.93;-178.3157;+9:30;Adelaide, Darwin;ivo.kloth@example.com;8d674592-41ac-487c-bea9-610359c001f0;tinykoala764;richie;PFVuj4mY;2e2ffbf1730288e0ecffe671d02f617f;ef4695f34538ecac8790d2dc6e85e98745f570b4;aecf8736bc72ef9443adefeae2dc7ea5ee89b510f8e434b6d5bba76d55bf6087;09/15/1968;55;2013-06-28 01:18:03;10;0317-0031173;0172-1204671;SVNR;02 140968 K 296;https://randomuser.me/api/portraits/men/55.jpg;https://randomuser.me/api/portraits/med/men/55.jpg;https://randomuser.me/api/portraits/thumb/men/55.jpg;DE;269;2024-05-20 14:36:37.770886
female;miss;Hannelore;Fitz;2428;Raiffeisenstraße;Havelsee;Bremen;Germany;15156;17.9011;-159.2997;+5:30;Bombay, Calcutta, Madras, New Delhi;hannelore.fitz@example.com;c0a7d704-9a41-4196-9c71-e8f5a9b3bc1c;tinyswan745;zhuan;CxVg6wuL;471f231c046de20f5af88a0e5570f91e;0d4ce9496ccc648fccd51a26b2b08ffb4b5bf847;0628be722b2fb64d35cd4b7bba7b252763832c426084635f54b5094a6ccebea6;06/26/1967;56;2004-10-03 16:55:26;19;0271-5991492;0171-9518121;SVNR;62 260667 F 577;https://randomuser.me/api/portraits/women/45.jpg;https://randomuser.me/api/portraits/med/women/45.jpg;https://randomuser.me/api/portraits/thumb/women/45.jpg;DE;275;2024-05-20 14:36:37.770886
female;Miss;Meike;Heck;7605;Finkenweg;Höchstädt an der Donau;Nordrhein-Westfalen;Germany;79239;-65.18;-165.5994;+4:30;Kabul;meike.heck@example.com;bfbd228e-899d-4ef0-84d8-95fea6fb437e;goldenwolf304;harrier;VKKTqaP7;5d7e3e8f56a05e0497cd8746a67de0f4;41f585595de54fc38085ea8f4e7d3623ccfbdd00;f2811fbaaa3da8aa91351c78fb0e7452ce328a35d0717ccae6b11c418f6cdc30;06/17/1969;54;2020-01-19 09:15:48;4;0161-5764386;0172-8057839;SVNR;48 170669 H 794;https://randomuser.me/api/portraits/women/78.jpg;https://randomuser.me/api/portraits/med/women/78.jpg;https://randomuser.me/api/portraits/thumb/women/78.jpg;DE;284;2024-05-20 14:36:37.770886
male;mister;Cemal;Plank;8635;Ahornweg;Crivitz;Brandenburg;Germany;23720;35.1097;15.0726;+4:30;Kabul;cemal.plank@example.com;46bc8c68-ea1a-4208-98af-22c770b8dbb9;greenlion945;opus;MdizWj0g;e56971961f7cffd9862d9d8c4d04420d;42fec0eb8859f48fd84a86d6b11d1973e20365c0;0270279d372757a0bdb1837307da58fe5dea751ea0708b2c0e9a7a804fc4f3a2;05/23/1962;61;2002-11-04 14:40:46;21;0147-8804336;0173-5234032;SVNR;77 230562 P 313;https://randomuser.me/api/portraits/men/97.jpg;https://randomuser.me/api/portraits/med/men/97.jpg;https://randomuser.me/api/portraits/thumb/men/97.jpg;DE;330;2024-05-20 14:36:37.770886
male;mister;Torben;Schmied;1977;Raiffeisenstraße;Iserlohn;Sachsen-Anhalt;Germany;17275;82.1751;116.8396;-4:00;Atlantic Time (Canada), Caracas, La Paz;torben.schmied@example.com;b3bb93bc-a9cb-4519-af1c-5c524b02250d;goldenleopard327;ming;WooozBRm;83455beb53328a58cec9965976dc2704;ccde51942b5879c453234c0d9b5581286e1006ea;f1bec8f90c1aaa06221f69d97bbaf975cef4c5e78000d9bb62e3fa3b0cfade2f;09/22/1962;61;2008-05-05 20:49:37;16;0383-2183373;0176-4333095;SVNR;46 220962 S 285;https://randomuser.me/api/portraits/men/23.jpg;https://randomuser.me/api/portraits/med/men/23.jpg;https://randomuser.me/api/portraits/thumb/men/23.jpg;DE;361;2024-05-20 14:36:37.770886
male;mister;Dominik;Lucht;1584;Schulstraße;Torgelow;Sachsen-Anhalt;Germany;57764;22.3148;16.4948;-7:00;Mountain Time (US & Canada);dominik.lucht@example.com;9c8a5b26-76b0-4366-a6a1-f222ff50638f;heavybutterfly720;stephen1;sWgIKQ6V;3fbd04cc70769f34d10145219f91d633;ffbdf7419b77442dcfe3dc0bee0b064539efaa51;f7dc5d6a9fc1a29aa56b1e216a2a1c0efdf26f4502a0b7fdde5e67767d39ab54;09/28/1962;61;2018-05-17 20:17:58;6;0102-1348435;0174-5148155;SVNR;66 280962 L 299;https://randomuser.me/api/portraits/men/80.jpg;https://randomuser.me/api/portraits/med/men/80.jpg;https://randomuser.me/api/portraits/thumb/men/80.jpg;DE;459;2024-05-20 14:36:37.770886
female;Miss;Margaretha;Peetz;8593;Dorfstraße;Rinteln;Bayern;Germany;22720;-18.3038;171.7407;+6:00;Almaty, Dhaka, Colombo;margaretha.peetz@example.com;714fa5d3-50f8-4226-b30b-fa5d13e3a90a;greentiger729;quebec;gS9MiE15;8a094d8f320b114156fe6b82e3bf6487;006796a5c69ea695892104c470c090ae85125df8;8bd7857066756d1207cc5539820ebf1c9860fa525d194a438f3338c989782e62;12/02/1968;55;2014-05-05 16:39:24;10;0766-5219574;0170-5829666;SVNR;53 021268 P 650;https://randomuser.me/api/portraits/women/7.jpg;https://randomuser.me/api/portraits/med/women/7.jpg;https://randomuser.me/api/portraits/thumb/women/7.jpg;DE;590;2024-05-20 14:36:37.770886
female;Miss;Isabella;Grüner;1131;Marktplatz;Greven;Sachsen-Anhalt;Germany;67715;34.4481;-17.3836;+2:00;Kaliningrad, South Africa;isabella.gruner@example.com;4f3dc386-2e3a-498c-84a8-5f10e8ecfc5a;brownladybug721;stallion;PflIy4HR;faf88cfc2d0ccf65d6d41bdde19830b6;cd5a7a24248fe6f118abe8c970ff18b093722a8c;0994580f2287340ea8912fb371a85616eed235b04e30972915dc4403fcff29bb;10/19/1967;56;2017-08-22 13:48:34;6;0250-6340677;0170-4720840;SVNR;39 191067 G 899;https://randomuser.me/api/portraits/women/36.jpg;https://randomuser.me/api/portraits/med/women/36.jpg;https://randomuser.me/api/portraits/thumb/women/36.jpg;DE;610;2024-05-20 14:36:37.770886
male;mister;Gottfried;Brose;7833;Parkstraße;Kirchheim Unter Teck;Bremen;Germany;21670;51.3903;112.118;+1:00;Brussels, Copenhagen, Madrid, Paris;gottfried.brose@example.com;284d95b0-3aab-47e6-bc80-96836070fbf9;beautifullion445;enters;Sw0QNx81;7301543680a8b369eeb107d262a6a76f;22317f0b7faa01c743c50cdb967697ce5fbf2c17;8341810fe781d62eef9155a492aa59fdb875f802c0f9cca4c0bbf4cc0d9d2ec9;11/20/1969;54;2009-12-25 13:36:08;14;0169-4241554;0173-4587280;SVNR;63 201169 B 282;https://randomuser.me/api/portraits/men/5.jpg;https://randomuser.me/api/portraits/med/men/5.jpg;https://randomuser.me/api/portraits/thumb/men/5.jpg;DE;679;2024-05-20 14:36:37.771920
female;Miss;Olav;Rohloff;8742;Tulpenweg;Reinheim;Hessen;Germany;59965;-61.3796;-166.3768;+4:00;Abu Dhabi, Muscat, Baku, Tbilisi;olav.rohloff@example.com;64d2d725-bc98-42e2-a0d6-d34612bf75ce;organicladybug687;0007;xaVgrKHD;457ec43bdd87ead0890f66c84ff83b2f;36dbf3e0e40a9e439dec3b30f2ba4671771d1f87;ea5e2bae57638163423ee64279ac8dfc822f79024d205337ae062ae63b137185;01/27/1963;61;2005-03-16 17:53:16;19;0966-5726206;0175-7868042;SVNR;72 270163 R 502;https://randomuser.me/api/portraits/women/93.jpg;https://randomuser.me/api/portraits/med/women/93.jpg;https://randomuser.me/api/portraits/thumb/women/93.jpg;DE;868;2024-05-20 14:36:37.771920
female;miss;Dunja;Behrens;2771;Jahnstraße;Röttingen;Berlin;Germany;68258;15.4567;-113.2427;+4:30;Kabul;dunja.behrens@example.com;d0587a09-6c10-45d4-83bb-93e6e6145506;purplebird430;hogtied;p7IOqvI6;f23880be8d73d912f1e8300229b96567;3eb66945a1f15c5dd5b11d33e71e0487866b91da;d2039e2af2109e9b0558e845d3c70f4f55a3315924aea0532a6d7eb43da95b96;08/15/1964;59;2010-07-04 17:52:43;13;0579-8183132;0174-3100381;SVNR;75 140864 B 762;https://randomuser.me/api/portraits/women/14.jpg;https://randomuser.me/api/portraits/med/women/14.jpg;https://randomuser.me/api/portraits/thumb/women/14.jpg;DE;912;2024-05-20 14:36:37.771920
