gender;name.title;name.first;name.last;location.street.number;location.street.name;location.city;location.state;location.country;location.postcode;location.coordinates.latitude;location.coordinates.longitude;location.timezone.offset;location.timezone.description;email;login.uuid;login.username;login.password;login.salt;login.md5;login.sha1;login.sha256;dob.date;dob.age;registered.date;registered.age;phone;cell;id.name;id.value;picture.large;picture.medium;picture.thumbnail;nat;global_index;current_time
male;mister;Mike;Boyd;7693;Washington Ave;Santa Ana;Michigan;United States;26196;11.7021;-156.6554;-8:00;Pacific Time (US & Canada);mike.boyd@example.com;d2c3ff60-c22f-4018-b8d7-366c6dd44d20;tinybear705;2580;guUasfMO;de5ec1f1d60e9b3de3b0e89beabc0218;44ec0cd15c5f75ad227e459c8b9cc3979f0fe918;9dee60d4f88733bfd0dad69a0f0de13c0d3f4e95d3639af662770a26bab990cc;04/01/1968;56;2002-08-20 12:49:44;21;(802) 556-6352;(362) 588-5171;SSN;887-17-5823;https://randomuser.me/api/portraits/men/17.jpg;https://randomuser.me/api/portraits/med/men/17.jpg;https://randomuser.me/api/portraits/thumb/men/17.jpg;US;160;2024-05-20 14:36:37.769849
female;Miss;Lesa;Carlson;2400;W Belt Line Rd;Eureka;South Carolina;United States;34925;75.9119;-66.115;-10:00;Hawaii;lesa.carlson@example.com;52a1bae5-c7fa-4b36-bbaf-41a57b140570;browngoose117;harry;cxPSXHvi;da0b766821cf384d3c6f93805176c249;64ffaf00e4a4e743c8bb3ec399b51b391ab0b576;b0ae8751ab33abe734b55b8882e51fdc31cad843ea526ae9ccb1d5abba7af022;02/07/1969;55;2015-09-10 00:28:10;8;(680) 929-6801;(904) 815-6780;SSN;402-54-0442;https://randomuser.me/api/portraits/women/64.jpg;https://randomuser.me/api/portraits/med/women/64.jpg;https://randomuser.me/api/portraits/thumb/women/64.jpg;US;205;2024-05-20 14:36:37.770886
male;mister;Brennan;Robertson;1060;Cherry St;Milwaukee;Indiana;United States;50496;-38.063;97.7431;-7:00;Mountain Time (US & Canada);brennan.robertson@example.com;41f03297-2d76-471c-8cfb-eda2f3c7b806;sadtiger224;warren;v7NCP1j1;b77a49bdb7a70028f6caafcb4e5ccbca;8a2350d8d8da81875e5d70131697f6818bede780;290087dfd282ac4ac9c7beb916fc2161dab92bab7e842ff2200851ddcc037d0d;01/06/1965;59;2010-10-13 13:55:42;13;(441) 202-8147;(799) 490-0265;SSN;687-42-4183;https://randomuser.me/api/portraits/men/15.jpg;https://randomuser.me/api/portraits/med/men/15.jpg;https://randomuser.me/api/portraits/thumb/men/15.jpg;US;216;2024-05-20 14:36:37.770886
female;miss;Ella;Fuller;6935;Lovers Ln;Visalia;Pennsylvania;United States;28168;18.5532;91.2367;+5:00;Ekaterinburg, Islamabad, Karachi, Tashkent;ella.fuller@example.com;9ad22f59-3f3e-4d4f-9868-9763fd8d8b30;beautifulladybug954;xxxxxx;0alXwH1L;a77fae773e683298510eb6f431fec902;46ff338dd9c7ca606612e6453e311c09458ccb11;d69ad69ef8e96de46e08ee23fa45e674aa82cb3ccfcac1488c1413663698908b;10/07/1968;55;2013-11-30 22:24:29;10;(216) 245-2823;(511) 789-5156;SSN;741-39-5333;https://randomuser.me/api/portraits/women/7.jpg;https://randomuser.me/api/portraits/med/women/7.jpg;https://randomuser.me/api/portraits/thumb/women/7.jpg;US;260;2024-05-20 14:36:37.770886
female;Miss;Lydia;Hoffman;3538;Spring Hill Rd;Bueblo;Idaho;United States;61419;69.596;-152.3252;+8:00;Beijing, Perth, Singapore, Hong Kong;lydia.hoffman@example.com;8ee767c5-a710-45b4-a086-b4e8fe15f962;whitebird367;nightwin;6cLisuoI;3c6e8ea30df9ab16e5c7ab79597bf062;852707ae20fe012f3e948c52950bfa499583f31f;ac2d914238ffbb81639995f9403a95f317417304d2302987a78348a340235d87;11/11/1965;58;2016-06-27 20:44:17;7;(688) 586-3737;(304) 704-8740;SSN;081-01-2948;https://randomuser.me/api/portraits/women/75.jpg;https://randomuser.me/api/portraits/med/women/75.jpg;https://randomuser.me/api/portraits/thumb/women/75.jpg;US;402;2024-05-20 14:36:37.770886
male;mister;Alberto;Weaver;890;Westheimer Rd;Scottsdale;Arkansas;United States;49753;75.0201;70.4972;+6:00;Almaty, Dhaka, Colombo;alberto.weaver@example.com;71d247f2-eecf-40f3-a508-83f76d61a5e9;goldenkoala373;brewer;muDEox3J;4585681886206fa62dc11ac2a0f748d7;aef1a07811d4480ab2bc04038781533988f4ffe8;aa4036265324ffda52d56cae65cd7534c99f0bbdb68817bb88c85b4117d00b93;06/17/1961;62;2011-07-16 01:25:39;12;(530) 466-0284;(819) 727-7099;SSN;126-35-3761;https://randomuser.me/api/portraits/men/92.jpg;https://randomuser.me/api/portraits/med/men/92.jpg;https://randomuser.me/api/portraits/thumb/men/92.jpg;US;673;2024-05-20 14:36:37.771920
female;missis;Harper;Collins;8261;Pecan Acres Ln;Desoto;West Virginia;United States;69927;-2.9646;172.0111;+10:00;Eastern Australia, Guam, Vladivostok;harper.collins@example.com;b9672b4b-2038-45cc-b551-86993fd4b8e6;bluesnake123;dogdog;BEEqa55R;c97c0229bbbe9a1eb5c781a61af79c19;96f9984cbb42162b951052794728189f349e5530;ad4c5e0ee99bbc7ced9006fe2ac5393bc7514b64bd205d79d2e6440303a6eb5b;01/11/1964;60;2007-10-21 01:00:56;16;(410) 550-1919;(776) 727-0603;SSN;403-05-2535;https://randomuser.me/api/portraits/women/35.jpg;https://randomuser.me/api/portraits/med/women/35.jpg;https://randomuser.me/api/portraits/thumb/women/35.jpg;US;718;2024-05-20 14:36:37.771920
female;miss;Vickie;Matthews;7652;Smokey Ln;Newport News;Alabama;United States;66140;37.3325;100.4687;-1:00;Azores, Cape Verde Islands;vickie.matthews@example.com;9de6da6c-5c30-46b1-bdc6-01d1033f7dea;bluetiger895;national;fzQ0NxS2;77a1db4b96a5b628e987c29f945e9dee;07078feea5ce1bb435324dc1c000f63096b9d213;263d57fe3418d0f6aca5e9f7b11f1c3999e19b119366f9e364555f5cf85cd2cd;08/23/1967;56;2014-04-01 07:49:36;10;(724) 938-3973;(728) 460-5754;SSN;608-19-6514;https://randomuser.me/api/portraits/women/27.jpg;https://randomuser.me/api/portraits/med/women/27.jpg;https://randomuser.me/api/portraits/thumb/women/27.jpg;US;789;2024-05-20 14:36:37.771920
male;mister;Fred;Hansen;8418;Daisy Dr;Huntsville;South Dakota;United States;16055;-37.7342;-49.6166;+7:00;Bangkok, Hanoi, Jakarta;fred.hansen@example.com;ebb66373-b973-4ef9-959a-9e4b2ecb12b4;tinycat462;dancer;6kuvXi5A;e921f38c43d873c70b50a3b73dabb841;edc9b17ee3d72ba3b06446179650c81c03863637;14ba05aa923bfb0163ac68f4db6619ce060428759209cac83f36ef07d0f443c0;05/29/1968;55;2012-02-21 20:04:03;12;(455) 433-9275;(207) 302-9048;SSN;786-30-0493;https://randomuser.me/api/portraits/men/25.jpg;https://randomuser.me/api/portraits/med/men/25.jpg;https://randomuser.me/api/portraits/thumb/men/25.jpg;US;798;2024-05-20 14:36:37.771920
