gender;name.title;name.first;name.last;location.street.number;location.street.name;location.city;location.state;location.country;location.postcode;location.coordinates.latitude;location.coordinates.longitude;location.timezone.offset;location.timezone.description;email;login.uuid;login.username;login.password;login.salt;login.md5;login.sha1;login.sha256;dob.date;dob.age;registered.date;registered.age;phone;cell;id.name;id.value;picture.large;picture.medium;picture.thumbnail;nat;global_index;current_time
male;mister;Petar;Jevtić;9127;Voćarska;Štrpce;Jablanica;Serbia;77106;-38.4614;168.6023;-9:00;Alaska;petar.jevtic@example.com;109c5e37-339d-49d3-ba70-365d7d93f092;smallfish823;kitty;MZDM0Myd;01daca23c0f3b052a6f6356a04973748;3e81df3474b01bb0a633a186f2b7339437abfd6e;6fb2d5093ace30f7a83848541dd83abd49b78902b2c61f0f39d5c32f61996824;04/15/1987;37;2015-11-27 06:44:54;8;014-4861-067;069-9193-577;SID;669340826;https://randomuser.me/api/portraits/men/86.jpg;https://randomuser.me/api/portraits/med/men/86.jpg;https://randomuser.me/api/portraits/thumb/men/86.jpg;RS;345;2024-05-20 14:36:37.770886
male;mister;Srećko;Šarić;6046;Aleksandra Mladenovića;Kučevo;South Banat;Serbia;79896;13.6274;-72.7376;+9:30;Adelaide, Darwin;srecko.saric@example.com;deb42955-f431-47ab-8762-bc4bb2194d97;tinyfrog441;dancing;u4JLJ5RN;b0a6f0ab5eeb90a6a5a141de758e6a6f;35cb6f91f9454c786f5ad0a1fcc932103640958d;9e54c2f71e27c2a91c4f0f52a45272e00035fd8ea4c703793dc332a5d2f811e2;05/05/1987;37;2011-12-17 12:29:06;12;026-2653-450;061-8706-128;SID;566297115;https://randomuser.me/api/portraits/men/34.jpg;https://randomuser.me/api/portraits/med/men/34.jpg;https://randomuser.me/api/portraits/thumb/men/34.jpg;RS;381;2024-05-20 14:36:37.770886
female;Miss;Maja;Bajević;878;Dimitrija Gerasimovića ;Kruševac;Braničevo;Serbia;47172;-63.167;-44.2581;-11:00;Midway Island, Samoa;maja.bajevic@example.com;3662d43c-faf2-4d17-ad2d-42f2fd868982;sadpanda236;devildog;AgvjcnDB;cfd54e292951c6ad5f7defc2c6811966;583bfe1c36411435e0fc85bcdb1387f300d9201e;882d26c8a841e6fe3ed7735413acd252b9af8cf385a22d7d9d918ddfc2f5112a;07/14/1986;37;2018-01-15 03:33:10;6;021-8227-656;067-0199-126;SID;692493064;https://randomuser.me/api/portraits/women/77.jpg;https://randomuser.me/api/portraits/med/women/77.jpg;https://randomuser.me/api/portraits/thumb/women/77.jpg;RS;566;2024-05-20 14:36:37.770886
female;Miss;Olga;Borjan;7485;Vranovačka;Bajina Bašta;Prizren;Serbia;78815;-83.9632;114.8609;+4:30;Kabul;olga.borjan@example.com;515cb42b-fb88-427b-95d5-a57bca955f38;organicgorilla951;gogo;VCLQgi7M;daa78f0223d40b41ffc04f35438c6aac;c95198dd8dc3e21116d666f7a74dc9e37388f9ea;49e9f8a611eeb9175d606168277697b0e9bc814b332c2ac593efce31f7a8ad09;06/05/1989;34;2020-05-08 01:33:19;4;030-1583-241;066-2495-074;SID;521529981;https://randomuser.me/api/portraits/women/30.jpg;https://randomuser.me/api/portraits/med/women/30.jpg;https://randomuser.me/api/portraits/thumb/women/30.jpg;RS;626;2024-05-20 14:36:37.770886
male;mister;Dejan;Jović;1920;Šumske Ekonomije;Rača;South Banat;Serbia;74579;-19.1976;23.8839;+8:00;Beijing, Perth, Singapore, Hong Kong;dejan.jovic@example.com;7eabc5ae-61f0-4b59-89ee-e92b373b4ac7;whitesnake966;ferrari1;uqRucRY4;f2f91acb07d0bc224495c6563e58861c;c2e3e3d159d6af18800a9b203d7e97441c9e78ba;6a661547d098796d2b0d82b8bd33c4709ac7bc4d8435a952abf04e0e78db4b48;05/06/1984;40;2018-03-22 10:15:19;6;038-5841-475;064-4238-159;SID;910379941;https://randomuser.me/api/portraits/men/65.jpg;https://randomuser.me/api/portraits/med/men/65.jpg;https://randomuser.me/api/portraits/thumb/men/65.jpg;RS;805;2024-05-20 14:36:37.771920
