gender;name.title;name.first;name.last;location.street.number;location.street.name;location.city;location.state;location.country;location.postcode;location.coordinates.latitude;location.coordinates.longitude;location.timezone.offset;location.timezone.description;email;login.uuid;login.username;login.password;login.salt;login.md5;login.sha1;login.sha256;dob.date;dob.age;registered.date;registered.age;phone;cell;id.name;id.value;picture.large;picture.medium;picture.thumbnail;nat;global_index;current_time
male;mister;Erol;Petzold;3066;Beethovenstraße;Waldsassen;Brandenburg;Germany;71706;-14.9907;156.7054;-3:30;Newfoundland;erol.petzold@example.com;cc91aef5-75ca-4976-a357-e780e3278b74;bluebird946;marisa;VRxgaIpX;31c150f13fc86c140c234a9f089d7308;61596c855b743b97977da044900a2bf0dcd550c2;287cb80a5c69925c98999fbcd931e99ec04eae687b0bf27efe746bf984b3b666;06/29/1976;47;2012-06-01 09:49:16;11;0125-5327674;0178-5483598;SVNR;12 290676 P 311;https://randomuser.me/api/portraits/men/71.jpg;https://randomuser.me/api/portraits/med/men/71.jpg;https://randomuser.me/api/portraits/thumb/men/71.jpg;DE;40;2024-05-20 14:36:37.769849
male;mister;Milos;Lüke;7079;Königsberger Straße;Bad Münstereifel;Sachsen-Anhalt;Germany;26112;76.2577;-92.5167;+6:00;Almaty, Dhaka, Colombo;milos.luke@example.com;0309da75-92cd-4568-a601-8d98def54f47;yellowbear196;blond;Vp09AaWk;07180ee0c4e31136a434f3b9b93e9059;11382668e5572204067569872ad264ff25cdbbac;1947c0b6ea13532671bde668a2826e1ea90414b4fdd80d7107df05bdb63f7535;03/18/1973;51;2006-08-29 18:30:42;17;0841-4374882;0173-8103533;SVNR;82 180373 L 036;https://randomuser.me/api/portraits/men/53.jpg;https://randomuser.me/api/portraits/med/men/53.jpg;https://randomuser.me/api/portraits/thumb/men/53.jpg;DE;82;2024-05-20 14:36:37.769849
female;missis;Camilla;Löw;7265;Raiffeisenstraße;Halberstadt;Niedersachsen;Germany;51825;31.8273;167.5685;-1:00;Azores, Cape Verde Islands;camilla.low@example.com;a478b7ac-f98a-4148-b1ee-9c89efa5ae07;purplerabbit286;chickens;ETpCTqXG;e6c5673bebda561e94e1ce1dfe2eff16;d0cb751c76049f803fbe394493a236ad6d3ecde8;67d4f48b36fb9917d5ef4913b40e2c39a8ef25469a08dccadad607ab7ce95f2d;11/19/1977;46;2015-07-17 08:28:12;8;0891-6257294;0176-6136096;SVNR;61 191177 L 574;https://randomuser.me/api/portraits/women/36.jpg;https://randomuser.me/api/portraits/med/women/36.jpg;https://randomuser.me/api/portraits/thumb/women/36.jpg;DE;449;2024-05-20 14:36:37.770886
male;mister;Oscar;Kolberg;3292;Heideweg;Uecker-Randow;Bremen;Germany;32076;74.6883;92.7478;+6:00;Almaty, Dhaka, Colombo;oscar.kolberg@example.com;6b84df7e-b64b-4b6a-94c3-8755d665d36c;greenrabbit554;bigtime;mLe09s0n;9eb890e3fd449d019fba8cc2c87775a0;5a7fb1c5c962ebf4630f73e6db148524d08f0f67;f3701ae3673d2f5e304aef8bdad54e44d0de235ec20eda40e8f4a30f107c5806;07/07/1978;45;2016-11-10 01:04:12;7;0455-5494915;0177-2060013;SVNR;79 070778 K 098;https://randomuser.me/api/portraits/men/86.jpg;https://randomuser.me/api/portraits/med/men/86.jpg;https://randomuser.me/api/portraits/thumb/men/86.jpg;DE;747;2024-05-20 14:36:37.771920
male;mister;Bela;Bangert;8900;Am Sportplatz;Hildesheim;Sachsen;Germany;75112;-36.4769;-94.713;0:00;Western Europe Time, London, Lisbon, Casablanca;bela.bangert@example.com;8c544404-0abf-4ac8-8909-6822ef3bdb22;organicgoose357;spoons;6VOVqg3n;491602615f26c134b3d4b59415a41c19;6966d40e730e2aa740310ca0e165d7ac9058a84b;eab911ebbe24fd445dc07b17904758af58181f8c599ae669e6f8eace9b615936;10/20/1979;44;2012-12-13 11:33:40;11;0832-2080632;0175-3128070;SVNR;70 201079 B 483;https://randomuser.me/api/portraits/men/15.jpg;https://randomuser.me/api/portraits/med/men/15.jpg;https://randomuser.me/api/portraits/thumb/men/15.jpg;DE;758;2024-05-20 14:36:37.771920
male;mister;Klaus;Tewes;4260;Kiefernweg;Osterburken;Niedersachsen;Germany;89877;-63.4068;92.6821;+11:00;Magadan, Solomon Islands, New Caledonia;klaus.tewes@example.com;699094e6-9865-4d90-a7d8-b3380c05b0f1;goldenmeercat366;dolphin1;AEeWBiKO;df26474dce1f0dd43d8f773622368e86;7402b4ad9feb97d1980e2dc8e22fc3e03b0ed023;011c6ffdb4990e82ad2e917e37e3faf229c71dc74cc8ecf317602b30deeed7ee;09/30/1973;50;2012-06-03 19:26:13;11;0821-1653139;0173-1277053;SVNR;77 300973 T 315;https://randomuser.me/api/portraits/men/92.jpg;https://randomuser.me/api/portraits/med/men/92.jpg;https://randomuser.me/api/portraits/thumb/men/92.jpg;DE;800;2024-05-20 14:36:37.771920
female;missis;Sophie;Leder;7246;Breslauer Straße;Tharandt;Bremen;Germany;10102;-12.2405;120.6543;+9:30;Adelaide, Darwin;sophie.leder@example.com;3714236d-2a48-4799-b7ff-463d1b0c388f;bigduck331;draven;AuxWN54o;fc6014a85b1a15fe4241822db01946fb;2c03f6b88ace10918b204f5f8656f80cbcf10649;7eab95e09a41b7156353a88fbfb45b9cf42fb41967aededeab7581f3ff148692;05/27/1973;50;2005-03-25 09:27:28;19;0894-1740435;0172-2284567;SVNR;18 270573 L 654;https://randomuser.me/api/portraits/women/64.jpg;https://randomuser.me/api/portraits/med/women/64.jpg;https://randomuser.me/api/portraits/thumb/women/64.jpg;DE;882;2024-05-20 14:36:37.771920
female;miss;Gretel;Milde;3884;Lindenstraße;Schirgiswalde-Kirschau;Baden-Württemberg;Germany;99019;-89.3653;-118.6907;-12:00;Eniwetok, Kwajalein;gretel.milde@example.com;9e9a5129-a2f6-405c-b352-26ad8ac4d85b;redpanda503;peaches1;hyQHH85R;a3dd19615da53c2b7d5c9c3b76c5de01;29f1a9a865ee023ac9faaf348ca98ad110aef5d8;26e9dc32ec2cca1d08bad11e53effbb6f77b14b0b23761fa4b2331933b2a7856;10/01/1974;49;2017-09-22 03:58:09;6;0469-1546959;0177-4983697;SVNR;44 011074 M 728;https://randomuser.me/api/portraits/women/76.jpg;https://randomuser.me/api/portraits/med/women/76.jpg;https://randomuser.me/api/portraits/thumb/women/76.jpg;DE;967;2024-05-20 14:36:37.771920
