gender;name.title;name.first;name.last;location.street.number;location.street.name;location.city;location.state;location.country;location.postcode;location.coordinates.latitude;location.coordinates.longitude;location.timezone.offset;location.timezone.description;email;login.uuid;login.username;login.password;login.salt;login.md5;login.sha1;login.sha256;dob.date;dob.age;registered.date;registered.age;phone;cell;id.name;id.value;picture.large;picture.medium;picture.thumbnail;nat;global_index;current_time
female;Miss;Matilda;Edwards;9933;North Street;Christchurch;Gisborne;New Zealand;38418;-53.0136;25.3463;-6:00;Central Time (US & Canada), Mexico City;matilda.edwards@example.com;7e09954c-f4af-4269-b04d-e7885f3e99fc;tinyswan508;weng;KPPK5uMN;5439a247738ccff7bc4a5d32fa6a704a;fe57bcaecc0a2d9596049fb96e900c5fe1952831;d81b058a0ff36be62f4699776869431bc76726f1a2e86c8e97dd35b93b96fd39;07/15/1963;60;2016-12-23 05:41:53;7;(876)-451-2009;(768)-955-6185;;;https://randomuser.me/api/portraits/women/96.jpg;https://randomuser.me/api/portraits/med/women/96.jpg;https://randomuser.me/api/portraits/thumb/women/96.jpg;NZ;85;2024-05-20 14:36:37.769849
female;Miss;Jasmine;Jackson;3091;Queen Street;Hamilton;Southland;New Zealand;77447;-69.4527;-38.9289;-10:00;Hawaii;jasmine.jackson@example.com;45641442-6463-485d-be28-e0c0808e7348;smallgorilla777;christa;j3tx2qXM;081f5266fac027b3775739fe47d11814;6242c00c1e89245dd3d3cae148fd75f8a5415985;2370274a6b292a650f1731ca85a0b5d9ea1855283078810ef7aa054eed61b8af;08/07/1961;62;2004-06-15 01:26:59;19;(685)-612-7506;(804)-077-9440;;;https://randomuser.me/api/portraits/women/6.jpg;https://randomuser.me/api/portraits/med/women/6.jpg;https://randomuser.me/api/portraits/thumb/women/6.jpg;NZ;200;2024-05-20 14:36:37.770886
male;mister;Jacob;Williams;8939;The Square;Hastings;Canterbury;New Zealand;80693;62.8742;147.9302;+9:30;Adelaide, Darwin;jacob.williams@example.com;782e23a3-e7fb-4c42-b563-b2dfc718d17d;crazyduck572;292929;bsUMi6kD;945f8ff0e647ce1f7f7c824c68dbb1d8;9fdacbdb3c39071f57aa40e99550fcbb6ec98d20;11f38c5fa20ec672c28997db2aed5e942b30dffedf8ffadc58d3148b8eca677a;05/25/1969;54;2018-11-03 07:32:09;5;(658)-054-3462;(889)-904-9914;;;https://randomuser.me/api/portraits/men/45.jpg;https://randomuser.me/api/portraits/med/men/45.jpg;https://randomuser.me/api/portraits/thumb/men/45.jpg;NZ;352;2024-05-20 14:36:37.770886
male;mister;Mason;Clarke;9675;Stafford Street;Gisborne;Canterbury;New Zealand;84250;-36.4077;-46.8644;+5:30;Bombay, Calcutta, Madras, New Delhi;mason.clarke@example.com;78012d2f-b48c-4aae-97e0-d756eee3514a;greenduck199;quest;FeIH5tte;83f795e37b26a84481b1d0a818b19ece;7b89997a3e9c5a73847eed40f2b31c5941439b9d;c8f9c733bf6bf5f3e61908e1eb0d47d90fb7203e8534bace7c92a36b5b8addbf;01/16/1967;57;2011-01-02 01:03:07;13;(736)-896-3157;(604)-496-0222;;;https://randomuser.me/api/portraits/men/31.jpg;https://randomuser.me/api/portraits/med/men/31.jpg;https://randomuser.me/api/portraits/thumb/men/31.jpg;NZ;426;2024-05-20 14:36:37.770886
male;mister;Nathaniel;King;4007;Forbury Road;Taupo;Canterbury;New Zealand;26216;-60.9771;-17.9171;-3:30;Newfoundland;nathaniel.king@example.com;ffaf427f-8434-48e0-aa90-a002b655aaa8;crazyostrich786;april1;F0OydAMs;4d3f05eb6e991ab1219189db2196581f;fa6a3c371a641d779f3a1348d12312f086a44029;f18abac1262bfe12d31c6d56b0523256c434a5497e3c441b93ab8fd81d31b097;07/23/1961;62;2018-07-17 14:24:59;5;(207)-604-7924;(558)-289-9086;;;https://randomuser.me/api/portraits/men/93.jpg;https://randomuser.me/api/portraits/med/men/93.jpg;https://randomuser.me/api/portraits/thumb/men/93.jpg;NZ;656;2024-05-20 14:36:37.770886
female;missis;Rose;Jackson;1229;King Edward Street;Whangarei;Otago;New Zealand;93306;57.6814;-54.4803;-1:00;Azores, Cape Verde Islands;rose.jackson@example.com;e92345e6-6c90-4d23-83fc-cf11802b9c0a;bigmouse134;sporting;QfsFkEhH;d334794b0731ab11a43991fe830ff61f;5803734c9be6dddfdea221057fa3ed62f36038e7;bc6e5712a45728bce400d76b0412e90df9b6c1e131b204b7867ff2fe84af6480;02/04/1964;60;2005-02-03 04:09:31;19;(020)-943-5521;(186)-010-5979;;;https://randomuser.me/api/portraits/women/38.jpg;https://randomuser.me/api/portraits/med/women/38.jpg;https://randomuser.me/api/portraits/thumb/women/38.jpg;NZ;722;2024-05-20 14:36:37.771920
male;mister;Austin;Davies;5052;East Tamaki Road;Whangarei;Taranaki;New Zealand;87883;-49.7915;-117.3134;-1:00;Azores, Cape Verde Islands;austin.davies@example.com;c703ceb8-745a-4ce1-a668-ea6a956c2822;whitezebra230;entropy;m50lzgGR;d15abb4827ac9de4b1c586694b09979c;e7281c2c2602fffc08365604acb2f6f852766327;ea9bcd2dbb5f0d302e57d0dafe18ffc86e0d593a6cd0e4ebf81957d3797565f1;07/13/1963;60;2008-01-10 02:46:39;16;(293)-843-4240;(462)-565-7146;;;https://randomuser.me/api/portraits/men/6.jpg;https://randomuser.me/api/portraits/med/men/6.jpg;https://randomuser.me/api/portraits/thumb/men/6.jpg;NZ;761;2024-05-20 14:36:37.771920
male;mister;Xavier;Lee;7141;Cranford Street;Masterton;Marlborough;New Zealand;88148;85.1792;-20.9063;+9:00;Tokyo, Seoul, Osaka, Sapporo, Yakutsk;xavier.lee@example.com;3d7ff4b7-de7a-4f42-af03-0acafaa47369;heavydog726;sunflowe;8s5rli2q;380bc25e2e890f7d69c2a4aa050fdf91;b90c1a37e2c8e3a76f6cc99f70a9289c03fc77dd;d909e83de7e2af093a1b1e5f555f9b75e228f0033ba2d674146bfd6ebac9a18c;07/01/1961;62;2011-09-28 15:09:45;12;(030)-262-0668;(112)-351-6554;;;https://randomuser.me/api/portraits/men/9.jpg;https://randomuser.me/api/portraits/med/men/9.jpg;https://randomuser.me/api/portraits/thumb/men/9.jpg;NZ;790;2024-05-20 14:36:37.771920
female;Miss;Elizabeth;Cooper;6;Gloucester Street;Greymouth;Nelson;New Zealand;28819;37.8317;-5.0148;+5:30;Bombay, Calcutta, Madras, New Delhi;elizabeth.cooper@example.com;fdcc4945-1fb7-4902-8981-68481b91acfa;sadfish774;javier;IEEhMOqG;2f13d0e1e67c2615e98b1062252b3bd5;a609104b6087e7f5093b02450258c44f3a038195;d2fb1082af2bf0c33634e7f7e6b22486f42f074dd854fc65c1c48226a0c11eca;07/30/1960;63;2010-06-24 02:39:14;13;(821)-133-0746;(644)-213-3387;;;https://randomuser.me/api/portraits/women/31.jpg;https://randomuser.me/api/portraits/med/women/31.jpg;https://randomuser.me/api/portraits/thumb/women/31.jpg;NZ;933;2024-05-20 14:36:37.771920
