gender;name.title;name.first;name.last;location.street.number;location.street.name;location.city;location.state;location.country;location.postcode;location.coordinates.latitude;location.coordinates.longitude;location.timezone.offset;location.timezone.description;email;login.uuid;login.username;login.password;login.salt;login.md5;login.sha1;login.sha256;dob.date;dob.age;registered.date;registered.age;phone;cell;id.name;id.value;picture.large;picture.medium;picture.thumbnail;nat;global_index;current_time
female;Miss;Úrsula;Noriega;3866;Continuación Cedillo;Yautepec;Tabasco;Mexico;89263;-75.9047;-46.722;+2:00;Kaliningrad, South Africa;ursula.noriega@example.com;792ec9bb-8143-4131-9d54-48036945af56;smallwolf224;friday;t1HZwe53;13030066e2949601e88a1001785ac865;96e79bad788344a0f947bfbd4cbe4fd6f47adfae;bf685c5b08f9639627f8a079c494a2464eab981fb41183b01b7224ed0ce57908;08/10/1971;52;2017-04-18 13:40:24;7;(601) 928 1203;(614) 582 0971;NSS;87 76 23 5365 4;https://randomuser.me/api/portraits/women/56.jpg;https://randomuser.me/api/portraits/med/women/56.jpg;https://randomuser.me/api/portraits/thumb/women/56.jpg;MX;166;2024-05-20 14:36:37.769849
female;missis;Elisa;Moya;9147;Cerrada Madrigal;San José Tlautla;Chiapas;Mexico;93004;70.5754;-90.798;+3:30;Tehran;elisa.moya@example.com;829720d1-1d1f-486e-a243-2b2bb0b90ed8;beautifulbutterfly855;chill;VRfiSsFE;476a430ac6eab94fae84477302f0809d;1be22a0295e174265bd4ccbf8d70ae4c335dc69e;69c4443bdccb30e5ac1b94aca33ded667fc7baf224ffbe1adf9d8f3db8361979;06/16/1970;53;2004-09-07 06:22:49;19;(687) 746 6806;(618) 195 5410;NSS;11 16 37 1745 5;https://randomuser.me/api/portraits/women/85.jpg;https://randomuser.me/api/portraits/med/women/85.jpg;https://randomuser.me/api/portraits/thumb/women/85.jpg;MX;408;2024-05-20 14:36:37.770886
female;miss;Hilda;Orosco;5849;Calzada Islas Marshall;Actopan;Tlaxcala;Mexico;38736;42.8784;0.8868;0:00;Western Europe Time, London, Lisbon, Casablanca;hilda.orosco@example.com;24ccbc2f-7d35-4d62-9f3d-cf640bb2a0f9;smallpanda806;foot;ak7diA6a;54fda6ae748c256e634221690bce55d5;269c65211e2e8aadfa988e7cc2534599abeba5c1;a5ef727f20a52ec45c6cab663d2f26da8e63851b11562b13f07e03e21845fb86;02/23/1974;50;2008-02-07 10:33:05;16;(631) 980 6133;(609) 497 0226;NSS;95 44 63 8277 7;https://randomuser.me/api/portraits/women/36.jpg;https://randomuser.me/api/portraits/med/women/36.jpg;https://randomuser.me/api/portraits/thumb/women/36.jpg;MX;602;2024-05-20 14:36:37.770886
male;mister;Nicolás;Valverde;2778;Avenida Baja California Sur;Colonia Vicente Guerrero;Chihuahua;Mexico;39085;-80.6348;-169.2297;-7:00;Mountain Time (US & Canada);nicolas.valverde@example.com;64d13d9a-7832-42aa-9023-2a026c2f1a68;bigfrog608;senior;VKsw8rQk;b06cd27475b5cb2459c5d3c176290ac7;6d144f19a2414da58a1f11acbec1961144370e5d;c6b965a435f2911213a72f7da18364178f3d2e907e1dd801716e1ab163804474;07/28/1970;53;2012-01-18 18:49:06;12;(642) 866 5907;(640) 131 2602;NSS;44 77 23 9066 0;https://randomuser.me/api/portraits/men/64.jpg;https://randomuser.me/api/portraits/med/men/64.jpg;https://randomuser.me/api/portraits/thumb/men/64.jpg;MX;652;2024-05-20 14:36:37.770886
