gender;name.title;name.first;name.last;location.street.number;location.street.name;location.city;location.state;location.country;location.postcode;location.coordinates.latitude;location.coordinates.longitude;location.timezone.offset;location.timezone.description;email;login.uuid;login.username;login.password;login.salt;login.md5;login.sha1;login.sha256;dob.date;dob.age;registered.date;registered.age;phone;cell;id.name;id.value;picture.large;picture.medium;picture.thumbnail;nat;global_index;current_time
female;missis;Jade;Ambrose;4874;Charles St;South River;Ontario;Canada;Z1Y 0B1;78.4707;108.4633;+2:00;Kaliningrad, South Africa;jade.ambrose@example.com;3e23e23a-4e85-41eb-96a0-68de6998e483;browndog274;ripple;p0DqUyRN;379024df9a1011aca684303803678980;9a1d9bf65f93c666fc64303e1bba7ae1379fca4c;69263d85c118780555c91f440b1f4a2167d95c91ae46099334b706da78c4dbe8;10/20/1986;37;2019-12-16 15:58:45;4;H54 X22-1820;S11 X39-5902;SIN;796739233;https://randomuser.me/api/portraits/women/66.jpg;https://randomuser.me/api/portraits/med/women/66.jpg;https://randomuser.me/api/portraits/thumb/women/66.jpg;CA;96;2024-05-20 14:36:37.769849
male;mister;Philip;Mitchell;4944;Wellington St;Wellington;Nova Scotia;Canada;P9B 1W1;52.7955;-178.556;-2:00;Mid-Atlantic;philip.mitchell@example.com;df6456fa-2373-4085-b24a-9baaa214ab1e;purplegorilla763;america1;HGtwKgM7;dcc0afe62d7b48e8cc6e32c2d86b698f;c8b51ad0ea2b5b084091092f0f947d7d63321a89;6babe37307193ac5b70d43fbc93a91f3a264d6cea90ab763f8e234a958b2889a;06/23/1984;39;2012-06-19 04:02:21;11;K61 B61-8749;H20 I96-5454;SIN;348853821;https://randomuser.me/api/portraits/men/19.jpg;https://randomuser.me/api/portraits/med/men/19.jpg;https://randomuser.me/api/portraits/thumb/men/19.jpg;CA;440;2024-05-20 14:36:37.770886
female;miss;Mia;Taylor;7235;Tecumseh Rd;Aylmer;Ontario;Canada;J1J 0V1;31.3656;34.0893;+7:00;Bangkok, Hanoi, Jakarta;mia.taylor@example.com;08433f46-5972-4f1c-b866-45289b3f2905;greenlion282;tsunami;8T18bqVl;22201c25abb7c4abb698eadf2ee5eee5;e54bdae5a8decf1080d21c21a29f94ecf4377a95;8c2f2d4e7c037bdc0db7712f52a603fe60500842482d309754a227870392ae07;12/08/1989;34;2016-08-01 15:55:13;7;C16 K53-8157;H48 O01-8803;SIN;689407609;https://randomuser.me/api/portraits/women/95.jpg;https://randomuser.me/api/portraits/med/women/95.jpg;https://randomuser.me/api/portraits/thumb/women/95.jpg;CA;686;2024-05-20 14:36:37.771920
male;mister;Jack;Harris;9054;20th Ave;Georgetown;Nunavut;Canada;I2L 1A4;83.9838;-96.9564;-11:00;Midway Island, Samoa;jack.harris@example.com;88d77c3e-681f-4446-9b19-d3d3717fff11;greensnake356;smokey;bqjtay4l;90bedf425d88634053622f0e704cc490;4e6c096cbec780df6ef3cdfd931e6750c10575b4;b353358ae310ceeaba45f010d72f36223215be6316fcb97e2d7ad5019f3fb0ea;05/27/1980;43;2006-09-11 04:00:03;17;Y52 Q06-9686;J12 I61-9052;SIN;541314381;https://randomuser.me/api/portraits/men/43.jpg;https://randomuser.me/api/portraits/med/men/43.jpg;https://randomuser.me/api/portraits/thumb/men/43.jpg;CA;881;2024-05-20 14:36:37.771920
