gender;name.title;name.first;name.last;location.street.number;location.street.name;location.city;location.state;location.country;location.postcode;location.coordinates.latitude;location.coordinates.longitude;location.timezone.offset;location.timezone.description;email;login.uuid;login.username;login.password;login.salt;login.md5;login.sha1;login.sha256;dob.date;dob.age;registered.date;registered.age;phone;cell;id.name;id.value;picture.large;picture.medium;picture.thumbnail;nat;global_index;current_time
female;Miss;زهرا;کریمی;4920;هلال احمر;قدس;همدان;Iran;54458;-8.4404;-1.1027;-3:00;Brazil, Buenos Aires, Georgetown;zhr.khrymy@example.com;68679237-b0e9-42b8-8158-bd766964f875;ticklishbutterfly488;passmast;p5zMDrCy;d7b65c0bb02acec515af8c1a87493d27;0c7908fd8ca02941167c27c1f93f257fd143a6fa;606cdcf431207f57d44808fbd51528e77755a705f45a7bab2d4018b29582f8b9;06/10/1974;49;2020-10-08 03:16:04;3;026-42504557;0921-475-3814;;;https://randomuser.me/api/portraits/women/69.jpg;https://randomuser.me/api/portraits/med/women/69.jpg;https://randomuser.me/api/portraits/thumb/women/69.jpg;IR;351;2024-05-20 14:36:37.770886
male;mister;اميرحسين;سالاری;9022;میدان 7 تیر;شیراز;آذربایجان شرقی;Iran;80446;-34.2464;108.0519;-6:00;Central Time (US & Canada), Mexico City;myrhsyn.slry@example.com;a5b18978-7ac3-4a07-a4c8-8e15557c3b9c;blackbutterfly620;richmond;cdEfEwL1;f5f4a90516d2ff511d049521b80a45b8;e64a176d4b4a4517b0b78cf03b0d8f45e2b8cc00;4a15ac775edff342f112b81ac982927a89438c5867bd8b1ab8ef47f61c222413;10/01/1972;51;2020-06-19 14:18:03;3;064-18779071;0996-284-5114;;;https://randomuser.me/api/portraits/men/15.jpg;https://randomuser.me/api/portraits/med/men/15.jpg;https://randomuser.me/api/portraits/thumb/men/15.jpg;IR;411;2024-05-20 14:36:37.770886
male;mister;حسین;گلشن;5726;پارک دانشجو;اصفهان;مازندران;Iran;80920;73.4287;24.3658;-2:00;Mid-Atlantic;hsyn.glshn@example.com;547c41d8-acd7-41dc-aa3f-e6d47a68cba4;organicleopard790;studio;g4OasCoT;bd776a05160a9b3074a815eed81ba931;f1abc76e41c71fc2fca86e3fec4d8211dbda09c2;9a1c6a7b6ca6fdaf5d8da9aed35b8970259d7f39690e4f5cd26db7339fe2ebf7;10/12/1973;50;2014-04-07 03:20:03;10;065-05270899;0926-143-9392;;;https://randomuser.me/api/portraits/men/98.jpg;https://randomuser.me/api/portraits/med/men/98.jpg;https://randomuser.me/api/portraits/thumb/men/98.jpg;IR;509;2024-05-20 14:36:37.770886
male;mister;سام;احمدی;6925;پارک 17 شهریور;تبریز;خوزستان;Iran;90161;59.5847;-135.6084;+9:30;Adelaide, Darwin;sm.hmdy@example.com;f5df3e3c-c401-4a1e-b76c-445f9f338f90;purplegoose710;171717;G9FVWwxB;d8d170f659bdf666c61c0118885fde8d;106f2503ca56fdf41ff612ea30eb51c507272aa8;0ad4d74313fe433c86ea5d928cdbfe1e54d97bd8a4185effb2a722612942d7d2;07/15/1972;51;2009-08-29 13:06:31;14;057-77194781;0945-175-6600;;;https://randomuser.me/api/portraits/men/45.jpg;https://randomuser.me/api/portraits/med/men/45.jpg;https://randomuser.me/api/portraits/thumb/men/45.jpg;IR;655;2024-05-20 14:36:37.770886
male;mister;دانیال;مرادی;3633;بلوار کشاورز;اسلام‌شهر;لرستان;Iran;73430;61.9098;-173.9791;-3:30;Newfoundland;dnyl.mrdy@example.com;094186e8-d12c-4723-9b7b-f2562c0afed4;redzebra626;88888;LIMQIHPX;5263208bcd21281939aa3c74f0e6ad08;96a1624209431ec5703686c3c3b27ee4e97b38a4;71c145333003596120f470d692551a05a4c3acf2fbc2d20b9b017aee87ec3382;10/28/1976;47;2003-11-21 07:50:19;20;004-75894785;0915-445-8447;;;https://randomuser.me/api/portraits/men/16.jpg;https://randomuser.me/api/portraits/med/men/16.jpg;https://randomuser.me/api/portraits/thumb/men/16.jpg;IR;763;2024-05-20 14:36:37.771920
male;mister;حسین;جعفری;7849;میرداماد;اهواز;سیستان و بلوچستان;Iran;50995;-59.6412;47.3098;+6:00;Almaty, Dhaka, Colombo;hsyn.jaafry@example.com;85288be3-5fa6-463f-bdf4-c660c8af1211;bigkoala983;pool;nDoeC9W0;ac8f37b101868e5502cf688dbca5ccfd;a733fbfb4b1eb4d78276c1fd73c043a966390e51;0154e2d2188997b2b2bcd2625e425e9ce9fb8aa6ed1c638adb1d32d1ff14fc7e;12/11/1979;44;2019-08-27 08:33:56;4;049-01463821;0945-333-9573;;;https://randomuser.me/api/portraits/men/13.jpg;https://randomuser.me/api/portraits/med/men/13.jpg;https://randomuser.me/api/portraits/thumb/men/13.jpg;IR;772;2024-05-20 14:36:37.771920
male;mister;آراد;گلشن;5301;30 تیر;زنجان;خوزستان;Iran;86489;38.8612;83.4296;-3:30;Newfoundland;ard.glshn@example.com;f1c2ea3d-6922-4787-96a1-235509cc3aaf;happygoose900;frank1;M7ocDj9w;8e881149f1c9e67beb4b922e4ffb8de2;b1a8f577b777eb7df5b120a7cbc9cf11b8a06cf8;2f18b6e010dfeded41fe61d5a616a2fb57c0622224995bf21565709a9b085a52;08/18/1978;45;2011-10-12 06:29:35;12;042-59960782;0954-978-1765;;;https://randomuser.me/api/portraits/men/84.jpg;https://randomuser.me/api/portraits/med/men/84.jpg;https://randomuser.me/api/portraits/thumb/men/84.jpg;IR;804;2024-05-20 14:36:37.771920
female;miss;پرنیا;کریمی;2537;پارک شریعتی;تبریز;یزد;Iran;45440;82.9731;-111.1219;+3:00;Baghdad, Riyadh, Moscow, St. Petersburg;prny.khrymy@example.com;35812fab-66ca-4d69-b9a3-5f8facc99104;tinysnake506;cbr600;hwy33oyM;37dd04d53d27e9778dfbf127bed843d7;d40c3fa8f92fd480e93d17da6dc80ae61454187d;ac7564b86a93262efcf2fdecc92a6202365e0358d180505a284d7729bd464ced;08/29/1972;51;2009-04-23 21:25:57;15;088-87131797;0902-216-5522;;;https://randomuser.me/api/portraits/women/16.jpg;https://randomuser.me/api/portraits/med/women/16.jpg;https://randomuser.me/api/portraits/thumb/women/16.jpg;IR;823;2024-05-20 14:36:37.771920
male;mister;آراد;نجاتی;7904;شیخ فضل الله نوری;مشهد;کردستان;Iran;60125;-6.7804;-5.6617;-3:00;Brazil, Buenos Aires, Georgetown;ard.njty@example.com;607ec771-d9e6-4060-9e6e-1c3bf30c39c5;organicgoose407;azzer;BrYNcyg7;8466c3e3d1cc490172be0aa51ff73ba5;6d827b8a7ae6e07edc0f18801d85bcdbc505ac89;578055467ee6ab81a0b9c5632814f81213425862d6c3759c165b54c6758edf13;09/12/1979;44;2018-03-02 12:34:35;6;049-95686985;0908-649-4847;;;https://randomuser.me/api/portraits/men/21.jpg;https://randomuser.me/api/portraits/med/men/21.jpg;https://randomuser.me/api/portraits/thumb/men/21.jpg;IR;831;2024-05-20 14:36:37.771920
female;Miss;آرمیتا;علیزاده;93;پاسداران;کرمانشاه;اصفهان;Iran;51081;-82.8559;-12.2854;+5:00;Ekaterinburg, Islamabad, Karachi, Tashkent;armyt.aalyzdh@example.com;fee7b7f5-6531-4aef-9d06-bdab3252806f;heavypanda207;bama;1EBTpbyO;725be3f1723552adc1ea6c298da04c96;1f7fed18d0265738a81981346bea626d302705a5;9de45416e196d1c318e78519f959026b4e890c3ba2b933252e291a70016145a6;05/23/1973;50;2018-02-20 19:46:35;6;051-02642606;0962-066-8361;;;https://randomuser.me/api/portraits/women/19.jpg;https://randomuser.me/api/portraits/med/women/19.jpg;https://randomuser.me/api/portraits/thumb/women/19.jpg;IR;838;2024-05-20 14:36:37.771920
female;miss;عسل;سالاری;8345;برادران حسنی;اصفهان;سمنان;Iran;14332;33.6722;-129.1235;-10:00;Hawaii;aasl.slry@example.com;c19b7e04-d353-4822-9dd8-4c189aecd71b;yellowpeacock284;buddyboy;NVwu3R34;9fb8b96c850cdbeda5bd254750ea2aa1;809a8f15bfa61eecca0f7b9e5996ef8a2119f182;c376ca173926ec10c902d6ec8cb3269c03eafe4c86395033c8cd4b68dd9ac7f2;10/25/1970;53;2011-04-19 06:01:11;13;050-38033857;0931-966-1380;;;https://randomuser.me/api/portraits/women/21.jpg;https://randomuser.me/api/portraits/med/women/21.jpg;https://randomuser.me/api/portraits/thumb/women/21.jpg;IR;886;2024-05-20 14:36:37.771920
male;mister;محمدطاها;سهيلي راد;4217;پارک طالقانی;شیراز;خراسان جنوبی;Iran;33620;79.8795;-96.8449;-3:00;Brazil, Buenos Aires, Georgetown;mhmdth.shylyrd@example.com;a3b5a077-3544-4e74-915a-926d4f50496b;blackgorilla595;british;w6aTwvGy;758ffafa32583a4ad94529973bd8161a;3b544986bc12f4a54af5faf9f950a64041aed8fa;04beb3f2eb31b5a19fec966f335cd15302e84032d4100c363d61193e1d1369c7;10/07/1972;51;2013-09-10 17:05:13;10;031-40297853;0986-322-9856;;;https://randomuser.me/api/portraits/men/21.jpg;https://randomuser.me/api/portraits/med/men/21.jpg;https://randomuser.me/api/portraits/thumb/men/21.jpg;IR;926;2024-05-20 14:36:37.771920
