gender;name.title;name.first;name.last;location.street.number;location.street.name;location.city;location.state;location.country;location.postcode;location.coordinates.latitude;location.coordinates.longitude;location.timezone.offset;location.timezone.description;email;login.uuid;login.username;login.password;login.salt;login.md5;login.sha1;login.sha256;dob.date;dob.age;registered.date;registered.age;phone;cell;id.name;id.value;picture.large;picture.medium;picture.thumbnail;nat;global_index;current_time
male;mister;Dean;Stone;4181;College St;Townsville;Tasmania;Australia;1546;-69.0096;-163.3706;-4:00;Atlantic Time (Canada), Caracas, La Paz;dean.stone@example.com;13bd62e5-af04-4b14-9106-fe25c1c3d80d;ticklishtiger365;hal9000;mIQS8jRY;829c4579cbe31cc20fc523e1c3630b5f;5f49d5978e30f17df441bfb57c9bfd6ff9a1ac7d;58b5df3324d16e6a8ddbaeeac0a66f70f57bcf7f577bf66ff8b56a8da061a5e8;09/28/1966;57;2002-12-11 14:44:47;21;02-4468-7831;0443-671-828;TFN;333880660;https://randomuser.me/api/portraits/men/34.jpg;https://randomuser.me/api/portraits/med/men/34.jpg;https://randomuser.me/api/portraits/thumb/men/34.jpg;AU;57;2024-05-20 14:36:37.769849
female;missis;Diane;Terry;5107;Lakeshore Rd;Darwin;Victoria;Australia;746;14.9939;165.3608;+3:00;Baghdad, Riyadh, Moscow, St. Petersburg;diane.terry@example.com;36ac0165-813c-485e-8f30-6ad9a37c9bff;angrypeacock155;lester;dkBYFTpn;c06dc354dd7d53179b728b466f72eb7a;e6757fa27e7f9a3959417b32abe81af97691642a;9693752ce768a1a2ea7db683d8cf8eb81aab9399d9030e7017b58d9a116485ab;05/27/1962;61;2016-02-29 16:49:34;8;09-1469-8640;0412-727-322;TFN;336853391;https://randomuser.me/api/portraits/women/5.jpg;https://randomuser.me/api/portraits/med/women/5.jpg;https://randomuser.me/api/portraits/thumb/women/5.jpg;AU;409;2024-05-20 14:36:37.770886
male;mister;Claude;Owens;108;Karen Dr;Tweed;Tasmania;Australia;5577;63.3895;2.066;-3:00;Brazil, Buenos Aires, Georgetown;claude.owens@example.com;0aa34f7d-6317-4845-8050-09bde98e5f77;happyladybug859;county;xIz9A9j1;10b0ff3926fb5701a8ba70570f0cedab;9a9ebe65732bc33a3b2f2797e89e2027e4f621a7;5df2831d72e2e291d9451ce6c723980e1adcc4bd0d4fb121e47cb5b6302c0bbd;11/12/1963;60;2017-12-31 15:31:41;6;03-3209-3348;0481-948-720;TFN;440051803;https://randomuser.me/api/portraits/men/34.jpg;https://randomuser.me/api/portraits/med/men/34.jpg;https://randomuser.me/api/portraits/thumb/men/34.jpg;AU;476;2024-05-20 14:36:37.770886
male;mister;Phillip;Castro;3239;Homestead Rd;Orange;Victoria;Australia;3254;4.037;48.4326;-12:00;Eniwetok, Kwajalein;phillip.castro@example.com;ce719b7d-6568-4498-bf0c-4de11b83c3f3;greenbutterfly983;miriam;MPNHWTVs;82945fccaa7924d950b78c1729509eaa;68794833815e325f0a22c326e7b7123ea06c1fc8;d39a06fd2b692a7991a41075a24bff5b3c81fde1953888206d441d93e38f6166;11/10/1963;60;2009-02-19 11:30:52;15;04-0823-9369;0403-956-075;TFN;051345635;https://randomuser.me/api/portraits/men/37.jpg;https://randomuser.me/api/portraits/med/men/37.jpg;https://randomuser.me/api/portraits/thumb/men/37.jpg;AU;557;2024-05-20 14:36:37.770886
female;miss;Georgia;Watkins;2330;Railroad St;Brisbane;Western Australia;Australia;1831;-65.7016;63.63;-10:00;Hawaii;georgia.watkins@example.com;caf215be-a119-4039-92d8-d89764cd0e2a;orangebird163;favorite;if5KCfQk;e7e6a8f72763c4ab7f27c939448fe53e;69c9fc0b83d0dd01d8762da38a5714ddf30a9f56;783f683b88e6aeafd6c02a1c036b829e11a307884f43a48aba2cc127550fac80;05/26/1965;58;2008-06-16 19:15:21;15;00-6144-2186;0486-765-860;TFN;112281131;https://randomuser.me/api/portraits/women/83.jpg;https://randomuser.me/api/portraits/med/women/83.jpg;https://randomuser.me/api/portraits/thumb/women/83.jpg;AU;591;2024-05-20 14:36:37.770886
female;miss;Tamara;Gregory;9242;Prospect Rd;Rockhampton;South Australia;Australia;7266;6.7586;-79.2802;-3:00;Brazil, Buenos Aires, Georgetown;tamara.gregory@example.com;b44b7fcb-331b-4245-8576-da255871e4b5;sadsnake762;valerie;6dPoHzv2;fac52b0267f31cc524ed1808e1a79e46;950b804b91371409a8a7b226313d04c272f78e3a;53c48af240fe1d443f3295f9f8a45a1674da45372ca3113dff3c36b5101f0cee;06/14/1960;63;2007-06-18 01:50:38;16;01-4791-5525;0436-045-837;TFN;874757842;https://randomuser.me/api/portraits/women/90.jpg;https://randomuser.me/api/portraits/med/women/90.jpg;https://randomuser.me/api/portraits/thumb/women/90.jpg;AU;651;2024-05-20 14:36:37.770886
female;missis;Lorraine;Morrison;2178;W Gray St;Orange;Australian Capital Territory;Australia;4999;2.8722;-40.5198;0:00;Western Europe Time, London, Lisbon, Casablanca;lorraine.morrison@example.com;4fee8c5b-0180-4f28-ba5b-6c7b03e8c4e7;organicswan504;babe;ZFksaxyA;e75c83065d8f4762b6a773afb67be9dc;e18f2bb2f7b80e3e6e47ba3dea5450c209ec6575;7971f4647bcbf501272d6830ebea5a7904242bebfa6c93ecec6f90ec17d651d2;10/29/1967;56;2019-12-30 05:38:00;4;05-1117-9148;0491-998-255;TFN;620856185;https://randomuser.me/api/portraits/women/62.jpg;https://randomuser.me/api/portraits/med/women/62.jpg;https://randomuser.me/api/portraits/thumb/women/62.jpg;AU;739;2024-05-20 14:36:37.771920
male;mister;Alex;Sims;5827;Adams St;Rockhampton;Queensland;Australia;7137;-45.4824;150.1965;+10:00;Eastern Australia, Guam, Vladivostok;alex.sims@example.com;90934048-cc58-4a62-b998-1fe8328114da;whitezebra170;shibby;aRWRAS9U;0ad5622001c681bc133be04c7bcfed07;41ccf7ec0608b7cbd4bdc78088b4c1796bbc9bab;d4f2b5b9fedb079a543f744170d086b19ba2ea847038cd085dd400f59138ae23;12/25/1965;58;2013-08-01 19:12:52;10;03-1975-2131;0468-042-739;TFN;307759926;https://randomuser.me/api/portraits/men/37.jpg;https://randomuser.me/api/portraits/med/men/37.jpg;https://randomuser.me/api/portraits/thumb/men/37.jpg;AU;817;2024-05-20 14:36:37.771920
female;Miss;Marlene;Lee;8440;Stevens Creek Blvd;Coffs Harbour;Western Australia;Australia;8106;-39.6167;-99.3823;-10:00;Hawaii;marlene.lee@example.com;64d65026-5e4a-4dc0-9aa4-9273fe9f108b;crazybear832;edge;GP9MV8sS;99c0af0cb51b892ded2bbadcdf8e7e30;fe1b941acd1827c362095751ffdc034f06be6489;0f00ef356eda17f095f06c421f96eaa0a2ebd03dbb52a67a675ce640d1788ca2;11/22/1966;57;2018-03-10 07:14:51;6;09-6319-8254;0443-775-404;TFN;768041438;https://randomuser.me/api/portraits/women/51.jpg;https://randomuser.me/api/portraits/med/women/51.jpg;https://randomuser.me/api/portraits/thumb/women/51.jpg;AU;885;2024-05-20 14:36:37.771920
