gender;name.title;name.first;name.last;location.street.number;location.street.name;location.city;location.state;location.country;location.postcode;location.coordinates.latitude;location.coordinates.longitude;location.timezone.offset;location.timezone.description;email;login.uuid;login.username;login.password;login.salt;login.md5;login.sha1;login.sha256;dob.date;dob.age;registered.date;registered.age;phone;cell;id.name;id.value;picture.large;picture.medium;picture.thumbnail;nat;global_index;current_time
male;mister;Adam;Wang;291;Manukau Road;Auckland;Gisborne;New Zealand;56575;9.5983;-87.3631;+1:00;Brussels, Copenhagen, Madrid, Paris;adam.wang@example.com;8d6f9d87-44c2-4baf-bd19-7ac13a1cdc76;bigleopard168;bond007;xQwYb29b;e42fe8ba952e96addd0d49abf2023b1d;63a0db8164cabdeb87003603b043295913e1b8d1;12b111612efcdd93a83f49cf1fa527715b2dfb20accff26fa3183c3f0f4201ed;02/05/1989;35;2018-03-19 10:48:08;6;(518)-782-3551;(948)-496-6398;;;https://randomuser.me/api/portraits/men/13.jpg;https://randomuser.me/api/portraits/med/men/13.jpg;https://randomuser.me/api/portraits/thumb/men/13.jpg;NZ;217;2024-05-20 14:36:37.770886
female;Miss;Stella;King;2169;Omahu Road;Invercargill;Auckland;New Zealand;20844;-72.2863;-36.4286;0:00;Western Europe Time, London, Lisbon, Casablanca;stella.king@example.com;b5eeef8e-3a09-4983-b3c1-3d448cc43052;greenbear940;slow;T7fOofRI;4828225955262699ceb320faef8ecf75;d0335d1dff67209b05494b1f671c8d784a329f13;145c95bc0f74d78dbdc1c8a3595c788500f3014274382c3ffcd99969fe12fd04;12/20/1989;34;2011-08-02 06:00:17;12;(588)-873-4267;(082)-198-0693;;;https://randomuser.me/api/portraits/women/24.jpg;https://randomuser.me/api/portraits/med/women/24.jpg;https://randomuser.me/api/portraits/thumb/women/24.jpg;NZ;463;2024-05-20 14:36:37.770886
male;mister;Cameron;Edwards;5155;Anglesea Street;Lower Hutt;Taranaki;New Zealand;10643;-12.8846;111.0262;+1:00;Brussels, Copenhagen, Madrid, Paris;cameron.edwards@example.com;ca913727-c4d7-4925-ab0e-7ccffad30902;whiteladybug796;xander;4IxvgbOH;5ff7abbce705d55c64e2248458241c9a;437c81e2a31a149048851e4a62fe399d1ffdb650;2292ab605db7ac599b767808e6ac63f54f2d2171cf3fd2df488e2e11de80f0bc;12/16/1988;35;2002-11-04 13:53:56;21;(621)-078-6393;(955)-327-4143;;;https://randomuser.me/api/portraits/men/15.jpg;https://randomuser.me/api/portraits/med/men/15.jpg;https://randomuser.me/api/portraits/thumb/men/15.jpg;NZ;470;2024-05-20 14:36:37.770886
female;Miss;Samantha;Wilson;5959;Lake Terrace;Hamilton;Manawatu-Wanganui;New Zealand;32273;32.09;1.2788;+9:00;Tokyo, Seoul, Osaka, Sapporo, Yakutsk;samantha.wilson@example.com;106e5716-3d6d-46c5-8f66-aada258c1c62;yellowzebra469;lily;2ubGxAik;711ec864951612ca2cb431f181b5f18b;476f9e195e1b77fb3361923dbf8d99af033a017e;2c4aeaf58ca63d6401992ba01d7adae46e0d766bdacf8446f2f29683644e45e7;06/01/1988;35;2018-03-02 10:48:17;6;(419)-181-7875;(490)-774-5722;;;https://randomuser.me/api/portraits/women/9.jpg;https://randomuser.me/api/portraits/med/women/9.jpg;https://randomuser.me/api/portraits/thumb/women/9.jpg;NZ;493;2024-05-20 14:36:37.770886
female;Miss;Ivy;King;618;Crawford Street;Lower Hutt;Wellington;New Zealand;31947;69.1667;175.5789;+9:00;Tokyo, Seoul, Osaka, Sapporo, Yakutsk;ivy.king@example.com;3c8ee7db-8a88-46c4-b1af-ab0ff21e2f79;smallleopard894;donuts;x4CP6N7i;b08666f4515dd2028ccce9a140f28aaa;7e8f9b17ebd536cadbcf7645b36e167c1f2a28aa;a1eed5a673f06693f395b7ca4e44ef132903156338cb0d650e396b8e1934c73f;08/29/1987;36;2021-11-06 12:03:30;2;(863)-215-7029;(020)-923-7165;;;https://randomuser.me/api/portraits/women/96.jpg;https://randomuser.me/api/portraits/med/women/96.jpg;https://randomuser.me/api/portraits/thumb/women/96.jpg;NZ;549;2024-05-20 14:36:37.770886
female;missis;Stella;Singh;1940;Port Hills Road;Palmerston North;Marlborough;New Zealand;92775;77.9328;17.4908;+6:00;Almaty, Dhaka, Colombo;stella.singh@example.com;838baa5d-4e94-4b1f-a00c-631bfa0dda22;whitepeacock783;dabomb;JrubuTyR;9128f254e9c68d58f94780405e4e8e4d;d339b00d38b38c4fe3dd4c75e51b4b754b2764c6;ef16cc8cd79d95f9664715470a9f693d2bb6835f3dbc15d7e49ccd89b441a663;08/15/1981;42;2011-07-03 01:00:51;12;(446)-383-0712;(706)-241-7633;;;https://randomuser.me/api/portraits/women/76.jpg;https://randomuser.me/api/portraits/med/women/76.jpg;https://randomuser.me/api/portraits/thumb/women/76.jpg;NZ;665;2024-05-20 14:36:37.770886
