gender;name.title;name.first;name.last;location.street.number;location.street.name;location.city;location.state;location.country;location.postcode;location.coordinates.latitude;location.coordinates.longitude;location.timezone.offset;location.timezone.description;email;login.uuid;login.username;login.password;login.salt;login.md5;login.sha1;login.sha256;dob.date;dob.age;registered.date;registered.age;phone;cell;id.name;id.value;picture.large;picture.medium;picture.thumbnail;nat;global_index;current_time
male;mister;Landon;Phillips;7741;West Street;Wolverhampton;Durham;United Kingdom;Y0F 1XU;61.4429;172.468;-6:00;Central Time (US & Canada), Mexico City;landon.phillips@example.com;60fd9f42-67d8-424b-b26c-f2fcfa35c4a5;silverlion345;zzzzz;lwkwsH4e;76cebaf0ef82ac545ce9b487fc566d86;e3465f0c86d5d884454bd65e6f88b0be02da4f5e;cdf3e88ff156246124d5e9c3fcb45bef0f6d3468dd1ce55d7482c6b8f785d72b;09/25/1996;27;2008-12-08 16:18:34;15;016977 6854;07503 576667;NINO;RH 82 77 70 Q;https://randomuser.me/api/portraits/men/40.jpg;https://randomuser.me/api/portraits/med/men/40.jpg;https://randomuser.me/api/portraits/thumb/men/40.jpg;GB;112;2024-05-20 14:36:37.769849
female;missis;Caroline;Vasquez;4207;Chester Road;Armagh;County Tyrone;United Kingdom;FP3 4WG;-58.1558;139.1793;+4:00;Abu Dhabi, Muscat, Baku, Tbilisi;caroline.vasquez@example.com;e5021b42-e735-44d1-ba3f-c765fb1f849b;brownpanda988;smashing;MYacg7cr;d265c0da02b9e73ef1f58ea325239729;cb44e84811e8adee22df75ac84a7390e71b62084;7c7d58bb8bf92484a9a1fc8399d69555d3f1b0ab87c7f8b10a727058dfcfdc80;01/16/1996;28;2014-03-06 11:35:28;10;01951 80105;07902 158764;NINO;OB 70 64 84 A;https://randomuser.me/api/portraits/women/95.jpg;https://randomuser.me/api/portraits/med/women/95.jpg;https://randomuser.me/api/portraits/thumb/women/95.jpg;GB;144;2024-05-20 14:36:37.769849
female;Miss;Sophia;Willis;108;Church Lane;Stirling;Strathclyde;United Kingdom;B0H 1TJ;-30.4401;63.942;-1:00;Azores, Cape Verde Islands;sophia.willis@example.com;869285f8-5903-47b0-b1a1-dffd48ffcba3;blacklion574;alien;Hv5tx1ih;f4dfae9c4d5ea6dcb38cd7f2c80b2a19;05896c5177893884390d8e765fc88969cc29f519;7c9f56e0b50902d7cb3ae27a37b88122bb770eb541de66806a8704c163bd2dd3;10/07/1993;30;2021-10-09 17:04:41;2;015396 81550;07246 023921;NINO;OM 85 78 78 R;https://randomuser.me/api/portraits/women/90.jpg;https://randomuser.me/api/portraits/med/women/90.jpg;https://randomuser.me/api/portraits/thumb/women/90.jpg;GB;177;2024-05-20 14:36:37.770886
male;mister;Salvador;Hoffman;5;New Street;Oxford;Humberside;United Kingdom;B80 9PL;-77.4043;44.8918;-7:00;Mountain Time (US & Canada);salvador.hoffman@example.com;bf61ad65-3f2a-47e4-8037-f73fc65cd63c;happywolf108;pearljam;KZg3h4VD;2b3e8cb88172fa504e28dc4bfdd8be48;22bcab7e3e8a995fe28fc39cef9536da705bbcdd;4d48fa143b86b620f192b7dec4bb73ad275033ab89f5785fb639264ae03cabf2;12/20/1996;27;2011-03-02 11:11:37;13;015395 66640;07021 338167;NINO;PT 01 33 51 G;https://randomuser.me/api/portraits/men/85.jpg;https://randomuser.me/api/portraits/med/men/85.jpg;https://randomuser.me/api/portraits/thumb/men/85.jpg;GB;220;2024-05-20 14:36:37.770886
female;Miss;Becky;Diaz;7447;Bridge Road;Inverness;Derbyshire;United Kingdom;LK1N 4JG;51.3026;160.8301;+9:30;Adelaide, Darwin;becky.diaz@example.com;170143a4-b251-4538-943b-4aca7ddc3f4d;ticklishcat356;tacobell;9KM35zn3;4f8072b893210352c888c1ac05e9d6c2;b5dcf9177aa710734846b83494a9ddbd62a17e25;95193b3c4fd2d66fa865ecc452554a565124acfcced8e751c4d52a30b12bf417;10/16/1996;27;2009-12-27 23:24:04;14;016977 9178;07610 367089;NINO;CR 56 81 20 P;https://randomuser.me/api/portraits/women/41.jpg;https://randomuser.me/api/portraits/med/women/41.jpg;https://randomuser.me/api/portraits/thumb/women/41.jpg;GB;238;2024-05-20 14:36:37.770886
male;mister;Ronnie;Washington;8502;Mill Lane;Oxford;County Londonderry;United Kingdom;IH1M 4FA;-79.1853;-179.9817;+10:00;Eastern Australia, Guam, Vladivostok;ronnie.washington@example.com;19ecd893-a401-42b5-846e-1fb04f11b0a1;happyfish670;barrett;hh2mUtob;0418894c17ab703a83e83c0360be4d9b;dac78e50d2219ac797cd33da57f43b30cc8f69bf;6d1a480c8b76bc8c565370a382c6db5ea277ff187667c935630e033170f9d720;04/14/1997;27;2007-02-25 00:55:03;17;013873 39114;07165 855071;NINO;LW 18 57 12 C;https://randomuser.me/api/portraits/men/34.jpg;https://randomuser.me/api/portraits/med/men/34.jpg;https://randomuser.me/api/portraits/thumb/men/34.jpg;GB;271;2024-05-20 14:36:37.770886
male;mister;Rick;Torres;4385;Park Road;Londonderry;Northumberland;United Kingdom;VX29 3DP;57.6404;107.7019;+3:00;Baghdad, Riyadh, Moscow, St. Petersburg;rick.torres@example.com;82b15f38-90ea-453a-a1fd-2878bcbb67e4;angrywolf736;hawaiian;TA6cImjU;73713e18031dcc9035895ad898dd3a3f;5841b7c3367d1905cfd4e3f213d265649e0fb8cb;b68b8f6695ec2706ed2277c0f04fb24942f26e232e0b5437e366e022544f0124;03/24/1999;25;2009-02-11 03:34:05;15;016977 6049;07321 777404;NINO;YE 02 25 49 Q;https://randomuser.me/api/portraits/men/45.jpg;https://randomuser.me/api/portraits/med/men/45.jpg;https://randomuser.me/api/portraits/thumb/men/45.jpg;GB;276;2024-05-20 14:36:37.770886
female;Miss;Stephanie;Reid;9832;New Road;Truro;Herefordshire;United Kingdom;SB8G 4AL;29.2173;-4.8585;-3:30;Newfoundland;stephanie.reid@example.com;1af1b12c-fc62-415b-8419-a0d0a602d136;lazyswan951;houston;uMEmQt1S;1e053f3b07d4793e4abb15b48c135a3a;7254f68515276ecc0bfa6d3af19b7b12ad84a2a7;33067dbe500b6a63836244cc5108d6b4e3158d9be33f5c1ec9edeb4123c7c0ca;08/13/1993;30;2019-08-13 03:48:34;4;019467 38265;07549 259499;NINO;WP 28 14 71 S;https://randomuser.me/api/portraits/women/85.jpg;https://randomuser.me/api/portraits/med/women/85.jpg;https://randomuser.me/api/portraits/thumb/women/85.jpg;GB;297;2024-05-20 14:36:37.770886
female;miss;Rosie;Rose;5407;Stanley Road;Stoke-on-Trent;Lothian;United Kingdom;RL2Y 2WU;1.9414;-75.9461;+9:30;Adelaide, Darwin;rosie.rose@example.com;653d6321-eb34-4a5f-9355-614193945329;beautifulpanda231;maryjane;PLkAnSbO;aea7a3e49357095d952c3adf472e203a;5815323c6d19287be5f5d25821767bbb74719a9e;c888352bab34a4126e68f7fb63c21cff0c4c949f5be2c4570549d9261635c514;01/01/1990;34;2002-03-27 12:53:16;22;015395 64969;07640 482233;NINO;PM 75 26 53 Z;https://randomuser.me/api/portraits/women/91.jpg;https://randomuser.me/api/portraits/med/women/91.jpg;https://randomuser.me/api/portraits/thumb/women/91.jpg;GB;311;2024-05-20 14:36:37.770886
female;Miss;Lola;Silva;1028;Kingsway;Stirling;County Londonderry;United Kingdom;QM6 7NB;-80.8467;175.829;-3:00;Brazil, Buenos Aires, Georgetown;lola.silva@example.com;d01041b6-e88d-48ce-bca4-e563f3cb0f40;lazyswan508;angus1;5KMOg5gB;1555ab536c04942cc8266790d18afcc8;a10747d6bee402dbe33e1c9a83a715ff4be8fd6e;585fcc0b0bffd45fa71db4d1c2347a6f7363bf66956de86101b99264e3957b2e;07/27/1994;29;2009-04-13 08:03:22;15;017687 95915;07628 763789;NINO;ZR 78 99 30 J;https://randomuser.me/api/portraits/women/56.jpg;https://randomuser.me/api/portraits/med/women/56.jpg;https://randomuser.me/api/portraits/thumb/women/56.jpg;GB;328;2024-05-20 14:36:37.770886
male;mister;Eddie;Mcdonalid;4036;Park Road;Bristol;Nottinghamshire;United Kingdom;I26 6YP;69.9722;152.7965;+10:00;Eastern Australia, Guam, Vladivostok;eddie.mcdonalid@example.com;b1901dfa-106a-47f3-bce5-56e20ef1519f;angrysnake353;trace;uwYWsEST;81770acc4660d4258d8275111c62723a;8d151f7c89ddfa440e02164eb21d16e44104333c;23ab95855bdf3126f19c386814872183922f6986bb8676422e10c818dfc8eee3;08/15/1991;32;2012-03-23 00:43:49;12;015395 24116;07747 028573;NINO;NZ 15 71 70 G;https://randomuser.me/api/portraits/men/90.jpg;https://randomuser.me/api/portraits/med/men/90.jpg;https://randomuser.me/api/portraits/thumb/men/90.jpg;GB;375;2024-05-20 14:36:37.770886
female;miss;Angie;James;8966;Queen Street;Swansea;Worcestershire;United Kingdom;V04 8YG;-28.5147;-122.1978;-6:00;Central Time (US & Canada), Mexico City;angie.james@example.com;0b310703-3ed6-4c3a-b17d-aed37a83761b;lazymeercat882;1234;SCNpH5ws;b9d762e001eea5595d6781393a2d4f82;0861deadc3442a03a02d7ea9a636575373d7086f;0d8d5d409f859a1f1f2452cb51aa1e7aa1d4dcc485907e30f0eaaef09ba88a4a;07/02/1998;25;2012-09-20 23:21:47;11;015242 15871;07062 274022;NINO;NX 64 32 37 F;https://randomuser.me/api/portraits/women/42.jpg;https://randomuser.me/api/portraits/med/women/42.jpg;https://randomuser.me/api/portraits/thumb/women/42.jpg;GB;519;2024-05-20 14:36:37.770886
female;miss;Kimberly;Carlson;2390;Manchester Road;Stirling;Cambridgeshire;United Kingdom;FU02 2AA;-7.9718;31.9572;-3:00;Brazil, Buenos Aires, Georgetown;kimberly.carlson@example.com;91491bb3-608f-4607-afff-b656da06d0d9;happyrabbit370;links;FuCrqCFp;51289476905109d54380d6f15feaa2d9;2c048b5117a681e7b1135bcd3a7b5ca5084f2806;b1733ce15b43ad121394265a6637ea32676552798ccefb3d33741341f56174b8;11/19/1990;33;2002-06-01 00:39:17;21;0171 999 6541;07633 925018;NINO;ME 92 86 35 P;https://randomuser.me/api/portraits/women/53.jpg;https://randomuser.me/api/portraits/med/women/53.jpg;https://randomuser.me/api/portraits/thumb/women/53.jpg;GB;531;2024-05-20 14:36:37.770886
female;miss;Emma;Meyer;8960;Park Avenue;Swansea;Tyne and Wear;United Kingdom;DH4P 3HU;79.0839;172.5197;+5:45;Kathmandu;emma.meyer@example.com;4b996052-2303-4a20-b026-09ae099d3e5a;organicfrog482;riversid;PM1GOV8E;5c033e42bb3cefcc740b005a30cf1ab8;63799b6e6e40b3531b115da6564cbbe7b68800e7;687fc07ffc54831bcffda08e568a21c5d89c6622646db9c3f173e20f52846df4;09/20/1994;29;2008-07-23 14:55:10;15;016973 98132;07013 418210;NINO;BW 67 18 17 A;https://randomuser.me/api/portraits/women/70.jpg;https://randomuser.me/api/portraits/med/women/70.jpg;https://randomuser.me/api/portraits/thumb/women/70.jpg;GB;586;2024-05-20 14:36:37.770886
female;missis;Barb;Obrien;531;Victoria Street;Newry;Herefordshire;United Kingdom;J2 9UX;39.8995;-132.8956;+2:00;Kaliningrad, South Africa;barb.obrien@example.com;4f9f7731-1ba1-48c8-9a42-a113f095d2fe;whiteswan185;shawn;xDUea6nP;ca63b3743d3d14550fc1755c450457f5;d58da05ff82335b6e9dc4997911ae726953e8286;ff0e7a705c13a72cd8b13c4e04f543c67f3b01306bb769f1fc40c5fc56b393aa;06/10/1990;33;2020-03-08 01:50:29;4;013873 27936;07225 629583;NINO;GH 84 52 20 M;https://randomuser.me/api/portraits/women/59.jpg;https://randomuser.me/api/portraits/med/women/59.jpg;https://randomuser.me/api/portraits/thumb/women/59.jpg;GB;846;2024-05-20 14:36:37.771920
male;mister;Earl;Boyd;2566;Brick Kiln Road;York;Nottinghamshire;United Kingdom;WI3U 5ES;48.1872;-3.3522;-9:00;Alaska;earl.boyd@example.com;363bd7ec-dd3d-4c5b-88a2-b743086cf0b2;tinybutterfly484;silence;hlQnK8Jc;33dc0058b77ff8a6aeb18106a80bad00;f60cc46a7c0d07add41b3ed54b73b730efb35ff6;d34fdf5ce291bf5a04adf53085dc63e42f98cd947a3d9894a8efceb5e7d57b61;02/08/1999;25;2020-03-30 00:12:40;4;016977 47061;07737 988514;NINO;YC 69 70 39 C;https://randomuser.me/api/portraits/men/33.jpg;https://randomuser.me/api/portraits/med/men/33.jpg;https://randomuser.me/api/portraits/thumb/men/33.jpg;GB;906;2024-05-20 14:36:37.771920
