gender;name.title;name.first;name.last;location.street.number;location.street.name;location.city;location.state;location.country;location.postcode;location.coordinates.latitude;location.coordinates.longitude;location.timezone.offset;location.timezone.description;email;login.uuid;login.username;login.password;login.salt;login.md5;login.sha1;login.sha256;dob.date;dob.age;registered.date;registered.age;phone;cell;id.name;id.value;picture.large;picture.medium;picture.thumbnail;nat;global_index;current_time
female;mademoiselle;Priska;Riviere;5794;Place du 8 Novembre 1942;St. Ursen;Ticino;Switzerland;8071;-66.1946;-135.9769;+3:30;Tehran;priska.riviere@example.com;f7dd02cc-02f7-452f-a537-63ede602a13b;purplecat568;grant;U1gGovzK;720398e98cc6ef573e2d4fe46f4303de;66c0880ff2536974785f30853c031860dbb5c735;9dc06185b07eae8406050855db41d1ca0175ad6d520e611df2576f5fdc6e0f13;12/04/1984;39;2020-08-26 03:24:22;3;076 885 56 27;075 603 99 18;AVS;756.2223.4501.18;https://randomuser.me/api/portraits/women/21.jpg;https://randomuser.me/api/portraits/med/women/21.jpg;https://randomuser.me/api/portraits/thumb/women/21.jpg;CH;230;2024-05-20 14:36:37.770886
male;Monsieur;Massimiliano;Schmitt;811;Rue du Bon-Pasteur;Brütten;Zug;Switzerland;7424;25.0336;132.0377;-7:00;Mountain Time (US & Canada);massimiliano.schmitt@example.com;2d631406-9f1a-4f96-b753-eaf3222243d7;lazyfrog609;hopeful;r075waBU;6e7583df74f649e2f962cb829b2f8282;ba3d4779aa4ad8e65611105630cdf4526ce96f3a;051ec3f18b2a78b8f3051583b1a8897f2d4194abe908ffdf4ac332c787869302;06/03/1986;37;2010-03-08 10:36:11;14;076 290 63 44;079 219 25 17;AVS;756.0602.8951.84;https://randomuser.me/api/portraits/men/28.jpg;https://randomuser.me/api/portraits/med/men/28.jpg;https://randomuser.me/api/portraits/thumb/men/28.jpg;CH;259;2024-05-20 14:36:37.770886
male;Monsieur;Jean-Marie;Simon;1701;Rue Dumenge;Fresens;Basel-Stadt;Switzerland;1372;-30.2355;34.3103;-10:00;Hawaii;jean-marie.simon@example.com;83d67f23-3b7b-4abf-8cf0-aada74178f67;crazyfish131;fishhead;I5m4td62;46ac004f8cb6317c3637c03e78ad29ce;3ab504dcc29cd6acf14d9517b4f42e63cde6d570;362b8f652cd8cbb799d5d0779d033973131885b631902668be2206677298bbda;05/31/1980;43;2020-11-03 21:17:48;3;079 355 90 32;075 624 52 60;AVS;756.3759.2607.98;https://randomuser.me/api/portraits/men/8.jpg;https://randomuser.me/api/portraits/med/men/8.jpg;https://randomuser.me/api/portraits/thumb/men/8.jpg;CH;646;2024-05-20 14:36:37.770886
male;Monsieur;Patrick;Bernard;7749;Place des 44 Enfants D'Izieu;Thalheim (Ag);Fribourg;Switzerland;4470;-71.8275;34.5785;0:00;Western Europe Time, London, Lisbon, Casablanca;patrick.bernard@example.com;5fdcd581-2c6d-4675-8f00-7cf3e262c1d5;blackelephant189;leroy;3FoO7FNm;cb321b946160c3f6762769bb4ec6f9b9;237a2bf89f8e4b9e1bbbf6d65327eb7d30068e4b;569b2775c8a4f9a28466b966d5eb311d396131a61b301d8ed6cacced03f7e1a7;05/14/1983;41;2008-05-15 12:08:46;16;078 236 70 38;075 295 03 99;AVS;756.5522.2278.06;https://randomuser.me/api/portraits/men/20.jpg;https://randomuser.me/api/portraits/med/men/20.jpg;https://randomuser.me/api/portraits/thumb/men/20.jpg;CH;698;2024-05-20 14:36:37.771920
female;mademoiselle;Patricia;Berger;3780;Rue Louis-Garrand;Rongellen;Appenzell Innerrhoden;Switzerland;9297;-75.0235;-165.0539;0:00;Western Europe Time, London, Lisbon, Casablanca;patricia.berger@example.com;64b70805-61a4-4a50-a986-c4c6898dedf3;goldenpeacock149;postov1000;SB2Ax1ss;afad1e8f3cd86b0efcdc4ddb2659f37f;b62e0e8754845e2e86d65545cc824a86ae0fb80f;5c2a1b216bad4a334c019e349c6e29cd468cdf75c155f91de9478ed40b3ed727;06/28/1982;41;2012-04-29 12:20:13;12;078 760 43 45;077 079 03 26;AVS;756.6228.7355.26;https://randomuser.me/api/portraits/women/55.jpg;https://randomuser.me/api/portraits/med/women/55.jpg;https://randomuser.me/api/portraits/thumb/women/55.jpg;CH;824;2024-05-20 14:36:37.771920
