gender;name.title;name.first;name.last;location.street.number;location.street.name;location.city;location.state;location.country;location.postcode;location.coordinates.latitude;location.coordinates.longitude;location.timezone.offset;location.timezone.description;email;login.uuid;login.username;login.password;login.salt;login.md5;login.sha1;login.sha256;dob.date;dob.age;registered.date;registered.age;phone;cell;id.name;id.value;picture.large;picture.medium;picture.thumbnail;nat;global_index;current_time
male;Monsieur;Naser;Lopez;8042;Rue de la Fontaine;Hellikon;Bern;Switzerland;1124;36.1034;74.7181;-4:00;Atlantic Time (Canada), Caracas, La Paz;naser.lopez@example.com;2eb26898-0fe1-41cd-a786-e230da2a7d34;greensnake732;costello;zWrlW9ac;0e5d7d155ecf067ccbe2d2caa0449a67;742795b85cf99c82e40a164a4376143df1eb7b11;ced8652b807cb8bf03a43e39cd1fdc801df2b7e7b54155ce0db7e47385a540c9;01/10/1979;45;2019-05-07 21:53:46;5;079 307 32 75;079 766 44 93;AVS;756.8709.2335.88;https://randomuser.me/api/portraits/men/38.jpg;https://randomuser.me/api/portraits/med/men/38.jpg;https://randomuser.me/api/portraits/thumb/men/38.jpg;CH;58;2024-05-20 14:36:37.769849
male;Monsieur;Moreno;Marchand;5281;Avenue de la Libération;Ardon;Aargau;Switzerland;6967;-72.3709;115.8169;+6:00;Almaty, Dhaka, Colombo;moreno.marchand@example.com;5b1630d2-015d-49d2-a804-bba9677fde6d;heavytiger734;lonewolf;djLFv2Ov;13b331b1212b43a5b01f146c162bf482;6bef39ca8e34115f38ab0b7fa02e844974eb9291;7dc67149ede0244602d7892e16661a84633470a4c9bab7bd3a05c6ba8c8c082c;04/23/1975;49;2013-11-09 00:26:45;10;078 977 47 99;078 584 43 54;AVS;756.4512.4608.61;https://randomuser.me/api/portraits/men/8.jpg;https://randomuser.me/api/portraits/med/men/8.jpg;https://randomuser.me/api/portraits/thumb/men/8.jpg;CH;189;2024-05-20 14:36:37.770886
female;Mademoiselle;Liana;Dumas;717;Rue Barrème;Ulmiz;Glarus;Switzerland;8815;-89.4721;-13.2634;+7:00;Bangkok, Hanoi, Jakarta;liana.dumas@example.com;8986f23c-c68e-4e5b-9296-8501b12c4646;yellowbutterfly310;nobody;zWDizcu8;795fab9d7839bb179956ed83f32651e3;c972826eff7a887e461981b450848962d5235965;b38c9d5d386613c06e528ece9fde0f920ad8dad59e5d812a3889dcfd7f97eac5;05/22/1975;48;2004-12-28 18:03:14;19;078 631 93 13;076 349 44 31;AVS;756.0535.9074.97;https://randomuser.me/api/portraits/women/47.jpg;https://randomuser.me/api/portraits/med/women/47.jpg;https://randomuser.me/api/portraits/thumb/women/47.jpg;CH;249;2024-05-20 14:36:37.770886
male;Monsieur;Felix;Roger;2154;Avenue du Fort-Caire;Puplinge;Schaffhausen;Switzerland;3022;79.929;9.7444;-12:00;Eniwetok, Kwajalein;felix.roger@example.com;4c18c465-3d4b-4b9c-9c5f-930376186541;angryostrich965;officer;pFJFXZCs;0e8824ed86b9469c5dcf2a16fa410bfa;523d4c22b72e5a2894f5087df86f33e17d0f1119;0d79600ca12d112e045ed41360dab5a901414281fea74ce56fc1395b80496131;02/09/1973;51;2020-12-31 23:41:09;3;077 546 24 08;076 079 23 23;AVS;756.4874.7611.15;https://randomuser.me/api/portraits/men/21.jpg;https://randomuser.me/api/portraits/med/men/21.jpg;https://randomuser.me/api/portraits/thumb/men/21.jpg;CH;441;2024-05-20 14:36:37.770886
male;Monsieur;Remo;Faure;6883;Rue de L'Abbaye;Tuggen;Jura;Switzerland;4386;-88.5759;49.2999;+3:30;Tehran;remo.faure@example.com;f1231e0f-b964-4d5c-939e-0924538ae045;blackbear321;katherine;9NpUUaLZ;ccc66af810ed35caf43e4fbab60110f1;505480ef93ba4389a67a9567e733569ca46bc832;97d7e29439943a644fdde419699a9ed3ba023cdf9244392e16068250350d1110;06/16/1977;46;2010-09-22 19:10:47;13;076 205 69 08;079 066 36 39;AVS;756.6123.5283.85;https://randomuser.me/api/portraits/men/22.jpg;https://randomuser.me/api/portraits/med/men/22.jpg;https://randomuser.me/api/portraits/thumb/men/22.jpg;CH;788;2024-05-20 14:36:37.771920
male;Monsieur;Georg;Fontai;3753;Rue de Bonnel;Schwarzenburg;Zug;Switzerland;7353;-44.4937;168.8449;0:00;Western Europe Time, London, Lisbon, Casablanca;georg.fontai@example.com;ae168234-29a1-43bd-a98b-c263406ca6f0;brownfish889;fanny;7Vlw1bkx;64a9df4981d26d6c334663a108d5bd74;c168db1ee33ed2a4e7ed1272d3c6810330d73193;418d0c6aeeedf0fed48f6fdd013642cb85c656ccd53b440535b9a14de2352991;12/24/1970;53;2010-06-04 01:38:24;13;078 987 59 67;076 423 01 79;AVS;756.8657.1819.47;https://randomuser.me/api/portraits/men/97.jpg;https://randomuser.me/api/portraits/med/men/97.jpg;https://randomuser.me/api/portraits/thumb/men/97.jpg;CH;794;2024-05-20 14:36:37.771920
male;Monsieur;Ali;Lemoine;7611;Place Paul-Duquaire;Kippel;Obwalden;Switzerland;4911;84.4324;-26.6705;0:00;Western Europe Time, London, Lisbon, Casablanca;ali.lemoine@example.com;f2d467d5-c555-440f-957d-e2f7dc407701;brownpeacock108;orlando;MS7kyUIG;7654fef4371d34bd8b9b1a2c1f9622c0;1f682d4277b0a77de246b4c1256ee5b16913f670;0f26b7bbb064a49e1c4ebefe8953b3fa41fa12d39e0d86b84acdb0013a2c0a93;06/18/1973;50;2020-02-02 16:20:24;4;076 108 04 88;077 220 85 03;AVS;756.3445.5537.53;https://randomuser.me/api/portraits/men/77.jpg;https://randomuser.me/api/portraits/med/men/77.jpg;https://randomuser.me/api/portraits/thumb/men/77.jpg;CH;911;2024-05-20 14:36:37.771920
male;Monsieur;Fabien;Gerard;5822;Rue Dubois;Brissago;Nidwalden;Switzerland;9647;-83.5846;-91.5662;-11:00;Midway Island, Samoa;fabien.gerard@example.com;fa39b2c7-ef6a-4c96-a37b-2d3e2906eee1;ticklishbutterfly445;77777;0wk20zRO;5b7f93816d09cf1da6d9df730c8ac19d;24bf7a5cf30581f152d48c709f8da978283d8b66;90edc0fbecca8b72697c0cfc81f02765e69cf36b95cf0d7b3c10032fcded3ebb;04/24/1979;45;2017-07-22 19:25:14;6;079 157 03 21;079 046 92 87;AVS;756.1953.3593.73;https://randomuser.me/api/portraits/men/73.jpg;https://randomuser.me/api/portraits/med/men/73.jpg;https://randomuser.me/api/portraits/thumb/men/73.jpg;CH;976;2024-05-20 14:36:37.771920
female;Mademoiselle;Morgane;Thomas;9256;Rue Abel-Hovelacque;Rain;Valais;Switzerland;4820;-10.6452;28.6822;+2:00;Kaliningrad, South Africa;morgane.thomas@example.com;3495b341-d681-4fde-b0e7-27d17b3e9df4;beautifullion113;sweet;umY7yC82;4508f463143f2b31f1d3a2f9f8d126aa;3b992dcb6d1470681faa6b30659fe27f84b1e8c1;eda8e4a17ff68d576711d263107d653757b5d68b83a1937f8242cf832e0a0639;11/11/1978;45;2002-08-27 15:02:14;21;079 826 37 52;076 797 01 99;AVS;756.4337.6312.10;https://randomuser.me/api/portraits/women/64.jpg;https://randomuser.me/api/portraits/med/women/64.jpg;https://randomuser.me/api/portraits/thumb/women/64.jpg;CH;990;2024-05-20 14:36:37.771920
