gender;name.title;name.first;name.last;location.street.number;location.street.name;location.city;location.state;location.country;location.postcode;location.coordinates.latitude;location.coordinates.longitude;location.timezone.offset;location.timezone.description;email;login.uuid;login.username;login.password;login.salt;login.md5;login.sha1;login.sha256;dob.date;dob.age;registered.date;registered.age;phone;cell;id.name;id.value;picture.large;picture.medium;picture.thumbnail;nat;global_index;current_time
female;miss;زهرا;علیزاده;8407;شهید ثانی;قم;خراسان شمالی;Iran;77667;16.491;-144.5951;+8:00;Beijing, Perth, Singapore, Hong Kong;zhr.aalyzdh@example.com;21bf172f-2417-4f9f-b2ab-9ba2be8a9347;redfish151;hyperion;ydB1AFTZ;88d86d590d58bf5fc18136914b292e18;2d77de6061e05336fc26dab2f59dc7d491117c72;f93c3b3458127b7e3bc4138595f2f742c0b5c0347524e70b0bf5081f3ed35bf5;10/02/1998;25;2016-06-19 15:56:13;7;041-02796277;0950-248-7874;;;https://randomuser.me/api/portraits/women/7.jpg;https://randomuser.me/api/portraits/med/women/7.jpg;https://randomuser.me/api/portraits/thumb/women/7.jpg;IR;22;2024-05-20 14:36:37.769849
male;mister;پارسا;کامروا;5628;آیت‌الله سعیدی;قائم‌شهر;کهگیلویه و بویراحمد;Iran;99138;-58.9416;-131.0968;+5:45;Kathmandu;prs.khmrw@example.com;c4c637d6-d7c2-4a4e-8279-7fbf422fbe52;bluefrog507;brandon;wCwUPJBA;e6542c1cbe8bb3b3b52fe1b831c962a1;fa5cf778e48489068deca83c58c8fcc48cf9caa4;ce9be01fa292fa3bc229e4a244e904d9cd576fa2cdbcf44763942a5cff339bf0;01/24/1997;27;2012-02-26 16:25:38;12;008-21457436;0915-417-6182;;;https://randomuser.me/api/portraits/men/53.jpg;https://randomuser.me/api/portraits/med/men/53.jpg;https://randomuser.me/api/portraits/thumb/men/53.jpg;IR;24;2024-05-20 14:36:37.769849
female;miss;آنیتا;رضایی;3518;میدان 15خرداد;بندرعباس;گلستان;Iran;26099;36.0697;-106.3398;+6:00;Almaty, Dhaka, Colombo;anyt.rdyy@example.com;cdbf87c6-091a-4c5c-8e30-aea7a4b57728;lazyfish797;5252;OkonLMOA;bb27b921663c1ec49c738f2627addac6;ed77944444b5a85c901bf3abb3dadc76460bac8b;8ac65269507f148a695eae98d680f1888399bd3b0011740dc3e81522d794477d;05/26/1996;27;2011-03-13 10:36:19;13;092-31256761;0916-276-8125;;;https://randomuser.me/api/portraits/women/85.jpg;https://randomuser.me/api/portraits/med/women/85.jpg;https://randomuser.me/api/portraits/thumb/women/85.jpg;IR;229;2024-05-20 14:36:37.770886
male;mister;مانی;رضایی;2555;کارگر;کاشان;اردبیل;Iran;10905;38.277;-13.4029;+9:30;Adelaide, Darwin;mny.rdyy@example.com;216253ad-a7dc-47bf-987a-b14b19405bdb;browntiger803;asdfasdf;EBguoamq;242909e712eda88afc751afc0146b6e4;f0effbab705f30c824092c35902d0bd43e92a5b6;8fd675834e675e13da217424046e3d85f02b5a243deffb6dc90b68cc679d8829;04/08/1994;30;2004-07-02 05:26:12;19;062-51589500;0924-490-6104;;;https://randomuser.me/api/portraits/men/20.jpg;https://randomuser.me/api/portraits/med/men/20.jpg;https://randomuser.me/api/portraits/thumb/men/20.jpg;IR;252;2024-05-20 14:36:37.770886
male;mister;عرشيا;گلشن;4717;آیت الله سعیدی;پاکدشت;هرمزگان;Iran;79330;-50.7648;-118.4486;+3:30;Tehran;aarshy.glshn@example.com;a7101659-1bbe-4e7c-a645-602c2aab12fa;redkoala287;breanna;Q97vXa0i;4222285155a475a03720f6d1828b3ee5;ad7cc1a3672d5f6323bf8350e2a8a66f63b9de43;6a125976bbcfe47f43d77bb085fe77b4cc8ef0600fdcdb1e378f7e36917affb4;05/29/1998;25;2006-07-04 17:07:22;17;026-32214889;0982-023-9401;;;https://randomuser.me/api/portraits/men/64.jpg;https://randomuser.me/api/portraits/med/men/64.jpg;https://randomuser.me/api/portraits/thumb/men/64.jpg;IR;294;2024-05-20 14:36:37.770886
male;mister;سام;سلطانی نژاد;5966;مصطفی خمینی;رشت;لرستان;Iran;22948;35.1098;166.2983;-1:00;Azores, Cape Verde Islands;sm.sltnynjd@example.com;83bad39d-409a-44c3-ab4d-cd492c8752fc;ticklishrabbit693;sneakers;DvNcXDP0;dbd1ff5f491741288ae7fdf475f0611e;45a2e693e47b026b5b48d7c3a9b05bd525bd58d4;72218e48cff0eb118def684a8bd7d57d4b5f655af4fbaf5bd4e4a3edc87a685f;11/02/1997;26;2005-10-08 19:09:24;18;026-98970108;0962-306-1546;;;https://randomuser.me/api/portraits/men/12.jpg;https://randomuser.me/api/portraits/med/men/12.jpg;https://randomuser.me/api/portraits/thumb/men/12.jpg;IR;601;2024-05-20 14:36:37.770886
male;mister;آرش;نجاتی;3982;30 تیر;آمل;آذربایجان شرقی;Iran;12007;-52.6696;30.8094;+3:00;Baghdad, Riyadh, Moscow, St. Petersburg;arsh.njty@example.com;a5cf1a38-c4f7-4aa2-9b0e-aa26bb3ab8b2;blueleopard572;soprano;ZAFK8E8s;e1f63d9623fec2f135392ff143c606c1;d2dfe96030bbb9828ce9ef69b0b13c7f28320bde;b2f72b82958dd0ab6ecf67e4c2027363cb22ad458532b2c606c0cac7f3b12d7a;10/17/1990;33;2010-10-03 14:54:18;13;007-40313193;0986-762-6853;;;https://randomuser.me/api/portraits/men/98.jpg;https://randomuser.me/api/portraits/med/men/98.jpg;https://randomuser.me/api/portraits/thumb/men/98.jpg;IR;871;2024-05-20 14:36:37.771920
female;Miss;ملینا;سالاری;6715;شهید آرش مهر;سیرجان;کرمانشاه;Iran;94446;-76.305;-178.5503;-4:00;Atlantic Time (Canada), Caracas, La Paz;mlyn.slry@example.com;7e9352a5-d41f-40f7-81a4-847fa9e9e876;bluelion864;toonarmy;8MDJAn52;10e4bed11da4a18e9d6fc545e5c8f4d3;63a60c8772e7ca4172735ba8b842d634fa3190bd;211a5f6bfc829c1e9cab06aeb1a08f4da44ffe8d304347ddb78c9c5c4667dc66;10/22/1998;25;2010-09-09 22:51:35;13;068-37602008;0921-898-8237;;;https://randomuser.me/api/portraits/women/33.jpg;https://randomuser.me/api/portraits/med/women/33.jpg;https://randomuser.me/api/portraits/thumb/women/33.jpg;IR;931;2024-05-20 14:36:37.771920
