gender;name.title;name.first;name.last;location.street.number;location.street.name;location.city;location.state;location.country;location.postcode;location.coordinates.latitude;location.coordinates.longitude;location.timezone.offset;location.timezone.description;email;login.uuid;login.username;login.password;login.salt;login.md5;login.sha1;login.sha256;dob.date;dob.age;registered.date;registered.age;phone;cell;id.name;id.value;picture.large;picture.medium;picture.thumbnail;nat;global_index;current_time
male;mister;Davut;Ilıcalı;4246;Fatih Sultan Mehmet Cd;Erzincan;Erzincan;Turkey;16221;64.1787;128.6109;-2:00;Mid-Atlantic;davut.ilicali@example.com;cd53e4f7-7c42-4c3a-bd22-98ff1fe3e3a5;tinylion909;liao;i20gZs9I;1a300b6366ff02a699e52cb31119782e;944a2003ff4b283256b4d22e12e144206ef55ccb;a59772ee95c0c7fc9ba39455db3394b0c7bdd1bbe5233866830e6c4be5972b67;01/26/1980;44;2009-01-27 10:53:07;15;(997)-912-3966;(892)-281-1950;;;https://randomuser.me/api/portraits/men/66.jpg;https://randomuser.me/api/portraits/med/men/66.jpg;https://randomuser.me/api/portraits/thumb/men/66.jpg;TR;99;2024-05-20 14:36:37.769849
male;mister;Barış;Fahri;8848;Kushimoto Sk;Karabük;Muğla;Turkey;92955;-0.0996;159.2963;+5:30;Bombay, Calcutta, Madras, New Delhi;baris.fahri@example.com;550e5880-b28a-4ce3-b464-c9b7284ec307;silverladybug978;elizabeth;tukQfTQ3;05ac36a60d761aefbd32a2b0fbc3d1c6;3196161e05100b35d77ed0057d6cc9deea286a46;1707d4d62f7d4ffd9b53323c38bad60a84bd35747ad3d9ce9e5d85ee7d6dcdcc;01/28/1981;43;2016-07-27 08:41:34;7;(377)-692-1634;(702)-034-0582;;;https://randomuser.me/api/portraits/men/20.jpg;https://randomuser.me/api/portraits/med/men/20.jpg;https://randomuser.me/api/portraits/thumb/men/20.jpg;TR;106;2024-05-20 14:36:37.769849
male;mister;Kaya;Avan;3907;Abanoz Sk;Van;Ardahan;Turkey;71687;58.4102;39.8862;+8:00;Beijing, Perth, Singapore, Hong Kong;kaya.avan@example.com;996aa569-f976-4de2-86b7-d5b7c3c7d167;heavywolf564;bell;YPsO5BJr;78a0d7d9479fe595edc2ce8b88bdb2d5;0ab21d0c90fdc67bcb5758fd128483f9d7316b42;e9e96ac1343410e8dc3ff12e0d04125fe8e3b656adf0c8040a4bb7ffe64e15b9;01/19/1986;38;2019-07-12 17:48:38;4;(929)-909-9313;(450)-064-2328;;;https://randomuser.me/api/portraits/men/82.jpg;https://randomuser.me/api/portraits/med/men/82.jpg;https://randomuser.me/api/portraits/thumb/men/82.jpg;TR;320;2024-05-20 14:36:37.770886
female;missis;Ece;Dalkıran;7203;Abanoz Sk;Bursa;Rize;Turkey;66479;-44.3414;-68.0556;+3:30;Tehran;ece.dalkiran@example.com;874ea498-03fc-45a3-a2a2-3399a6074ce7;smallladybug797;haggis;rMifZfLb;9d9edf9aeaae9977942aa9a2914774ba;0e89498e1debd62e8fb986699a3188a69c32ce84;83cf2449347e1019ea0df2643ffe093a2c12300f8d36e05921da6cf0d1782e32;04/11/1983;41;2017-09-14 06:40:42;6;(279)-437-0971;(254)-196-1678;;;https://randomuser.me/api/portraits/women/44.jpg;https://randomuser.me/api/portraits/med/women/44.jpg;https://randomuser.me/api/portraits/thumb/women/44.jpg;TR;423;2024-05-20 14:36:37.770886
female;Miss;Kübra;Yetkiner;8134;Şehitler Cd;Mardin;Iğdır;Turkey;70999;61.7905;80.1142;-5:00;Eastern Time (US & Canada), Bogota, Lima;kubra.yetkiner@example.com;ea45b7b7-fcdc-4bc4-b4dc-f2a2f90a79e3;tinyostrich461;rene;q8yUd7pc;4ad8f914c3f870a3a12c71d090f778a6;8dac3b3dbb4e146b54f6ace0f1d104aab5b99ac9;f9613314a5a3b38653322fd5fef89f7002269b3703d82868aca163c872d567d6;06/13/1987;36;2011-01-15 01:26:12;13;(700)-846-8338;(091)-582-5824;;;https://randomuser.me/api/portraits/women/74.jpg;https://randomuser.me/api/portraits/med/women/74.jpg;https://randomuser.me/api/portraits/thumb/women/74.jpg;TR;446;2024-05-20 14:36:37.770886
female;Miss;Elif;Adal;1876;Bağdat Cd;Karaman;Iğdır;Turkey;99319;-5.5097;3.1566;-10:00;Hawaii;elif.adal@example.com;fcd92f52-f8fa-4740-bc94-6b5115d4452f;bluecat415;cecile;tUMNAiEo;fefcc23bc11707ccc33c694fe4d12b51;4dcf9ca3fd5b9a600966db1b5bac7c8be3c894da;eaac7bd1d3d48c4e03d9a854960797aa49f9982497548be8dc8b0c21d0b388ec;12/26/1982;41;2005-07-17 12:42:14;18;(667)-889-2309;(424)-663-1135;;;https://randomuser.me/api/portraits/women/51.jpg;https://randomuser.me/api/portraits/med/women/51.jpg;https://randomuser.me/api/portraits/thumb/women/51.jpg;TR;588;2024-05-20 14:36:37.770886
male;mister;Deniz;Poyrazoğlu;7617;Istiklal Cd;Nevşehir;Balıkesir;Turkey;50699;-33.142;-6.02;+1:00;Brussels, Copenhagen, Madrid, Paris;deniz.poyrazoglu@example.com;f7719758-df93-4c17-be01-8c6ddcaa78cc;silverwolf227;1979;G800Tvte;e73f508dbf883ad7960b8df363a04cf3;fe2b240090db873af88a7acfffa08c35e1fdc632;730c53ecde3e68482920c88a5c6e7f3bd3c6e8b2b738722bdf1e344d36e4dbdc;05/11/1981;43;2018-02-12 23:34:26;6;(073)-338-0600;(184)-912-5064;;;https://randomuser.me/api/portraits/men/92.jpg;https://randomuser.me/api/portraits/med/men/92.jpg;https://randomuser.me/api/portraits/thumb/men/92.jpg;TR;604;2024-05-20 14:36:37.770886
male;mister;Efe;Hakyemez;5340;Fatih Sultan Mehmet Cd;Batman;Uşak;Turkey;65435;-64.213;166.1169;-5:00;Eastern Time (US & Canada), Bogota, Lima;efe.hakyemez@example.com;92abdb0c-eb77-4900-aaf2-93e8c32f0b44;beautifuldog518;sanford;bDvgan2c;3a78673a06ecaf41eb8945a18508dd87;91b1da32823d11ff111c699c3ffd4ec01e715f3d;698aad69b5fb5747a56892faa1bbcf57d890f8ef8d9337d3896a9173b824faa6;02/06/1982;42;2009-11-09 16:51:18;14;(843)-154-2566;(878)-457-8300;;;https://randomuser.me/api/portraits/men/94.jpg;https://randomuser.me/api/portraits/med/men/94.jpg;https://randomuser.me/api/portraits/thumb/men/94.jpg;TR;822;2024-05-20 14:36:37.771920
