gender;name.title;name.first;name.last;location.street.number;location.street.name;location.city;location.state;location.country;location.postcode;location.coordinates.latitude;location.coordinates.longitude;location.timezone.offset;location.timezone.description;email;login.uuid;login.username;login.password;login.salt;login.md5;login.sha1;login.sha256;dob.date;dob.age;registered.date;registered.age;phone;cell;id.name;id.value;picture.large;picture.medium;picture.thumbnail;nat;global_index;current_time
female;missis;Ella;Huotari;7192;Satakennankatu;Hanko;North Karelia;Finland;78052;61.3308;128.6075;+8:00;Beijing, Perth, Singapore, Hong Kong;ella.huotari@example.com;59510fa0-13d0-4177-b69f-63cf93a9e5f2;purplefish321;81fukkc;oK9Kr7tw;aaac10e58be24042843efaa4e0996af7;27b03c451a7531f32a7dbc34e4d8545f8bfff2ec;a1eaad7e60dbd719edcad310624d2adc58ccf471ce8be230cf518ad0300669b3;03/01/1989;35;2003-05-09 19:00:13;21;02-182-341;047-935-12-31;HETU;NaNNA212undefined;https://randomuser.me/api/portraits/women/84.jpg;https://randomuser.me/api/portraits/med/women/84.jpg;https://randomuser.me/api/portraits/thumb/women/84.jpg;FI;162;2024-05-20 14:36:37.769849
male;mister;Leevi;Kallio;8131;Nordenskiöldinkatu;Posio;North Karelia;Finland;98063;-10.57;168.3327;+5:30;Bombay, Calcutta, Madras, New Delhi;leevi.kallio@example.com;26353d54-9945-4826-8742-94ecc753d84b;sadgoose321;darren;jRdYW6Dw;d82e9fc183bf804a4391cae9e9ae441a;650b24f9b4a5e9ead01f02fbe3290d27a4a6b8e5;7c49c53571480abfd883843b482536f91031f47e6613b30e3341aa66ea8a2f4c;08/10/1984;39;2018-02-19 23:11:01;6;04-608-823;044-369-90-37;HETU;NaNNA675undefined;https://randomuser.me/api/portraits/men/33.jpg;https://randomuser.me/api/portraits/med/men/33.jpg;https://randomuser.me/api/portraits/thumb/men/33.jpg;FI;266;2024-05-20 14:36:37.770886
male;mister;Aleksi;Kantola;3725;Mechelininkatu;Kittilä;North Karelia;Finland;48946;5.1165;-77.8083;+3:30;Tehran;aleksi.kantola@example.com;6f0d6cf8-49df-4e8a-bf33-483cf61676a7;crazylion907;goat;UugiYE0Q;718ac866f4ff824a2c79505e8a6e2d3a;b9da2867f7ebcae1a0bf57707a3f493c9e36d947;3130ca47a070600fd97b45fd1c9feb8d5659f9f893410c5d49fd6db2152b6095;05/03/1982;42;2016-12-25 07:14:23;7;03-712-392;040-720-39-08;HETU;NaNNA499undefined;https://randomuser.me/api/portraits/men/76.jpg;https://randomuser.me/api/portraits/med/men/76.jpg;https://randomuser.me/api/portraits/thumb/men/76.jpg;FI;278;2024-05-20 14:36:37.770886
male;mister;Joona;Rajala;2854;Fredrikinkatu;Rauma;Åland;Finland;74311;51.0844;171.1232;+5:30;Bombay, Calcutta, Madras, New Delhi;joona.rajala@example.com;74750f32-0c59-44ff-97b5-12022fab151d;purplegoose515;firefigh;HGiCStv1;721afc6a66a9208feafd5d95a870377e;43a9b7d170fb3f27f11d5946fb5ab734dacb7ea5;5adee7228aea8dd1dbaa96cdffc2b0fff53f15e0e24bfa45f5da878877b6a5ae;03/10/1984;40;2018-07-01 15:13:50;5;06-339-158;040-333-25-94;HETU;NaNNA513undefined;https://randomuser.me/api/portraits/men/67.jpg;https://randomuser.me/api/portraits/med/men/67.jpg;https://randomuser.me/api/portraits/thumb/men/67.jpg;FI;318;2024-05-20 14:36:37.770886
male;mister;Topias;Kauppi;3492;Reijolankatu;Forssa;Kymenlaakso;Finland;95363;-0.5408;-70.6935;-5:00;Eastern Time (US & Canada), Bogota, Lima;topias.kauppi@example.com;8f2140b4-392c-4682-931d-9b0fd5e49612;brownwolf214;anton;kuhbVwvq;24a476b8d3a6e04b933d627a8f29cfc9;760844102d9387e3050e64e87b2d34043db72d02;f1ef371fdd9a3462301903f384a66bd9de6cf42c4186df1ce75ab00f66bdfb06;08/03/1986;37;2007-06-19 18:21:00;16;05-717-611;041-930-01-95;HETU;NaNNA433undefined;https://randomuser.me/api/portraits/men/28.jpg;https://randomuser.me/api/portraits/med/men/28.jpg;https://randomuser.me/api/portraits/thumb/men/28.jpg;FI;469;2024-05-20 14:36:37.770886
male;mister;Oliver;Mikkola;3108;Visiokatu;Myrskylä;North Karelia;Finland;47780;-49.2861;64.7247;+4:00;Abu Dhabi, Muscat, Baku, Tbilisi;oliver.mikkola@example.com;cc6fa4d8-05ac-4eac-88ed-a80cf554c8b4;orangemeercat114;server;t0VSRlmx;eaa7787d689ac6180ddc478107ac3bbc;530e625c3a642039ea5c510fb84c25ced8025ea4;d742510e40394b3fd6ca74a9181f6d20f77c8aeda8855780b15a02d8ed9095ab;07/25/1981;42;2019-10-01 22:44:47;4;09-383-973;047-810-73-90;HETU;NaNNA361undefined;https://randomuser.me/api/portraits/men/78.jpg;https://randomuser.me/api/portraits/med/men/78.jpg;https://randomuser.me/api/portraits/thumb/men/78.jpg;FI;546;2024-05-20 14:36:37.770886
female;missis;Siiri;Keto;3759;Verkatehtaankatu;Merikarvia;South Karelia;Finland;49458;-68.378;152.3068;+3:00;Baghdad, Riyadh, Moscow, St. Petersburg;siiri.keto@example.com;5a84559d-a1a0-4d13-aff5-46c218df649d;redelephant559;logan;9SxI6sgj;ac420243dc6f9da7e980436deb28e844;7a446309ebb73996d279d71715248678f4b0c662;d0c43201d6711e5abd365bd0429e512862ae483b7423b327d89cb180f5a3e348;02/06/1980;44;2008-06-08 15:53:53;15;02-626-157;047-687-47-42;HETU;NaNNA002undefined;https://randomuser.me/api/portraits/women/71.jpg;https://randomuser.me/api/portraits/med/women/71.jpg;https://randomuser.me/api/portraits/thumb/women/71.jpg;FI;894;2024-05-20 14:36:37.771920
