gender;name.title;name.first;name.last;location.street.number;location.street.name;location.city;location.state;location.country;location.postcode;location.coordinates.latitude;location.coordinates.longitude;location.timezone.offset;location.timezone.description;email;login.uuid;login.username;login.password;login.salt;login.md5;login.sha1;login.sha256;dob.date;dob.age;registered.date;registered.age;phone;cell;id.name;id.value;picture.large;picture.medium;picture.thumbnail;nat;global_index;current_time
female;missis;Evelyn;Dybdahl;5806;Lindeberglia;Fardalen;Finnmark - Finnmárku;Norway;4768;68.0533;72.6192;-11:00;Midway Island, Samoa;evelyn.dybdahl@example.com;ed8dcbc1-0b8c-4cef-b144-313a441e3acb;heavygorilla890;callaway;hv9KCyOe;54b9b1873d7934e36953e39137907a87;6fac581b537a70cbe7724d86ad2a8ee1d6e9b533;b0e18ff452b87a6ce8541eed67cb04b878dfa0cc9cedc1a4fcd68b7f63ee880c;01/23/1971;53;2018-06-15 03:47:23;5;21124427;97924561;FN;23017114638;https://randomuser.me/api/portraits/women/5.jpg;https://randomuser.me/api/portraits/med/women/5.jpg;https://randomuser.me/api/portraits/thumb/women/5.jpg;NO;77;2024-05-20 14:36:37.769849
female;Miss;Sine;Søreide;9004;Radarveien;Rausand;Nord-Trøndelag;Norway;6392;40.9544;54.9093;-3:00;Brazil, Buenos Aires, Georgetown;sine.soreide@example.com;940240a6-f40e-43eb-8f62-268006ba60bc;beautifulpanda318;earl;pqn8GqRS;d69a93c1451686b71efbdbc11528b619;ac3121747c5be0a35e00eabc6eb2da79e7ce533a;c1da50c9940f897d74efc03fa318a4db2f57f0440089193f06d5e8af8735506e;09/21/1975;48;2011-10-26 11:07:16;12;77334827;49089256;FN;21097525681;https://randomuser.me/api/portraits/women/53.jpg;https://randomuser.me/api/portraits/med/women/53.jpg;https://randomuser.me/api/portraits/thumb/women/53.jpg;NO;118;2024-05-20 14:36:37.769849
female;missis;Aiza;Kirkhus;7888;Olav Kyrres gate;Kaupanger;Buskerud;Norway;2422;-63.6957;75.1993;+4:00;Abu Dhabi, Muscat, Baku, Tbilisi;aiza.kirkhus@example.com;49f6d19a-eb31-4f08-88d4-bb00122dfe3b;bigfrog784;fantasia;9McXYIuc;8f369be9f84cc6d91cdf9268fa0fe51f;22d39be918ae26c29529bafb6203edbe9ae40aba;0b67a5862a82d1d90492fa52a862d4aab7c49ddafe3fd76b9cbf6010423dbd9e;06/04/1971;52;2011-06-17 23:47:46;12;71880301;45155468;FN;04067105406;https://randomuser.me/api/portraits/women/81.jpg;https://randomuser.me/api/portraits/med/women/81.jpg;https://randomuser.me/api/portraits/thumb/women/81.jpg;NO;334;2024-05-20 14:36:37.770886
female;miss;Alicia;Myklebust;584;Smedstusvingen;Volda;Telemark;Norway;1314;-53.068;16.9063;+4:30;Kabul;alicia.myklebust@example.com;2d2adbab-28ad-473a-b053-f8175d947db2;orangeelephant283;seeker;UUxwBtw4;af9ea4f51296b51e5a62a0bc794d391c;09a84c407b73623626a31ff267ef1f7b2083e04f;b31a423d3a3e4a1c41e618d1576803c2b517731ab9f7fbc0d2b015a57d8459a8;05/26/1974;49;2019-09-24 01:41:15;4;53330051;96365679;FN;26057411006;https://randomuser.me/api/portraits/women/74.jpg;https://randomuser.me/api/portraits/med/women/74.jpg;https://randomuser.me/api/portraits/thumb/women/74.jpg;NO;728;2024-05-20 14:36:37.771920
male;mister;Nicolas;Sværen;6446;Borgenveien;Breivikbotn;Rogaland;Norway;8724;-29.1435;78.9732;+5:45;Kathmandu;nicolas.svaeren@example.com;0cb21a9a-ad82-4765-adac-f290f1235dba;whitebutterfly286;porno1;U0zwFTzn;94169d8a06c33c78340c2e98afffdd3c;fab0b6735dd38aebde674988f5fb15078e6a4a16;a13c10809c00acbf18cf6a800d37bdf2afc1377fc45a502a26d6d255f097edc2;01/30/1973;51;2019-08-05 09:24:02;4;74876729;40811079;FN;30017329754;https://randomuser.me/api/portraits/men/0.jpg;https://randomuser.me/api/portraits/med/men/0.jpg;https://randomuser.me/api/portraits/thumb/men/0.jpg;NO;919;2024-05-20 14:36:37.771920
