gender;name.title;name.first;name.last;location.street.number;location.street.name;location.city;location.state;location.country;location.postcode;location.coordinates.latitude;location.coordinates.longitude;location.timezone.offset;location.timezone.description;email;login.uuid;login.username;login.password;login.salt;login.md5;login.sha1;login.sha256;dob.date;dob.age;registered.date;registered.age;phone;cell;id.name;id.value;picture.large;picture.medium;picture.thumbnail;nat;global_index;current_time
female;Miss;Mercedes;Gutiérrez;602;Eje vial Carmona;La Caridad (Fracción G);Nuevo Leon;Mexico;34862;-60.3781;-69.9364;0:00;Western Europe Time, London, Lisbon, Casablanca;mercedes.gutierrez@example.com;0b5c955e-7146-47cd-9715-dbc301a442c5;silvermeercat269;viper1;SBkxHi9A;9f1a79367d5703870cba8922696f4a93;96d05937b4972b645bf7766168b3ad21c4b77185;04b24ab942a2a0d74c58b042fc12fea406b2c6da77156f7eb19b2e353d5e90ea;09/19/1966;57;2021-11-27 03:09:32;2;(646) 738 8970;(656) 156 1542;NSS;64 66 46 7012 1;https://randomuser.me/api/portraits/women/70.jpg;https://randomuser.me/api/portraits/med/women/70.jpg;https://randomuser.me/api/portraits/thumb/women/70.jpg;MX;29;2024-05-20 14:36:37.769849
female;miss;Rosa;Paredes;8902;Avenida Chihuahua;Saldarriaga;Aguascalientes;Mexico;97609;-28.1141;-25.8846;+9:00;Tokyo, Seoul, Osaka, Sapporo, Yakutsk;rosa.paredes@example.com;b25d4454-aeb6-4270-9694-b72682f6fc93;greengorilla599;teen;nd0WenEw;9ac1d22b7832cb7172bf0987e0c70d0d;e13c3c44dda8a5b6d7e8e860f753ad626f60b75f;5db3e1ab063aef06726f5a7a3fcc0cbff5676b22ffeceb7f5334a197ae8b26c3;04/19/1964;60;2007-12-15 14:44:54;16;(635) 455 0967;(620) 042 0884;NSS;78 14 87 0528 9;https://randomuser.me/api/portraits/women/12.jpg;https://randomuser.me/api/portraits/med/women/12.jpg;https://randomuser.me/api/portraits/thumb/women/12.jpg;MX;48;2024-05-20 14:36:37.769849
female;Miss;Mariana;Saldivar;5052;Avenida Distrito Federal;Valtierrilla;Michoacan;Mexico;48761;-54.7085;-130.8369;-10:00;Hawaii;mariana.saldivar@example.com;0453bf06-eecb-4254-b122-01346512a427;whitebear259;three;JYFC3qDc;514e735695f28c616ebdd18d6bc93346;00c5252ee97441c7066a8de61e7a35aefa7157a2;513fbeb2b1750e4447dfeafa8ef2ce1e096faf67466687161fa539f0a26fd7fc;02/23/1963;61;2003-08-06 22:46:22;20;(608) 676 2264;(688) 280 3316;NSS;31 57 00 9269 3;https://randomuser.me/api/portraits/women/41.jpg;https://randomuser.me/api/portraits/med/women/41.jpg;https://randomuser.me/api/portraits/thumb/women/41.jpg;MX;460;2024-05-20 14:36:37.770886
female;miss;Paola;Garza;7764;Eje vial Michoacán de Ocampo;San Simón de Guerrero;Michoacan;Mexico;42187;6.6726;134.1568;-11:00;Midway Island, Samoa;paola.garza@example.com;5409454d-b642-4556-a69a-d779a85dfb12;silversnake741;voodoo;W8W58O5O;ec0530d2bab5d6ce22ef7305f15abc5f;05118e1f27992858479d64bfaf809d18fb6cbdce;a649edbd3badb0fb717c4e8a0269ebc524d71ed1fa99b639582736120f69904f;03/18/1966;58;2016-08-29 12:01:19;7;(684) 902 3513;(631) 588 1215;NSS;00 50 63 7492 2;https://randomuser.me/api/portraits/women/27.jpg;https://randomuser.me/api/portraits/med/women/27.jpg;https://randomuser.me/api/portraits/thumb/women/27.jpg;MX;567;2024-05-20 14:36:37.770886
male;mister;Patricio;Caraballo;4895;Retorno Nayarit;Yolotepec;Tamaulipas;Mexico;76634;-58.2823;-9.503;+4:00;Abu Dhabi, Muscat, Baku, Tbilisi;patricio.caraballo@example.com;04386d7b-9c19-4757-b3ec-ff16fe16d8c2;bigmouse247;pooky;7cU8bBLM;a1184a9c2c02b128a83afb327ae07b8a;735ce464e7a3cf5c254ba952bf3f595a9fa84f2e;7b4007942362c6bbbeedab689bd6184b05e65f62fcdb773deb7904b52f15e095;01/08/1962;62;2010-11-10 12:02:12;13;(692) 155 7008;(629) 810 6133;NSS;09 66 64 6657 4;https://randomuser.me/api/portraits/men/67.jpg;https://randomuser.me/api/portraits/med/men/67.jpg;https://randomuser.me/api/portraits/thumb/men/67.jpg;MX;685;2024-05-20 14:36:37.771920
female;Miss;Irma;Amador;34;Boulevard Lesotho;Salina Cruz;Zacatecas;Mexico;89895;82.2068;5.1307;+6:00;Almaty, Dhaka, Colombo;irma.amador@example.com;7ba3c243-5438-404a-8bd6-10b5b29b53a1;whitebutterfly744;admiral;lmtzOedx;20142a949fc59b2fb2f15756748fa088;b0443eee0aa9374399888327286a500e652e38ce;454128edeb5c5713cbc5a1ecbe58a3ce1a8a1b2a813b144a6bf714773d7f7edb;05/29/1960;63;2012-02-17 17:41:36;12;(650) 270 5120;(673) 080 9653;NSS;35 11 75 4476 3;https://randomuser.me/api/portraits/women/53.jpg;https://randomuser.me/api/portraits/med/women/53.jpg;https://randomuser.me/api/portraits/thumb/women/53.jpg;MX;730;2024-05-20 14:36:37.771920
male;mister;José Carlos;Rico;3043;Continuación Franco;San Lucas El Grande;Tlaxcala;Mexico;85377;19.1895;131.8735;-2:00;Mid-Atlantic;josecarlos.rico@example.com;cc379e0f-7b18-4cb8-b080-0275cf194c95;redbutterfly490;colt;0i6Nauvc;debc15494ab2ab1350cfcce13d1e6f47;e5fc5cfbb775c2438608f5d4b2907889cc2bf397;51c132012460d559b562818a0239e55851e3bcee3af39f50aa57d8d35e7c7843;03/11/1961;63;2017-03-08 05:41:59;7;(687) 817 6351;(606) 779 2524;NSS;82 46 45 7787 2;https://randomuser.me/api/portraits/men/70.jpg;https://randomuser.me/api/portraits/med/men/70.jpg;https://randomuser.me/api/portraits/thumb/men/70.jpg;MX;797;2024-05-20 14:36:37.771920
female;miss;Alejandra;Alcaraz;3728;Pasaje Batista;Epitacio Huerta;Michoacan;Mexico;17578;-67.3404;46.7969;+11:00;Magadan, Solomon Islands, New Caledonia;alejandra.alcaraz@example.com;19138038-fd58-4354-b790-e22431439ab6;lazybear435;134679;4IlYB2FK;1e614e65b8e4f9e4087f0905832062aa;58b38cce2db640d0fe9c1e2c693ced785cf062cb;4dfc610130417f890fb2c513f4ed58baae9db700a5e3c2b7ba5b6adddb7a8fd0;08/17/1961;62;2004-10-05 03:25:13;19;(651) 157 2769;(611) 695 4623;NSS;92 78 12 5720 1;https://randomuser.me/api/portraits/women/35.jpg;https://randomuser.me/api/portraits/med/women/35.jpg;https://randomuser.me/api/portraits/thumb/women/35.jpg;MX;949;2024-05-20 14:36:37.771920
