gender;name.title;name.first;name.last;location.street.number;location.street.name;location.city;location.state;location.country;location.postcode;location.coordinates.latitude;location.coordinates.longitude;location.timezone.offset;location.timezone.description;email;login.uuid;login.username;login.password;login.salt;login.md5;login.sha1;login.sha256;dob.date;dob.age;registered.date;registered.age;phone;cell;id.name;id.value;picture.large;picture.medium;picture.thumbnail;nat;global_index;current_time
male;mister;Benjamin;Thomsen;9254;Højmarken;Esbjerg V;Midtjylland;Denmark;69706;-9.9821;-0.5405;+5:45;Kathmandu;benjamin.thomsen@example.com;c49f83ef-9938-4650-ad92-af91e7bd5f1e;lazybear767;rocks;lPlQ0l2k;bc5f7404fdae7036e1e6e2986d05064b;7847d8c8037fb6e8fb6ea914386cc0e43cd3453e;b32a23eb8cc6b96ab2073154ebf1942eff68ec76cff65a718f80c1459ba58ef3;12/28/1969;54;2006-09-07 18:35:44;17;08184688;55227499;CPR;281269-4210;https://randomuser.me/api/portraits/men/43.jpg;https://randomuser.me/api/portraits/med/men/43.jpg;https://randomuser.me/api/portraits/thumb/men/43.jpg;DK;14;2024-05-20 14:36:37.769849
male;mister;Johan;Nielsen;1223;Runddyssen;Viby Sj.;Nordjylland;Denmark;46740;-64.2949;-140.5412;+10:00;Eastern Australia, Guam, Vladivostok;johan.nielsen@example.com;ea590dfa-68fc-43cc-8963-a29cfc5a82d5;blackcat244;brad;TCvm5O8o;1ae7db79fa31c48b0524188c93bd00a8;47c8bb521d8f7acbba10d864f8fbc54b7cf42a0f;8b904a4db540aadbd2d1456ba1b81dc4f4e3c448e607690a2ca61a0baf5be584;01/07/1960;64;2007-02-15 21:14:40;17;46756811;93529288;CPR;070160-3985;https://randomuser.me/api/portraits/men/85.jpg;https://randomuser.me/api/portraits/med/men/85.jpg;https://randomuser.me/api/portraits/thumb/men/85.jpg;DK;137;2024-05-20 14:36:37.769849
female;Miss;Thea;Nielsen;8318;Åtoften;Viby Sj.;Sjælland;Denmark;98714;65.1236;130.7609;+5:45;Kathmandu;thea.nielsen@example.com;f61a8e69-9449-4962-94b0-670e452b66ab;lazyfish110;virus;uFYMPnYK;c4ed54430fec9d2376d0ecc995b3fbcb;2af6a65d72d44fa8071866e4ee2f21ec678a40f4;447ba24e326c4ad3507d874bd0e528672e5e331808f3812fb0e08f03a3c81f28;11/26/1969;54;2017-03-15 23:33:05;7;98569145;12177923;CPR;261169-8216;https://randomuser.me/api/portraits/women/72.jpg;https://randomuser.me/api/portraits/med/women/72.jpg;https://randomuser.me/api/portraits/thumb/women/72.jpg;DK;357;2024-05-20 14:36:37.770886
male;mister;Daniel;Mortensen;3312;Grønnegade;Gørløse;Hovedstaden;Denmark;12172;-61.0955;23.4019;+5:45;Kathmandu;daniel.mortensen@example.com;f41dd757-a008-4e91-9696-0ac321d6666e;organicbear636;domingo;paNR8NVF;27c604265cf50cdbcb840351f3b43e18;2f32ce7b7ec3e7ddf58af950d3bd36cb6bca0f8c;086d4122bfb76997379eb005b05e60564fd5af1ddc159f78b6865eb06d5f24e1;05/22/1968;55;2013-04-30 15:49:18;11;19927871;13487184;CPR;210568-3205;https://randomuser.me/api/portraits/men/13.jpg;https://randomuser.me/api/portraits/med/men/13.jpg;https://randomuser.me/api/portraits/thumb/men/13.jpg;DK;382;2024-05-20 14:36:37.770886
male;mister;Tristan;Møller;1836;Smedevænget;Lundby;Danmark;Denmark;69170;30.9404;-71.7487;-4:00;Atlantic Time (Canada), Caracas, La Paz;tristan.moller@example.com;ed8ba7ce-a902-4774-be68-b9af9f548710;smallsnake457;video1;8rTV1peT;333a55ddf76e76763dc735bb36a0943e;5df45de0ae11bad85f72bf45139adf5247985162;70b3263e732ec24c9bcbe280dc6620a799e452bcd4d5e365edc551f1323364e1;10/18/1960;63;2012-12-16 11:01:13;11;44202907;94544908;CPR;181060-8740;https://randomuser.me/api/portraits/men/83.jpg;https://randomuser.me/api/portraits/med/men/83.jpg;https://randomuser.me/api/portraits/thumb/men/83.jpg;DK;396;2024-05-20 14:36:37.770886
female;Miss;Marie;Sørensen;5324;Enebærvej;Fredeikssund;Hovedstaden;Denmark;23536;60.5794;41.3;0:00;Western Europe Time, London, Lisbon, Casablanca;marie.sorensen@example.com;fb09a218-ece6-4e37-b9fd-546df36e8a9a;sadpeacock229;kings;LNepSZ4L;3e820a5656e8ee4dc11164bcc775d391;ac9bbfc4f945986bf43001f5f27b6ef58bb564f2;23b0c89f735348ae6539b6ea0dff78e79a3c3dd7cc0d8e305f6056a6882e9be3;11/11/1968;55;2006-03-14 09:45:41;18;03764907;31111624;CPR;101168-0223;https://randomuser.me/api/portraits/women/26.jpg;https://randomuser.me/api/portraits/med/women/26.jpg;https://randomuser.me/api/portraits/thumb/women/26.jpg;DK;405;2024-05-20 14:36:37.770886
female;Miss;Frida;Christiansen;8418;Dalvej;Snertinge;Sjælland;Denmark;21688;67.4034;-55.7823;+3:30;Tehran;frida.christiansen@example.com;b823bf4b-f250-44dd-ad71-f8cd5eddcf3f;ticklishcat291;designer;AuDa7CA2;71ab80ff5803a8d4cc12b7505726d814;9ad8bb5b68db846e6e17488359f67ee15c5324e0;a6077cfa0d41e45302ee73039e8f52e418794e503fd8151ce0a217705ce1aa28;08/24/1962;61;2020-07-01 01:16:53;3;21114287;72454157;CPR;240862-2584;https://randomuser.me/api/portraits/women/82.jpg;https://randomuser.me/api/portraits/med/women/82.jpg;https://randomuser.me/api/portraits/thumb/women/82.jpg;DK;501;2024-05-20 14:36:37.770886
male;mister;Nicklas;Rasmussen;1680;Søndertoften;Aalborg S.Ø.;Danmark;Denmark;54180;21.029;-12.4379;+9:00;Tokyo, Seoul, Osaka, Sapporo, Yakutsk;nicklas.rasmussen@example.com;e5e68154-1773-4059-b676-b6c2d8b231d9;biggoose979;rommel;AOZPIS2E;bdf6d6a31e232e834624d789a1575a0d;42df0c6c782c37d1be6540d22474213219448f0d;7b9e1dded0648ac81ed2067c4e2659e395f39c71c21cbf8b03b424905c22b31e;10/31/1968;55;2005-02-20 10:22:43;19;10674245;28779868;CPR;311068-1154;https://randomuser.me/api/portraits/men/64.jpg;https://randomuser.me/api/portraits/med/men/64.jpg;https://randomuser.me/api/portraits/thumb/men/64.jpg;DK;521;2024-05-20 14:36:37.770886
female;missis;Amalie;Kristensen;804;Elmegade;Sønder Stenderup;Sjælland;Denmark;18394;66.4123;46.2949;-9:00;Alaska;amalie.kristensen@example.com;3eba5cdf-8233-4897-bb70-5795abc9d2cf;orangeduck881;demons;YSxi5frd;2ebe0aaffe3411263516073fd3fd08ab;9b612c2546a005cdd904cbfb5b4abdd0b04f1945;892828da927ba219c2146e6ece1edd6204487f65f6350c204e72ab0aacaa4931;03/16/1965;59;2016-10-15 20:51:46;7;93336857;36950946;CPR;160365-4616;https://randomuser.me/api/portraits/women/29.jpg;https://randomuser.me/api/portraits/med/women/29.jpg;https://randomuser.me/api/portraits/thumb/women/29.jpg;DK;649;2024-05-20 14:36:37.770886
male;mister;Nikolaj;Hansen;1653;Bakkevej;Ulsted, Hals;Midtjylland;Denmark;91394;86.4284;15.1731;+8:00;Beijing, Perth, Singapore, Hong Kong;nikolaj.hansen@example.com;4410b9db-0847-4edf-9cb3-a2d8018da08a;blueostrich797;ferris;fpwDk0QD;042bd68ca460c49b87994e449d1f3872;5d31b38c99b4791a6eb357bf8cc54d46f1ab9540;7a9a9435ea30e95e05e7d1b1654c166e46dced63dc86b0dee78940218562b424;09/18/1961;62;2021-03-17 10:44:33;3;45793353;63195918;CPR;180961-7897;https://randomuser.me/api/portraits/men/35.jpg;https://randomuser.me/api/portraits/med/men/35.jpg;https://randomuser.me/api/portraits/thumb/men/35.jpg;DK;930;2024-05-20 14:36:37.771920
male;mister;Villads;Christensen;1128;Nørrevang;Ugerløse;Syddanmark;Denmark;33722;48.3293;-129.887;+4:00;Abu Dhabi, Muscat, Baku, Tbilisi;villads.christensen@example.com;e0e50521-eebe-4f99-95aa-e7d984e10ba1;heavyfish515;mememe;rhxvS1qw;1f5c232a5887807831289275be0bb3c5;9b697850aa81b988ad60d371dd57ea8ef1abfb55;5bda4a4cfe95f6fefbe14271176265fe093ef99d9f92500c0fb566709c2c81e1;02/11/1964;60;2009-02-20 11:16:12;15;68010072;69586830;CPR;100264-3131;https://randomuser.me/api/portraits/men/22.jpg;https://randomuser.me/api/portraits/med/men/22.jpg;https://randomuser.me/api/portraits/thumb/men/22.jpg;DK;981;2024-05-20 14:36:37.771920
