gender;name.title;name.first;name.last;location.street.number;location.street.name;location.city;location.state;location.country;location.postcode;location.coordinates.latitude;location.coordinates.longitude;location.timezone.offset;location.timezone.description;email;login.uuid;login.username;login.password;login.salt;login.md5;login.sha1;login.sha256;dob.date;dob.age;registered.date;registered.age;phone;cell;id.name;id.value;picture.large;picture.medium;picture.thumbnail;nat;global_index;current_time
female;miss;Parimala;Dhamdhame;2780;Commercial St;Amravati;Manipur;India;58526;-8.3771;-51.0405;-11:00;Midway Island, Samoa;parimala.dhamdhame@example.com;cad685d9-800b-469c-877c-a5f4d07cbc8b;crazytiger740;usnavy;QGQZEECf;17fc9a1610971a845d28ed59b6edb8a7;4c95858495cb71131cb6b78d65ae1ef62694c6ce;6393e1298dd02aa0c1462d539459957413417b0f271ffabcd4f659bab23a0db5;10/13/1965;58;2015-09-01 07:10:32;8;8319154720;8397262501;UIDAI;172313589465;https://randomuser.me/api/portraits/women/2.jpg;https://randomuser.me/api/portraits/med/women/2.jpg;https://randomuser.me/api/portraits/thumb/women/2.jpg;IN;263;2024-05-20 14:36:37.770886
female;missis;Bhoomika;Nayak;2676;Mirza Ghalib St;Srinagar;Delhi;India;74883;-21.3552;-125.0246;-7:00;Mountain Time (US & Canada);bhoomika.nayak@example.com;e8f8b809-d5a3-47db-90ab-7ba7750e3e75;organicdog169;wright;8CVcmvHK;829ac0e4b8602020dc0ff1529041b437;932c28cef3165b3246afb439a9f55c548d55cff0;65116a9dde3e887ff7e1697ef1fa5dcd1958d730932c12eafb0bdce3e7cdc3db;05/19/1964;60;2004-09-05 13:37:38;19;8974406600;7962981928;UIDAI;599946849389;https://randomuser.me/api/portraits/women/71.jpg;https://randomuser.me/api/portraits/med/women/71.jpg;https://randomuser.me/api/portraits/thumb/women/71.jpg;IN;287;2024-05-20 14:36:37.770886
female;miss;Vaani;Shayana;9462;Dadabhai Naoroji Rd;Junagadh;Sikkim;India;42874;-73.4491;102.0323;-1:00;Azores, Cape Verde Islands;vaani.shayana@example.com;2e71d0a1-ac2b-43dc-b127-fb24d866dc29;beautifulleopard198;poohbear;FI31GVkC;0237280a8d7517eacc9cc390aef4d039;bab7bea616240e28764be4c35756442c52a7c865;c68d05ff51aea25217cc18f5e54fc13cea5325e47c5c132553bf676f3dd68f20;12/30/1968;55;2006-10-01 13:34:50;17;8304049397;9690704478;UIDAI;871538562952;https://randomuser.me/api/portraits/women/84.jpg;https://randomuser.me/api/portraits/med/women/84.jpg;https://randomuser.me/api/portraits/thumb/women/84.jpg;IN;335;2024-05-20 14:36:37.770886
male;mister;Darpan;Tipparti;1593;Shanmugham Rd;Bahraich;Meghalaya;India;62631;-26.7709;-32.5691;+10:00;Eastern Australia, Guam, Vladivostok;darpan.tipparti@example.com;98e0d834-fb32-42db-ae08-490bac716ba0;angryfish917;paintbal;wk8qwTYj;4466c381f47667c1c908451b3f87b135;52875327a5f0b67cef8d383f6418b22d76ad4877;9974151b275c6293408e22c5f64d1e25f4fb7f42f500431a0bd66359eed702fe;11/03/1960;63;2009-06-04 13:06:04;14;9479719861;9323794788;UIDAI;852232970814;https://randomuser.me/api/portraits/men/90.jpg;https://randomuser.me/api/portraits/med/men/90.jpg;https://randomuser.me/api/portraits/thumb/men/90.jpg;IN;392;2024-05-20 14:36:37.770886
male;mister;Abhishek;Thampy;2778;Shakespeare Sarani;Sambalpur;Gujarat;India;67298;14.3722;-150.934;-3:00;Brazil, Buenos Aires, Georgetown;abhishek.thampy@example.com;02a1693d-4572-41ad-b928-9c735f866566;ticklishladybug689;transit;3P3CCKcz;391b8291779d7c293afe279f3ea29b9c;ccc4121acd471e83775575dae35f70d346feb952;15a74bde296d15ebc43011cfae0b3aec984b378bc133fb11d9bc108aa8216e1c;03/29/1968;56;2004-09-29 01:55:15;19;8885597313;9953210828;UIDAI;774417938406;https://randomuser.me/api/portraits/men/39.jpg;https://randomuser.me/api/portraits/med/men/39.jpg;https://randomuser.me/api/portraits/thumb/men/39.jpg;IN;492;2024-05-20 14:36:37.770886
male;mister;Ajay;Kamath;7864;Santhekatte;Thane;Andhra Pradesh;India;10317;-3.4521;-119.088;+7:00;Bangkok, Hanoi, Jakarta;ajay.kamath@example.com;ef73472d-057f-444f-a635-fbcb9a66f089;purplecat952;moto;kJ3LOxgj;2db8ae62e9199111b3078124778b0989;d74e9100ebf2f0198890eb5f4f4ae38a2c6041f0;dfefe63357728b71ddc0a9536d6f90a12156bda071b531130fa312c6cfe37cec;02/27/1968;56;2002-05-18 22:04:51;22;9123113685;8728536998;UIDAI;202591298970;https://randomuser.me/api/portraits/men/34.jpg;https://randomuser.me/api/portraits/med/men/34.jpg;https://randomuser.me/api/portraits/thumb/men/34.jpg;IN;507;2024-05-20 14:36:37.770886
female;miss;Neha;Shroff;3932;Marine Drive;Surendranagar;Puducherry;India;98041;84.7457;137.6478;+3:30;Tehran;neha.shroff@example.com;3036e712-ffde-4d74-b8ef-d4a4f83c8e1b;smallzebra958;wizard1;MlfaOB0o;be6996068fa33cedf38688a0252a6bf7;b117ad2c24bd4af1fa59506e8df487f5091c87f0;202b143c331b08baf593a652c4e469e35e419a1d1c3d7da25ea0f536aebbc86b;12/29/1961;62;2008-01-07 01:28:00;16;9829845952;7979133338;UIDAI;817623455112;https://randomuser.me/api/portraits/women/51.jpg;https://randomuser.me/api/portraits/med/women/51.jpg;https://randomuser.me/api/portraits/thumb/women/51.jpg;IN;563;2024-05-20 14:36:37.770886
male;mister;Yash;Belligatti;2392;Shivajinagar;Rampur;Maharashtra;India;31402;32.0679;-10.1361;-2:00;Mid-Atlantic;yash.belligatti@example.com;cfb3fda2-d545-4bf6-8edd-93354fb0d16f;ticklishcat751;state;sLyvs1AY;a69767ea452c8019fa446b4f9d652ffa;ed788793896401d1bf95f99d79681841060a7a74;2a9c7da79a2378ad474abf9f28975a032054934abb1bab5dbaab82f12c7571a7;12/25/1967;56;2012-08-24 06:56:16;11;8523836762;7682444558;UIDAI;151844140113;https://randomuser.me/api/portraits/men/61.jpg;https://randomuser.me/api/portraits/med/men/61.jpg;https://randomuser.me/api/portraits/thumb/men/61.jpg;IN;774;2024-05-20 14:36:37.771920
male;mister;Pranav;Kumari;609;China Bazaar Rd;Tiruppur;Lakshadweep;India;72263;-84.422;-125.1028;+5:45;Kathmandu;pranav.kumari@example.com;a421beb4-f5f8-4943-8737-5e088861399b;silverpanda758;calvin1;7r58ztXD;ea7551d4f11586db8c68062acb8c8ed2;c426e5e061216811e05ce89580ba00ee662e5a0b;a44acb8e149f7dd02ebd7cb3cfb84ee34f8234fac6821ee9e042e9b8c707b8f9;02/15/1966;58;2005-05-14 14:43:51;19;7526556971;7176275119;UIDAI;677655372120;https://randomuser.me/api/portraits/men/23.jpg;https://randomuser.me/api/portraits/med/men/23.jpg;https://randomuser.me/api/portraits/thumb/men/23.jpg;IN;903;2024-05-20 14:36:37.771920
