gender;name.title;name.first;name.last;location.street.number;location.street.name;location.city;location.state;location.country;location.postcode;location.coordinates.latitude;location.coordinates.longitude;location.timezone.offset;location.timezone.description;email;login.uuid;login.username;login.password;login.salt;login.md5;login.sha1;login.sha256;dob.date;dob.age;registered.date;registered.age;phone;cell;id.name;id.value;picture.large;picture.medium;picture.thumbnail;nat;global_index;current_time
female;missis;Mila;Harris;2592;Pine Hill Road;Hastings;Manawatu-Wanganui;New Zealand;27945;45.3654;55.7368;+7:00;Bangkok, Hanoi, Jakarta;mila.harris@example.com;c977a141-5e86-4f1e-974c-75de5ce288d6;silverbutterfly213;theresa;9eTiIGsn;d8b97d0613023174907c8c7b671750ec;007aea97084f970e4f927eb406aa6339b9b70246;c36fcace7a295fbe2e09d3c9247ad284d333eaccbde417641b5da8ad9145f010;04/27/1977;47;2019-10-21 10:36:12;4;(425)-301-1186;(418)-568-3887;;;https://randomuser.me/api/portraits/women/83.jpg;https://randomuser.me/api/portraits/med/women/83.jpg;https://randomuser.me/api/portraits/thumb/women/83.jpg;NZ;60;2024-05-20 14:36:37.769849
male;mister;Patrick;Wood;5803;Symonds Street;Masterton;West Coast;New Zealand;78283;25.0021;-25.581;+1:00;Brussels, Copenhagen, Madrid, Paris;patrick.wood@example.com;a18e05df-d8c2-4fdd-949b-155b8014d5f5;happyelephant237;wright;wTLtSeFQ;7a5e9d2f0ed8ed2982c3e551a03232c1;152792e607d2ab3f8c9257a79bcdd86c1359cf08;db18b667ad09d21148e20c116a062746b8c84a992db85610887ca865581b51c1;02/28/1977;47;2019-09-08 08:26:10;4;(801)-221-8562;(521)-208-7781;;;https://randomuser.me/api/portraits/men/70.jpg;https://randomuser.me/api/portraits/med/men/70.jpg;https://randomuser.me/api/portraits/thumb/men/70.jpg;NZ;428;2024-05-20 14:36:37.770886
male;mister;Luca;Anderson;1481;Ferry Road;Palmerston North;Hawke'S Bay;New Zealand;50224;-41.6026;7.6129;+11:00;Magadan, Solomon Islands, New Caledonia;luca.anderson@example.com;d0487196-6e3a-418d-8a9f-b5df58d2f705;whiteduck913;alpha;GNncp27I;a4f3de2e668bab0aa621121deb90b94e;141b84a402c3bb9a60c8c86e6a539784c4e37a1f;4ad139bc41d95c45e2da3fa7a45b7ed3c5ed70e52b791c71e0505677c4413d96;10/14/1977;46;2007-04-09 11:46:27;17;(351)-601-9350;(353)-538-5677;;;https://randomuser.me/api/portraits/men/28.jpg;https://randomuser.me/api/portraits/med/men/28.jpg;https://randomuser.me/api/portraits/thumb/men/28.jpg;NZ;468;2024-05-20 14:36:37.770886
female;missis;Scarlett;Chen;9112;Great South Road;Upper Hutt;Taranaki;New Zealand;75946;-69.2163;119.1335;-8:00;Pacific Time (US & Canada);scarlett.chen@example.com;d6008e95-3bae-487c-b916-617cd28e90c2;bluesnake128;enigma;PKhXPJB0;f65e825477904fa45c178939d21cd8c5;749067a4383f6affdc885b6e5d34d9c14d09722e;fc18cfc4da87c49701e1ae7c3cdccff24788defcf6a52588faa11db376fc308f;03/25/1970;54;2009-04-21 10:42:15;15;(306)-094-8941;(551)-195-0429;;;https://randomuser.me/api/portraits/women/11.jpg;https://randomuser.me/api/portraits/med/women/11.jpg;https://randomuser.me/api/portraits/thumb/women/11.jpg;NZ;740;2024-05-20 14:36:37.771920
female;Miss;Madeleine;Jones;9930;St Aubyn Street;Upper Hutt;West Coast;New Zealand;77976;-76.0086;170.4086;-2:00;Mid-Atlantic;madeleine.jones@example.com;75f39922-8e5a-4f7e-b2fe-1c06f3915f69;bigbear455;ninja1;dP1R3EzP;9e60d3320c8780fbc8f44158f0644ae6;1658f8dc902b9a2ecf938f7b858c32f537560840;ab8927f27c8fc744c339b6f7d6281c6e8b2726d5c30fa7bea91b6c85a05528aa;04/17/1971;53;2005-03-26 12:51:40;19;(159)-933-5784;(363)-422-2326;;;https://randomuser.me/api/portraits/women/80.jpg;https://randomuser.me/api/portraits/med/women/80.jpg;https://randomuser.me/api/portraits/thumb/women/80.jpg;NZ;969;2024-05-20 14:36:37.771920
