gender;name.title;name.first;name.last;location.street.number;location.street.name;location.city;location.state;location.country;location.postcode;location.coordinates.latitude;location.coordinates.longitude;location.timezone.offset;location.timezone.description;email;login.uuid;login.username;login.password;login.salt;login.md5;login.sha1;login.sha256;dob.date;dob.age;registered.date;registered.age;phone;cell;id.name;id.value;picture.large;picture.medium;picture.thumbnail;nat;global_index;current_time
female;missis;Kate;Pierce;304;Church Road;Ripon;Devon;United Kingdom;PI3W 5XT;42.4715;110.1291;+11:00;Magadan, Solomon Islands, New Caledonia;kate.pierce@example.com;b30b02d2-d1a6-40b8-a6b3-e0accd86fcd2;redrabbit946;jackjack;rP8PqDIR;0133c8efefe2848ea78a4194aa520945;6cebc54ad75207c6932379435e55596801fcc607;1ce4750e5ec70eae6ad92e7fcba8ed876d555ab79ae5bbed04ab9a70f4369038;08/15/1978;45;2012-07-26 19:43:29;11;01035 70886;07860 490841;NINO;NJ 45 12 98 H;https://randomuser.me/api/portraits/women/60.jpg;https://randomuser.me/api/portraits/med/women/60.jpg;https://randomuser.me/api/portraits/thumb/women/60.jpg;GB;243;2024-05-20 14:36:37.770886
female;missis;Maya;Nichols;4397;Queen Street;Exeter;Clwyd;United Kingdom;ZF71 2XG;-33.6336;-132.2402;+7:00;Bangkok, Hanoi, Jakarta;maya.nichols@example.com;5e510ca2-a586-4d9b-bde5-1577d2e3da48;sadcat461;duckie;6nMHJXIO;bf7cdc613bb18c0a85e2387bf38f76ea;cf22a381fc52557a26bb6dd009b7eee92c317f49;b9cd81cdc1d3088798b6e82e3da90c7524d62b59bfad299c971681b03d6418fa;09/24/1972;51;2009-11-15 19:03:58;14;015242 01224;07542 391295;NINO;PG 67 46 40 X;https://randomuser.me/api/portraits/women/72.jpg;https://randomuser.me/api/portraits/med/women/72.jpg;https://randomuser.me/api/portraits/thumb/women/72.jpg;GB;247;2024-05-20 14:36:37.770886
female;Miss;Olivia;Torres;1612;Victoria Road;Inverness;Somerset;United Kingdom;I4 3SW;7.642;45.8962;-5:00;Eastern Time (US & Canada), Bogota, Lima;olivia.torres@example.com;b6833a46-dd82-4b3d-9b3b-8d35e920673f;bluetiger130;deputy;UoNsjNai;17629b886b5e003c7c91583aef6dac9c;c2bdc672b4399cc532903d737eab593234d48007;a55c927da60be48646b5f434c5287bbbe4436c1b1fdc7e753916177e419fafda;06/15/1971;52;2005-08-06 09:36:08;18;016977 93534;07281 919995;NINO;LZ 54 03 87 X;https://randomuser.me/api/portraits/women/50.jpg;https://randomuser.me/api/portraits/med/women/50.jpg;https://randomuser.me/api/portraits/thumb/women/50.jpg;GB;298;2024-05-20 14:36:37.770886
male;mister;David;Watkins;8571;Mill Lane;Hereford;West Sussex;United Kingdom;M38 4WF;-75.8753;-101.0921;-4:00;Atlantic Time (Canada), Caracas, La Paz;david.watkins@example.com;5f428f03-7f2e-4b18-8cae-617896fcf4a9;yellowdog296;stryker;Mz8oD4Sp;02b377e581f76d22c6c0dcc4909e57a0;4b1bbf9d1b02870e63b3295671f11b9cc8829732;e88336b617750579414c2f37357a4eae7b25bce83dd976460351ea8119cba06b;01/08/1978;46;2021-01-26 18:03:47;3;016974 28440;07166 895003;NINO;PL 21 77 56 S;https://randomuser.me/api/portraits/men/5.jpg;https://randomuser.me/api/portraits/med/men/5.jpg;https://randomuser.me/api/portraits/thumb/men/5.jpg;GB;327;2024-05-20 14:36:37.770886
male;mister;Luis;Howell;8711;North Street;Plymouth;Somerset;United Kingdom;AU1 5UH;50.6112;158.6393;-5:00;Eastern Time (US & Canada), Bogota, Lima;luis.howell@example.com;a95ff5ea-e6f3-4f1b-a760-afa42b1341a4;beautifulladybug575;spanish;QhsmfH3n;b1f27d3dc5fe238f25c5fef2cd084f05;be7f5f9a8bca0e785a1ebb1ced12d1c803804afc;1c980a3b9ae63e71d7fe4f0d2a45d2841a10f4179aaedb2a51ef73526cc52c4c;03/10/1976;48;2014-09-08 13:22:23;9;017687 72865;07404 059481;NINO;MH 18 22 21 H;https://randomuser.me/api/portraits/men/1.jpg;https://randomuser.me/api/portraits/med/men/1.jpg;https://randomuser.me/api/portraits/thumb/men/1.jpg;GB;427;2024-05-20 14:36:37.770886
male;mister;Mark;Castillo;7239;Victoria Road;Newport;Grampian;United Kingdom;Q47 8BH;24.6035;-105.658;+6:00;Almaty, Dhaka, Colombo;mark.castillo@example.com;9627ad1b-ce32-4fcf-be1d-64b72cd720a9;orangeduck271;laetitia;MqAlQjJe;cd24b21baad8051c5e5c7a9401d09921;8c4701e78cbae1546ab54a196bab65a77293882a;9a21ff37746586ff01005cdd414235e9c0af364f5b85e67475262e188138bab6;07/08/1972;51;2016-01-05 08:53:10;8;016977 6901;07729 688417;NINO;LA 85 82 59 L;https://randomuser.me/api/portraits/men/55.jpg;https://randomuser.me/api/portraits/med/men/55.jpg;https://randomuser.me/api/portraits/thumb/men/55.jpg;GB;539;2024-05-20 14:36:37.770886
male;mister;Sean;Sutton;1872;George Street;Cardiff;Northamptonshire;United Kingdom;G3 2BQ;50.9429;70.1658;-4:00;Atlantic Time (Canada), Caracas, La Paz;sean.sutton@example.com;3c02c9a3-8dfc-4ebb-9245-affc7222f236;bigswan104;lighter;kvfXZhAG;610280cb0a72feed74afbfe4fac849ae;aed413e060658970b5248c71848cb619da4d3c14;a8e7dee2cb9f6dd94e25cbe1bddb6204cbff65ad1e3092bb68e040a24e50b74f;05/13/1970;54;2005-04-22 09:54:54;19;015395 18219;07427 999169;NINO;ER 39 00 23 R;https://randomuser.me/api/portraits/men/70.jpg;https://randomuser.me/api/portraits/med/men/70.jpg;https://randomuser.me/api/portraits/thumb/men/70.jpg;GB;726;2024-05-20 14:36:37.771920
female;miss;Paige;Clarke;1698;Albert Road;Ripon;West Yorkshire;United Kingdom;C2 4XZ;67.519;149.4004;0:00;Western Europe Time, London, Lisbon, Casablanca;paige.clarke@example.com;5e79e788-42d0-46a5-93f4-f4156b900455;smallgorilla439;bogey;cibAiu3F;e837479461866d6b174663e1e7b6f5da;d8f28c7dd7fe217344d02acf229e9e091918f971;7d48660b9f0e82427b8e1e61ed38b669ed5706352d7dd8731c6a302c7b1a08a7;10/16/1971;52;2014-03-25 23:37:38;10;013873 37926;07751 278209;NINO;ZZ 98 63 39 D;https://randomuser.me/api/portraits/women/9.jpg;https://randomuser.me/api/portraits/med/women/9.jpg;https://randomuser.me/api/portraits/thumb/women/9.jpg;GB;764;2024-05-20 14:36:37.771920
female;Miss;Lisa;Sutton;9570;London Road;Bangor;Suffolk;United Kingdom;L6 8NH;-25.9848;-106.8103;+4:00;Abu Dhabi, Muscat, Baku, Tbilisi;lisa.sutton@example.com;2e82b9dd-9084-45a9-b4d6-0ddacb1bb6f1;angrywolf254;billy;ZZYgvur3;25b0d67d06dd0273d97c7e944360e780;475d13e4f55b906740b8a3f1ed4fddb2ca3e222a;e0dc20dfaa9e7f97f163af5d253bdfd59f25ab7205996ce8838247da66269893;11/03/1971;52;2014-09-30 10:55:05;9;016974 76301;07437 924163;NINO;PL 75 71 51 S;https://randomuser.me/api/portraits/women/63.jpg;https://randomuser.me/api/portraits/med/women/63.jpg;https://randomuser.me/api/portraits/thumb/women/63.jpg;GB;778;2024-05-20 14:36:37.771920
female;missis;Phoebe;Beck;6067;New Road;Bristol;Avon;United Kingdom;FU59 7GD;41.3826;-150.4183;-3:30;Newfoundland;phoebe.beck@example.com;bfd32d81-88e5-441b-9316-64b59dfa538c;smallkoala558;171717;C5QqaziG;f448db63ce480352f97c589558d320d9;cf2d8e25e3a87bb586e3bd93243103d0c72fb6e6;4265a358ceb66b3159bc00bdd7a743420caf8ba113d21f5473c07c17f5530385;08/23/1978;45;2006-03-26 12:58:36;18;0117774 812 4898;07806 116415;NINO;EB 10 66 54 T;https://randomuser.me/api/portraits/women/52.jpg;https://randomuser.me/api/portraits/med/women/52.jpg;https://randomuser.me/api/portraits/thumb/women/52.jpg;GB;826;2024-05-20 14:36:37.771920
female;miss;Avery;Mitchelle;408;Albert Road;Peterborough;County Armagh;United Kingdom;S7S 1JH;0.1565;-106.4638;+6:00;Almaty, Dhaka, Colombo;avery.mitchelle@example.com;546652f0-3ca3-435d-8cbb-e38dd5aaa0b6;blackpeacock277;amateur;Koo7GOXg;e8536b12263a79efaaf4a1daabc36efa;3581ab2066b7480eab19c062114956eec9aa645d;0f3325b80b4d935523c25239abe91d492f7da5f86e8d2d455b6ad80a4efbfecb;06/24/1979;44;2019-06-04 06:51:14;4;016974 22965;07658 580262;NINO;NK 80 64 30 B;https://randomuser.me/api/portraits/women/50.jpg;https://randomuser.me/api/portraits/med/women/50.jpg;https://randomuser.me/api/portraits/thumb/women/50.jpg;GB;961;2024-05-20 14:36:37.771920
