gender;name.title;name.first;name.last;location.street.number;location.street.name;location.city;location.state;location.country;location.postcode;location.coordinates.latitude;location.coordinates.longitude;location.timezone.offset;location.timezone.description;email;login.uuid;login.username;login.password;login.salt;login.md5;login.sha1;login.sha256;dob.date;dob.age;registered.date;registered.age;phone;cell;id.name;id.value;picture.large;picture.medium;picture.thumbnail;nat;global_index;current_time
female;miss;Sarah;Hansen;8866;Stanley Road;Manchester;County Fermanagh;United Kingdom;BY1 7YB;25.6001;-149.6847;-9:00;Alaska;sarah.hansen@example.com;a5aeae5d-5dfd-4ca8-844e-e94cc6b492f7;greenladybug251;mikey;UKh1SMST;ec15985b3270bdfe811d1b06223bfffc;ae8a3d270bd182c07369273a0267c7b536cde152;17b0da8583038d23188db692a808f0dc2a3de3e3bee31b6fb43b4085ac6a3a8e;02/12/1960;64;2009-01-25 20:02:06;15;01016 443645;07004 152510;NINO;BN 53 77 34 A;https://randomuser.me/api/portraits/women/65.jpg;https://randomuser.me/api/portraits/med/women/65.jpg;https://randomuser.me/api/portraits/thumb/women/65.jpg;GB;10;2024-05-20 14:36:37.769849
female;missis;Tracy;Richardson;8957;Chester Road;Wolverhampton;West Glamorgan;United Kingdom;Q97 5WZ;-65.3639;35.4541;+7:00;Bangkok, Hanoi, Jakarta;tracy.richardson@example.com;01682021-36f1-4f6b-8283-89b65909878a;smallfish185;hollow;qklE7mYY;fca2ccd98333bd48465b052848aeb74d;34af4af2cc2ac4c9146fec4eaa72d371996064e8;e05874ec73eedaecf440aa6c008c3e049b764bce9d99b9f36f4f8eb1e5c176a9;01/30/1962;62;2014-11-22 07:21:52;9;017683 50594;07082 072721;NINO;PE 97 44 39 S;https://randomuser.me/api/portraits/women/76.jpg;https://randomuser.me/api/portraits/med/women/76.jpg;https://randomuser.me/api/portraits/thumb/women/76.jpg;GB;71;2024-05-20 14:36:37.769849
female;miss;Teresa;Bailey;4277;Manchester Road;St Davids;Herefordshire;United Kingdom;GO89 3UJ;52.2584;150.461;-3:30;Newfoundland;teresa.bailey@example.com;7ad17c56-e0f9-47fc-b8a7-4cb28e75c7a9;orangedog815;636363;pjKauB2N;8e4f597d4db1a57d9e7f20c837b1f22e;45e5fb4667be354d6aa00f339185b13ccc76a6c3;2ada024e11a04a4f2c28d4fe5b5ae273eafb8e15d574b3b84f76010b5ba7bc6b;10/17/1966;57;2005-08-21 12:45:40;18;019467 79249;07274 158292;NINO;BE 35 82 21 O;https://randomuser.me/api/portraits/women/46.jpg;https://randomuser.me/api/portraits/med/women/46.jpg;https://randomuser.me/api/portraits/thumb/women/46.jpg;GB;188;2024-05-20 14:36:37.770886
female;missis;Alison;Moreno;757;Alexander Road;Ely;Tayside;United Kingdom;GI8 1YF;-65.1712;-168.1452;+5:45;Kathmandu;alison.moreno@example.com;f9d01a85-afc8-4d31-bc44-78779540d48b;happybutterfly358;ttttt;pmTTLn4y;e52d5d839bc36a80b037a18a239171eb;f10fdc2937e7e5acdab7ac33e07db1d080f0e4f1;3fab39a72cd7d2d0d3e69e91d51ffaf1b9dea634bc40d506a8f6993a78ce50b5;12/08/1964;59;2008-07-28 12:13:06;15;0119274 238 4545;07633 045573;NINO;WK 96 54 49 G;https://randomuser.me/api/portraits/women/0.jpg;https://randomuser.me/api/portraits/med/women/0.jpg;https://randomuser.me/api/portraits/thumb/women/0.jpg;GB;477;2024-05-20 14:36:37.770886
male;mister;Jonathan;Rose;5371;The Green;Cardiff;Wiltshire;United Kingdom;P38 3ZD;-41.7392;-91.1036;+11:00;Magadan, Solomon Islands, New Caledonia;jonathan.rose@example.com;efac5a99-5b0e-46a6-ba9e-e808ccc2655f;beautifulsnake437;deanna;IGDtRCdb;79e2c0f5d052cdfb8ce991fb958c22e0;45fe89e48393409c4d12f21eca2f7fdf7b8929e6;b03ee4be2d5ecc0b5f91b655bd9bfc430ae6100626a6a0a4c4b39ed48e54c6ee;04/17/1961;63;2004-07-15 08:39:18;19;016974 47555;07850 989183;NINO;SM 58 73 15 U;https://randomuser.me/api/portraits/men/9.jpg;https://randomuser.me/api/portraits/med/men/9.jpg;https://randomuser.me/api/portraits/thumb/men/9.jpg;GB;512;2024-05-20 14:36:37.770886
female;missis;Heidi;Little;1538;Manor Road;Durham;County Londonderry;United Kingdom;WJ10 6ND;8.8693;156.2905;+11:00;Magadan, Solomon Islands, New Caledonia;heidi.little@example.com;b8d615c9-a710-43be-9d8a-4df6e5140bac;bigduck477;crusher;1FxRPdlB;26be876ab896027301e71be28fb289c9;fdb09f5b048ecf7c3480f8e853bd2af93ce011e2;42dabd32d715ee675e5eae0e0f2970dc13012838c440bec99f374cc4f2567c12;12/29/1961;62;2018-01-13 05:48:18;6;019467 13892;07805 196547;NINO;KM 85 03 80 I;https://randomuser.me/api/portraits/women/64.jpg;https://randomuser.me/api/portraits/med/women/64.jpg;https://randomuser.me/api/portraits/thumb/women/64.jpg;GB;540;2024-05-20 14:36:37.770886
female;miss;Alexandra;Duncan;3344;West Street;Kingston upon Hull;Berkshire;United Kingdom;EC20 0TF;45.8407;-159.9506;+5:30;Bombay, Calcutta, Madras, New Delhi;alexandra.duncan@example.com;8733b27d-60da-4a5d-bb8a-59e65951e96e;greenbird769;germany;vIXDjxXF;39e40405e7d437bb1dbf0400e36164fe;7f29899ce2f3c9e6a061bc028d3f3ffbbee05d65;dd64bc6d9cfd116d5ad5b7e9dd8e55a0b8cd2900ef2e31197bca3a94f98b6595;11/18/1968;55;2018-04-26 01:21:30;6;017683 05409;07992 087799;NINO;SB 12 16 11 T;https://randomuser.me/api/portraits/women/62.jpg;https://randomuser.me/api/portraits/med/women/62.jpg;https://randomuser.me/api/portraits/thumb/women/62.jpg;GB;574;2024-05-20 14:36:37.770886
male;mister;Maurice;Hunter;9573;Queen Street;Edinburgh;Herefordshire;United Kingdom;XU4 7TQ;-3.1082;72.4548;+5:00;Ekaterinburg, Islamabad, Karachi, Tashkent;maurice.hunter@example.com;edc185d9-a4f8-43e5-989e-8ccff2339f7c;brownpeacock837;geneva;YG1n4ueD;990a707b621dc671037192d2415a1893;1fb4ca84550940cfc08b5c1a76baf17770499bb5;1c7f63178db24b3a08561890ae9f43347357b678f468f9d3913d5d0c3cb3108d;06/28/1968;55;2017-10-19 14:27:17;6;017683 90537;07846 124330;NINO;EE 75 37 66 F;https://randomuser.me/api/portraits/men/61.jpg;https://randomuser.me/api/portraits/med/men/61.jpg;https://randomuser.me/api/portraits/thumb/men/61.jpg;GB;661;2024-05-20 14:36:37.770886
male;mister;Armando;Martin;9092;York Road;Belfast;Buckinghamshire;United Kingdom;CM5Z 0GR;-24.4807;23.1237;+8:00;Beijing, Perth, Singapore, Hong Kong;armando.martin@example.com;4479e6d1-57da-4b73-a697-476ad168eb4a;angrycat833;sandman;NGeQLLLf;b2f8d68a59941a879c439047ea9b902f;7c5e09462df1e73106180cec8a95e6566e744d42;401f717978687f280c44ff0c72c2bc6a4826a5cea352179c94268da2fb67381d;08/08/1961;62;2014-05-10 14:28:14;10;015396 35564;07026 939228;NINO;OS 81 91 55 F;https://randomuser.me/api/portraits/men/93.jpg;https://randomuser.me/api/portraits/med/men/93.jpg;https://randomuser.me/api/portraits/thumb/men/93.jpg;GB;683;2024-05-20 14:36:37.771920
male;mister;Donald;Chavez;474;Grove Road;Westminster;West Midlands;United Kingdom;RK7X 9RW;56.3176;30.5803;-10:00;Hawaii;donald.chavez@example.com;8de06a11-c782-40f5-8dd5-aead77906ed7;heavypanda251;poison;lIbzxFB5;a52eccce174963544c446a23038aa542;1b03337c6bc967996db5e9153dfd17e236c8d098;65304ec8ad365d907d9b1bcb70c44b310842242c7b4c31f63b439a771d5a0acb;08/21/1968;55;2017-06-15 12:15:04;6;016977 93988;07475 627679;NINO;JZ 17 67 71 J;https://randomuser.me/api/portraits/men/59.jpg;https://randomuser.me/api/portraits/med/men/59.jpg;https://randomuser.me/api/portraits/thumb/men/59.jpg;GB;939;2024-05-20 14:36:37.771920
