gender;name.title;name.first;name.last;location.street.number;location.street.name;location.city;location.state;location.country;location.postcode;location.coordinates.latitude;location.coordinates.longitude;location.timezone.offset;location.timezone.description;email;login.uuid;login.username;login.password;login.salt;login.md5;login.sha1;login.sha256;dob.date;dob.age;registered.date;registered.age;phone;cell;id.name;id.value;picture.large;picture.medium;picture.thumbnail;nat;global_index;current_time
female;missis;Helen;Brovold;3937;Holbergs plass;Giske;Vest-Agder;Norway;9187;-26.6613;-108.2184;+9:00;Tokyo, Seoul, Osaka, Sapporo, Yakutsk;helen.brovold@example.com;f1b28843-ec12-49dd-b486-1132d962d8ae;lazyduck999;wasabi;QE4sHdnE;0a8fc6a273d4b8650588de44dc5a59a0;8f13e88bfaeac0c4112010c14c391c4bf7d9bd89;475d91ead30ef5cf8773de2f9deed6f7a1d8ee934a4e84dc37eba46bc7b6a9c1;11/27/1987;36;2010-10-22 03:26:28;13;78428229;93970473;FN;27118728489;https://randomuser.me/api/portraits/women/33.jpg;https://randomuser.me/api/portraits/med/women/33.jpg;https://randomuser.me/api/portraits/thumb/women/33.jpg;NO;113;2024-05-20 14:36:37.769849
female;miss;Elinor;Lillejord;4986;Professor Birkelands vei;Langhaugane;Vest-Agder;Norway;6040;-79.2498;45.7456;-8:00;Pacific Time (US & Canada);elinor.lillejord@example.com;adfae274-bf34-42de-9e7f-8b1eb132b8cb;organicladybug389;777777;0fYCjGqy;58df494e13d221fb3b8430c7e7f0aa03;7e2db98c846bf56636ef8c7d3464fe172ba9bc18;4e8c072d0db797ba3a1dbe9e1c4c4ff3131e39a9199d6f883381a41a916f0a16;07/19/1989;34;2006-01-09 18:00:10;18;77614287;49966064;FN;19078944261;https://randomuser.me/api/portraits/women/79.jpg;https://randomuser.me/api/portraits/med/women/79.jpg;https://randomuser.me/api/portraits/thumb/women/79.jpg;NO;159;2024-05-20 14:36:37.769849
female;miss;Thelma;Steine;1749;Nordmarka;Kampå;Description;Norway;9104;17.0222;174.9506;+10:00;Eastern Australia, Guam, Vladivostok;thelma.steine@example.com;18ac37b9-1a44-4537-a4fb-2ec7cb5fcd05;heavykoala731;moose;yQzfvLcJ;07cd5c708b383e2dcfc3c7250cf8359e;b89d2d7c807aa2602524675bc622467a21c31953;c440b9a51e88f1b1c25a0186a13fcaf4fd7670587e5d913eabfbf0444351db68;12/14/1982;41;2018-06-17 03:51:57;5;74490751;40189244;FN;14128237241;https://randomuser.me/api/portraits/women/10.jpg;https://randomuser.me/api/portraits/med/women/10.jpg;https://randomuser.me/api/portraits/thumb/women/10.jpg;NO;237;2024-05-20 14:36:37.770886
male;mister;Mikael;Hammervold;3151;Etterstadsletta;Amtmannsnes;Oslo;Norway;8187;55.432;73.5204;+4:00;Abu Dhabi, Muscat, Baku, Tbilisi;mikael.hammervold@example.com;e2dd78c2-8c05-4ba2-b34c-e2bc9dfb1ddd;bigostrich679;compaq;DozbjszX;6c5ac0e331ebe63c5b2e9c0947efce18;f09eb8565f92e6f080ff23afbd2f74d656715d74;31ef9eee462502c5a0c30d2524791581ffbddb9fb9a9a81b018567fa4f5fc6c1;09/26/1982;41;2016-11-14 07:45:02;7;59007849;94268948;FN;26098226507;https://randomuser.me/api/portraits/men/85.jpg;https://randomuser.me/api/portraits/med/men/85.jpg;https://randomuser.me/api/portraits/thumb/men/85.jpg;NO;313;2024-05-20 14:36:37.770886
male;mister;Kajus;Dyrhaug;3557;Fiskekroken;Folldal;Trøndelag;Norway;7203;-21.0113;-5.5393;-1:00;Azores, Cape Verde Islands;kajus.dyrhaug@example.com;e57bd734-73f2-451d-b514-f2414ddd298e;goldenmouse651;corrado;lQM1ZKdG;ebc1a1792969fe21d7d8773b7c17d56e;76db2cd41e0286daa6b288bfe74222be8f77aca3;e6c301b69f33681855b13bfcb73145bf7260090796b342dc615ccb0c67a3718c;04/06/1986;38;2007-05-08 22:39:55;17;50886770;97491245;FN;06048611115;https://randomuser.me/api/portraits/men/81.jpg;https://randomuser.me/api/portraits/med/men/81.jpg;https://randomuser.me/api/portraits/thumb/men/81.jpg;NO;395;2024-05-20 14:36:37.770886
male;mister;Arin;Skjærstad;4297;Øvre Prinsdals vei;Byrkjelo;Troms - Romsa;Norway;6016;-41.0627;148.8947;-9:00;Alaska;arin.skjaerstad@example.com;e4ba41d4-a6f8-4c66-8373-92340a426de2;yellowbear701;cornell;E4ZK1TJg;07beba71d34f84925704a9bb988f85ca;95d4a84fbef6c342e86289c53e55200cec4cf2a0;107d6f7df11dbbd31e908114b5ba1dfb9f87d46fd836cbef5b2ec8394e27de2d;05/30/1984;39;2017-12-03 01:00:32;6;22781970;97443743;FN;30058412399;https://randomuser.me/api/portraits/men/32.jpg;https://randomuser.me/api/portraits/med/men/32.jpg;https://randomuser.me/api/portraits/thumb/men/32.jpg;NO;711;2024-05-20 14:36:37.771920
female;Miss;Angelina;Kowalski;322;Lilletorget;Røyrvik;Sogn og Fjordane;Norway;2715;-65.1594;-100.7201;-5:00;Eastern Time (US & Canada), Bogota, Lima;angelina.kowalski@example.com;9f9f3918-672d-440a-bf41-01fde5dfd853;whitemeercat982;boat;o6TagLt6;1c8ffcce6e0f9de47d8833026787cab1;e39f377113ac20cf45ce96becacaaf827dadac13;0584718d2f42000868f7d9fe5f34b301ed4baea758ec58901981cf55912fb045;03/22/1983;41;2016-03-25 17:05:52;8;33315739;95238325;FN;22038326027;https://randomuser.me/api/portraits/women/37.jpg;https://randomuser.me/api/portraits/med/women/37.jpg;https://randomuser.me/api/portraits/thumb/women/37.jpg;NO;724;2024-05-20 14:36:37.771920
female;missis;Mary;Nordhus;4717;Gjøkbakken;Sand;Sør-Trøndelag;Norway;0873;-26.1304;-12.7329;-3:00;Brazil, Buenos Aires, Georgetown;mary.nordhus@example.com;30fa439b-bb65-4b18-a77d-6f957971262e;whitedog707;harley;rml0vCq1;da9a79b630af189724993d59b2cd09a9;8532c7cc1151e6b198321baebad944c332766f60;901afb62b4d9440965477bd8ee3fd2a556890ee46b13929c6de18dd947861ae9;08/08/1982;41;2016-08-19 18:15:57;7;66838606;40426868;FN;08088200838;https://randomuser.me/api/portraits/women/39.jpg;https://randomuser.me/api/portraits/med/women/39.jpg;https://randomuser.me/api/portraits/thumb/women/39.jpg;NO;890;2024-05-20 14:36:37.771920
