gender;name.title;name.first;name.last;location.street.number;location.street.name;location.city;location.state;location.country;location.postcode;location.coordinates.latitude;location.coordinates.longitude;location.timezone.offset;location.timezone.description;email;login.uuid;login.username;login.password;login.salt;login.md5;login.sha1;login.sha256;dob.date;dob.age;registered.date;registered.age;phone;cell;id.name;id.value;picture.large;picture.medium;picture.thumbnail;nat;global_index;current_time
male;mister;Zlatous;Serebryanska;8261;Volinska;Pereyaslav;Lvivska;Ukraine;46777;14.452;27.3183;-9:00;Alaska;zlatous.serebryanska@example.com;97eca9db-2c76-4a99-8187-fa500b4efec9;tinycat717;saratoga;EAiM6Zl2;bb53d3464c3cb27956a9a7030eb3bc37;8f723f112959dd59cb3e41769f46332cc636398a;71d48c334377518e8568577c8c96138535c8d31b210ceff1a08549fb8449b274;06/19/1982;41;2009-01-12 03:28:23;15;(096) I53-5537;(067) N63-4235;;;https://randomuser.me/api/portraits/men/43.jpg;https://randomuser.me/api/portraits/med/men/43.jpg;https://randomuser.me/api/portraits/thumb/men/43.jpg;UA;69;2024-05-20 14:36:37.769849
male;mister;Rudan;Holodniy;9878;Pririchna;Borispil;Lvivska;Ukraine;81106;-28.8031;107.2914;+4:00;Abu Dhabi, Muscat, Baku, Tbilisi;rudan.holodniy@example.com;fc0d31b4-b316-4a7c-93f6-ddfafb8df82b;ticklishpeacock465;porsche1;06zJv59G;ae26467d0d0fd8b161e143d8899fe9d8;f6481828fd5df26c8f31efbd3f6d0888db5912d1;52005d35667aac36c18404c0c7ca6f2726b4ab77309f52977299a73e7894613c;11/21/1988;35;2013-12-06 09:39:54;10;(099) C05-8442;(068) O12-0685;;;https://randomuser.me/api/portraits/men/90.jpg;https://randomuser.me/api/portraits/med/men/90.jpg;https://randomuser.me/api/portraits/thumb/men/90.jpg;UA;143;2024-05-20 14:36:37.769849
female;Miss;Yosifata;Chernihivskiy;574;Provulok Grabovskogo;Mar'yinka;Poltavska;Ukraine;75718;69.9827;6.2804;-4:00;Atlantic Time (Canada), Caracas, La Paz;yosifata.chernihivskiy@example.com;1df79142-360e-4d3a-8091-ea1cdf21176e;smallkoala851;hardball;ih1CXtqI;51dbeb97f4246ebe34bea7eed2e8c547;de30c0bf0d55663fccba3939c954c38710e69b83;f63f229b92a3f4c6e42932eb27cf93be11934225066227e056e9b50b70c497c7;11/15/1981;42;2009-05-01 22:19:14;15;(066) J66-7163;(096) W89-8528;;;https://randomuser.me/api/portraits/women/13.jpg;https://randomuser.me/api/portraits/med/women/13.jpg;https://randomuser.me/api/portraits/thumb/women/13.jpg;UA;155;2024-05-20 14:36:37.769849
female;missis;Osmomisla;Burbela;4163;Ploshcha Bogdana Hmelnickogo;Lutugine;Kirovogradska;Ukraine;30119;50.9433;10.1019;-2:00;Mid-Atlantic;osmomisla.burbela@example.com;000c0298-5da5-487e-b891-aafbc7befb8d;heavygoose487;bigfish;cZQmILwz;3603579228ee6cc5b30b50f06c34c905;f42455fc134f9591362d202c5e4688fbc7ebb54c;ff8be02e160f2f676fd267a13f847c525e553808c8fde27d27cf6537ff0ddf6a;09/14/1989;34;2010-03-26 03:54:57;14;(066) X65-6100;(068) J43-5324;;;https://randomuser.me/api/portraits/women/70.jpg;https://randomuser.me/api/portraits/med/women/70.jpg;https://randomuser.me/api/portraits/thumb/women/70.jpg;UA;350;2024-05-20 14:36:37.770886
female;Miss;Zorina;Bab'yuk;3870;Oleksi Girnika;Kagarlik;Hmelnicka;Ukraine;93108;-29.4001;-86.3513;+5:45;Kathmandu;zorina.bab'yuk@example.com;3534e548-619b-4b67-9687-81cf5d560fd0;smallfish331;98765432;1he9aQtk;757a76fcffaff01a88545550564ec676;7b72df07519a4b264c2fcb1119858e78959f59f2;3108d0100062e10414c5f03266936e5ac90b8bb06706c6565d304d5a30ce3b67;06/09/1989;34;2019-07-05 03:46:28;4;(067) N03-8247;(097) G01-8736;;;https://randomuser.me/api/portraits/women/39.jpg;https://randomuser.me/api/portraits/med/women/39.jpg;https://randomuser.me/api/portraits/thumb/women/39.jpg;UA;383;2024-05-20 14:36:37.770886
female;miss;Soncelika;Nazaruk;4480;Mikoli Krasnova;Kramatorsk;Hersonska;Ukraine;70486;-81.0545;-3.0859;+4:00;Abu Dhabi, Muscat, Baku, Tbilisi;soncelika.nazaruk@example.com;e6f417ee-8113-4aa9-a81f-a2773bdf1820;bigpanda311;mnbvcx;ev4MGYSc;3a525b90a3271ec6a34836b908676ce6;0c5a4069abbf41c44345419eef1d028deb19ea5a;081b3ca858a4442b985dcacb85e668132689e4759f1852291ea21dc63cd50ca0;05/07/1988;36;2008-03-31 19:26:16;16;(066) H37-1925;(099) H51-8305;;;https://randomuser.me/api/portraits/women/81.jpg;https://randomuser.me/api/portraits/med/women/81.jpg;https://randomuser.me/api/portraits/thumb/women/81.jpg;UA;484;2024-05-20 14:36:37.770886
male;mister;Dobromir;Lisovec;4897;Mstislavska;Odesa;Zaporizka;Ukraine;44192;47.7401;136.6872;+4:00;Abu Dhabi, Muscat, Baku, Tbilisi;dobromir.lisovec@example.com;a82a47c5-a12b-492b-9646-9742bc8ab6aa;happymouse459;bigguy;RoyCwasw;bf24d991476413e7f5d77d000d18127e;6f3536838b78e6b5ea42e6d147ad03d622bb01cb;7e3cb3c599d2a2145cd27515e0bf096b08e9ae44765d1b8b7f1d4189d5fa4cd9;11/04/1982;41;2009-11-16 01:57:55;14;(067) K17-4435;(097) P18-4170;;;https://randomuser.me/api/portraits/men/40.jpg;https://randomuser.me/api/portraits/med/men/40.jpg;https://randomuser.me/api/portraits/thumb/men/40.jpg;UA;644;2024-05-20 14:36:37.770886
female;missis;Sobislava;Rozhok;1104;Artemivska;Ostrog;Kiyivska;Ukraine;66004;-49.411;-112.2234;-1:00;Azores, Cape Verde Islands;sobislava.rozhok@example.com;f3047420-027e-4e0f-8072-66b41975f174;bigbird768;565656;DhtKd2eK;09de4dfeaf8462cca9fe64363b7d764b;05ab709c732db9bda507e921dda7d2f4910d012b;042e58f7f47cf177b62d00051ad5f87afe83fdaa101156ed3ff63048a6e8a476;04/24/1981;43;2002-12-12 05:25:20;21;(097) A15-0702;(096) R32-9396;;;https://randomuser.me/api/portraits/women/51.jpg;https://randomuser.me/api/portraits/med/women/51.jpg;https://randomuser.me/api/portraits/thumb/women/51.jpg;UA;716;2024-05-20 14:36:37.771920
male;mister;Mar'yan;Chishko;2242;Miloslavska;Kremenchuk;Vinnicka;Ukraine;39863;37.7945;43.9766;-1:00;Azores, Cape Verde Islands;mar'yan.chishko@example.com;c1b01f18-7579-49ec-b388-b2354527c8da;browngorilla496;sucks;cha05DZG;0272a63f3d9a851fe037c197ef82e14b;1506b8542ebfa836fe18fadcdcfcd102209044f5;a5737c8c7ef5999b9612198c75fbf7d5ea9b9aed25d30401a6df72ff4365ae65;09/16/1988;35;2004-05-27 11:10:28;19;(066) U02-9747;(099) L70-9816;;;https://randomuser.me/api/portraits/men/34.jpg;https://randomuser.me/api/portraits/med/men/34.jpg;https://randomuser.me/api/portraits/thumb/men/34.jpg;UA;842;2024-05-20 14:36:37.771920
female;Miss;Rusyava;Hmara;2841;Lisnictva;Stariy Sambir;Sumska;Ukraine;31157;27.6955;-178.8068;-3:00;Brazil, Buenos Aires, Georgetown;rusyava.hmara@example.com;5ade1db0-e18f-4e65-9d07-b993d700703f;whiterabbit745;fallout;fuPDuCzZ;0ee0eb47ad3e32cf75b382c46aa3195b;9bbd9cabe6e8c6767d31b222483e3734c9053c6f;5815f5cbb8b48299e8f1e40dcb1de2f15ef2102da4af4ea4a092cf16b707ab25;10/13/1986;37;2013-09-09 16:06:30;10;(099) S79-9692;(096) Y64-5004;;;https://randomuser.me/api/portraits/women/58.jpg;https://randomuser.me/api/portraits/med/women/58.jpg;https://randomuser.me/api/portraits/thumb/women/58.jpg;UA;896;2024-05-20 14:36:37.771920
female;Miss;Polyana;Zasyadko;7703;Generala Koroteieva;Gorodenka;Harkivska;Ukraine;27180;-27.6533;-31.8687;+3:00;Baghdad, Riyadh, Moscow, St. Petersburg;polyana.zasyadko@example.com;e435b03f-2510-4c55-813f-2b447b1ba221;tinyostrich920;summit;KnKWkzPV;5a13811c463b494d8ce4e55311b36e5e;f7df7f705307be675265238f34e61abf14fc3436;1df4df392c421fdbbf38487bcc3beebd2fab5e8dfff3ec4087434c2c03fe28cf;12/23/1983;40;2002-05-22 04:34:21;21;(067) D93-2377;(099) H25-0589;;;https://randomuser.me/api/portraits/women/71.jpg;https://randomuser.me/api/portraits/med/women/71.jpg;https://randomuser.me/api/portraits/thumb/women/71.jpg;UA;901;2024-05-20 14:36:37.771920
male;mister;Derzhikray;Shchogoliv;4766;Zhambila Zhabaieva;Ananyiv;Volinska;Ukraine;83508;46.1509;-40.9675;+5:00;Ekaterinburg, Islamabad, Karachi, Tashkent;derzhikray.shchogoliv@example.com;3dd28c5b-b731-44bf-9783-a5e5903e9648;heavydog454;inferno;RRfHQmeQ;1400346e532443bd5b50c6c8fa49869e;b214738851436a796af08e49830f0ea0140fa6c9;81b3fb8364d14549921f8380e6a8580e82788c3e56987e9462ff06dfe2f49d80;11/26/1986;37;2002-06-25 11:42:11;21;(067) Q27-3254;(067) L60-4332;;;https://randomuser.me/api/portraits/men/27.jpg;https://randomuser.me/api/portraits/med/men/27.jpg;https://randomuser.me/api/portraits/thumb/men/27.jpg;UA;908;2024-05-20 14:36:37.771920
female;missis;Lidiya;Ieshchenko;9048;Mikoli Zakrevskogo;Novoazovsk;Zhitomirska;Ukraine;98522;3.5342;-179.0904;-4:00;Atlantic Time (Canada), Caracas, La Paz;lidiya.ieshchenko@example.com;c38f47e7-5e9c-4c81-a1af-6ec8316ccde0;goldenzebra563;nipples;SdJ0vBDe;5b075a4bf105d8e2809f1c9229bbbd73;7327bf953e7129a1128124282586d2c649ca5d23;0c7e22b1e3c75e9adce23ccf1b2183e2ff8c129cf2d82d81c1b1f49be12fd24d;02/21/1982;42;2020-03-06 01:24:47;4;(096) Q39-5148;(098) H76-6157;;;https://randomuser.me/api/portraits/women/91.jpg;https://randomuser.me/api/portraits/med/women/91.jpg;https://randomuser.me/api/portraits/thumb/women/91.jpg;UA;966;2024-05-20 14:36:37.771920
