gender;name.title;name.first;name.last;location.street.number;location.street.name;location.city;location.state;location.country;location.postcode;location.coordinates.latitude;location.coordinates.longitude;location.timezone.offset;location.timezone.description;email;login.uuid;login.username;login.password;login.salt;login.md5;login.sha1;login.sha256;dob.date;dob.age;registered.date;registered.age;phone;cell;id.name;id.value;picture.large;picture.medium;picture.thumbnail;nat;global_index;current_time
male;mister;Philip;Harcourt;3430;15th St;Dorchester;Nova Scotia;Canada;X1D 2X6;-21.7553;16.3869;+2:00;Kaliningrad, South Africa;philip.harcourt@example.com;04512f38-87ba-4b4b-a5d4-55efab5c0e8e;whitemouse878;sparky1;89P9PZ4r;8e52f497c0f65823f85775329063a149;4cac6eae4999cbb28c51e71998b163f91b8830a5;55311753cbf858a7572226f0b97aa9ad22644c774774782bedfbe489f7ec8e2d;07/25/1968;55;2010-06-07 06:21:10;13;L67 D68-2191;S61 K69-0319;SIN;225001759;https://randomuser.me/api/portraits/men/74.jpg;https://randomuser.me/api/portraits/med/men/74.jpg;https://randomuser.me/api/portraits/thumb/men/74.jpg;CA;31;2024-05-20 14:36:37.769849
male;mister;Nicolas;Martin;2189;Victoria Ave;Charlottetown;Manitoba;Canada;P5P 4X8;41.9802;-21.0161;-2:00;Mid-Atlantic;nicolas.martin@example.com;40d4e10f-602c-493e-aacd-941465314db0;angrytiger506;freedom;xG7Z4BwY;7beb1d4032ad7d57547fda8f8f3fe164;3ef13bf53fee533de481298b5573d8f491a836db;f1f6516ac1fd35d6f59bdc276458cda94d8d28ea4432206e41292d6f652aaf71;02/23/1960;64;2015-11-04 20:04:05;8;Y99 C07-0352;T05 Q82-0304;SIN;321620239;https://randomuser.me/api/portraits/men/51.jpg;https://randomuser.me/api/portraits/med/men/51.jpg;https://randomuser.me/api/portraits/thumb/men/51.jpg;CA;34;2024-05-20 14:36:37.769849
male;mister;Simon;Chow;5429;Pierre Ave;Bath;Nunavut;Canada;P5M 3S1;-41.2566;172.6862;+10:00;Eastern Australia, Guam, Vladivostok;simon.chow@example.com;bf2a59de-f221-4185-8d2f-da0d5bb5ec92;smallmeercat346;boobed;UQAdT9aQ;432f0712fc8edf1a38ce45d146a05a00;f2325c127d184fbcae5b111bca7c1525fd5f961d;d99e3122b19f20a45193361519e242a2bf232e40e5f46477f72fc4c0fb1bd76d;11/28/1962;61;2019-11-10 17:57:48;4;O74 H78-9779;B40 W09-2531;SIN;456548411;https://randomuser.me/api/portraits/men/95.jpg;https://randomuser.me/api/portraits/med/men/95.jpg;https://randomuser.me/api/portraits/thumb/men/95.jpg;CA;104;2024-05-20 14:36:37.769849
male;mister;Antoine;Walker;7310;King St;Enterprise;New Brunswick;Canada;A5I 2N0;11.9965;5.5985;+4:00;Abu Dhabi, Muscat, Baku, Tbilisi;antoine.walker@example.com;7dfe957f-569f-4e69-b60a-feae6b9cfc30;lazybear849;forumwp;2Pf0FEys;3767346a8538ceb1c1bedb34e42a4b10;c27dd20a1f96f5bbd0838d8e4fded15cdf65cd03;b64659d36c1e99d218896868914d78f22b24666695d43058b96221873e88d8e3;01/19/1965;59;2013-06-10 11:35:05;10;K37 Z22-6422;I59 D84-1504;SIN;763358413;https://randomuser.me/api/portraits/men/34.jpg;https://randomuser.me/api/portraits/med/men/34.jpg;https://randomuser.me/api/portraits/thumb/men/34.jpg;CA;226;2024-05-20 14:36:37.770886
female;missis;Charlotte;Kowalski;7875;York St;Belmont;Manitoba;Canada;O4G 9R3;8.5439;-8.7018;+4:30;Kabul;charlotte.kowalski@example.com;8cc557d4-c4e1-4df3-8a7a-ffc25ac01cf8;sadkoala550;zuan;nVuuZkxL;cad39637b565d8f1242af9b100c9bfb5;554d3221225cf3c33ca89081e7d9ca18fd9cd791;5060db6e1b4d6c98434aa9b3cf0ec29fe9e47781283a109966293b0868776485;07/30/1969;54;2017-10-10 08:22:00;6;H52 F92-7595;T93 Y35-0833;SIN;658193123;https://randomuser.me/api/portraits/women/76.jpg;https://randomuser.me/api/portraits/med/women/76.jpg;https://randomuser.me/api/portraits/thumb/women/76.jpg;CA;228;2024-05-20 14:36:37.770886
female;miss;Camille;Kowalski;3498;Grand Ave;Souris;Nunavut;Canada;O6X 8J2;67.4759;-138.4254;-8:00;Pacific Time (US & Canada);camille.kowalski@example.com;ec7a6f0e-7d1d-4ec3-8472-c2cf0e976587;redmeercat458;tzpvaw;APSfILPq;6f3de518b30fd8054a1df9ba7410f424;6b9dd790de0bef64204c5a7fa68775c554c8f287;b13fbe6acef493491712f02a27839a7b43d540a9da33e0cd5469502979c93382;07/24/1963;60;2006-03-10 22:55:41;18;B30 O64-9721;A56 B85-9487;SIN;758835219;https://randomuser.me/api/portraits/women/5.jpg;https://randomuser.me/api/portraits/med/women/5.jpg;https://randomuser.me/api/portraits/thumb/women/5.jpg;CA;404;2024-05-20 14:36:37.770886
male;mister;Jeremy;Ambrose;7216;Arctic Way;Sutton;Nunavut;Canada;R9Q 8G5;-83.9413;74.3625;-7:00;Mountain Time (US & Canada);jeremy.ambrose@example.com;406f1c6f-f240-48d7-9a58-72fc4fa02a94;greenpanda321;nevada;tL1KGaoS;63c686518d7858f562f2c7645159c93f;20e0c7de81dea3f6ba98d723296bb608e1b681c9;7f4695c31f548386d3c82b8c05d217888bf3156e5c92ccc986e89fedea01f75e;04/04/1969;55;2003-03-30 21:49:22;21;X09 G06-1027;H47 V94-9628;SIN;050296516;https://randomuser.me/api/portraits/men/17.jpg;https://randomuser.me/api/portraits/med/men/17.jpg;https://randomuser.me/api/portraits/thumb/men/17.jpg;CA;536;2024-05-20 14:36:37.770886
female;missis;Alicia;Sirko;3447;Main St;Victoria;Ontario;Canada;Q3J 9G8;83.3651;136.5542;-1:00;Azores, Cape Verde Islands;alicia.sirko@example.com;9d5b955c-a0bb-4f86-84fd-8d5ac353a19b;ticklishbutterfly106;doofus;3TbWUHA4;ab42fc61e4e0ca6f94817e084d39e1bf;c1765950556266bc1bba4b0bcb26b1e60d7ef5ec;07401040762e7256933a579ffadda1e08e092ade9d40dcd8f5e3b76712da6f45;05/12/1963;61;2012-06-05 02:46:43;11;U19 B67-1823;X75 L83-6406;SIN;953152873;https://randomuser.me/api/portraits/women/31.jpg;https://randomuser.me/api/portraits/med/women/31.jpg;https://randomuser.me/api/portraits/thumb/women/31.jpg;CA;583;2024-05-20 14:36:37.770886
female;miss;Alexis;Ma;6013;Concession Road 23;Hampton;Prince Edward Island;Canada;H0N 9U7;56.5554;-133.5733;-8:00;Pacific Time (US & Canada);alexis.ma@example.com;a92ce59b-3d1d-4bad-ac60-07e0ee68e32c;happygoose796;blond;eg1AhEfL;ed64742ae6c001a214baed87e50ba5ab;92e389199b8ffc5b5d9a57ab1f3cdfb0a2005719;02d95e8b55c4f2f71f460bcf1291f3529d1cf416b8dc40a1613a814a9e6525be;03/16/1966;58;2014-09-09 17:59:51;9;I21 V68-1430;J78 Z08-9037;SIN;974206229;https://randomuser.me/api/portraits/women/58.jpg;https://randomuser.me/api/portraits/med/women/58.jpg;https://randomuser.me/api/portraits/thumb/women/58.jpg;CA;595;2024-05-20 14:36:37.770886
male;mister;Liam;Slawa;3549;George St;Lumsden;Alberta;Canada;R9K 5U6;15.5882;-64.4457;-5:00;Eastern Time (US & Canada), Bogota, Lima;liam.slawa@example.com;9555d747-e6f3-4195-9c58-7801e33bd654;redmouse103;general;Fg8vGmPg;f782aeaab01d211a050befdc820b3aa0;a992e2884e3edeeeaa0870269ecdf3b361e13062;e2ba91608dd5ade9ee6cb265f46fee4b9184b7f2b3c30eaabf60d1695b78dd89;06/17/1966;57;2005-11-19 15:26:25;18;L94 F73-9796;H12 S34-3995;SIN;836031765;https://randomuser.me/api/portraits/men/64.jpg;https://randomuser.me/api/portraits/med/men/64.jpg;https://randomuser.me/api/portraits/thumb/men/64.jpg;CA;860;2024-05-20 14:36:37.771920
male;mister;Jayden;Lévesque;3774;St. Lawrence Ave;Deer Lake;British Columbia;Canada;L6M 7A1;32.485;109.9886;+2:00;Kaliningrad, South Africa;jayden.levesque@example.com;5bb3d029-1251-4792-854a-496f36035bf6;goldendog123;yousuck;DRBgGZ2D;421d5ca3ab3e76ffa466f0110a25081a;33d579ea8638b84462cd296167842ddda46d3208;b24d2001970bd5a9773d38d8abe5f667d67901e22611b4df1665d8396f15b15c;01/02/1966;58;2021-02-09 08:39:36;3;A93 H25-2780;X64 S48-4944;SIN;187984448;https://randomuser.me/api/portraits/men/62.jpg;https://randomuser.me/api/portraits/med/men/62.jpg;https://randomuser.me/api/portraits/thumb/men/62.jpg;CA;891;2024-05-20 14:36:37.771920
