gender;name.title;name.first;name.last;location.street.number;location.street.name;location.city;location.state;location.country;location.postcode;location.coordinates.latitude;location.coordinates.longitude;location.timezone.offset;location.timezone.description;email;login.uuid;login.username;login.password;login.salt;login.md5;login.sha1;login.sha256;dob.date;dob.age;registered.date;registered.age;phone;cell;id.name;id.value;picture.large;picture.medium;picture.thumbnail;nat;global_index;current_time
female;Miss;Debra;Nichols;5669;Station Road;Rush;Westmeath;Ireland;93881;-80.2208;147.5041;+11:00;Magadan, Solomon Islands, New Caledonia;debra.nichols@example.com;b52447b2-d30f-4f9c-a01b-ed4d2203ec10;greenostrich797;qwertyuiop;QZPdNUpQ;7f660dd988498355eb1a098387dcdfc7;a9f76bc833252cbc69486949d62b1acfc47aa0ff;826f95b8bc4f0edd02fc0e49855610055cb383c7b41495761afe9d53f76ef232;12/16/1978;45;2021-01-31 16:51:21;3;061-017-9402;081-837-7995;PPS;0706040T;https://randomuser.me/api/portraits/women/26.jpg;https://randomuser.me/api/portraits/med/women/26.jpg;https://randomuser.me/api/portraits/thumb/women/26.jpg;IE;235;2024-05-20 14:36:37.770886
female;miss;Carolyn;Hughes;7804;Woodlawn Avenue;Kildare;Tipperary;Ireland;48618;53.316;-80.6554;+9:00;Tokyo, Seoul, Osaka, Sapporo, Yakutsk;carolyn.hughes@example.com;d3bc6106-59ef-43c5-9dab-b0c9fd4260f7;sadbutterfly511;1115;M608d7Pk;9e709bb85c594b91468f5e547bdfc2c5;583f44dcb9af0b898beb712a9b90f1dd5aa9149a;65329562152bdb93c651869d650c6df4f63ec2f658fe6a9bd047646c56de32ff;01/08/1979;45;2004-05-23 11:44:02;19;071-981-3106;081-778-0479;PPS;4573660T;https://randomuser.me/api/portraits/women/24.jpg;https://randomuser.me/api/portraits/med/women/24.jpg;https://randomuser.me/api/portraits/thumb/women/24.jpg;IE;356;2024-05-20 14:36:37.770886
male;mister;Mike;Rogers;6339;High Street;Ballinasloe;Clare;Ireland;96494;82.1145;122.196;-9:00;Alaska;mike.rogers@example.com;0934d5b3-8f57-4ba4-9790-5f6262e36ff2;purplefish343;tazz;66LB3bF9;e029d2b65e5bc841d7d0ecc5cb8b4593;c16592849697aa6398864c55ad27c0e94aa709a0;d422a66b7d5e13fbb9872efb8922b49004ef48636e75fad030e8a17593d54312;04/25/1973;51;2004-03-30 08:22:16;20;041-396-8501;081-839-5122;PPS;3844860T;https://randomuser.me/api/portraits/men/31.jpg;https://randomuser.me/api/portraits/med/men/31.jpg;https://randomuser.me/api/portraits/thumb/men/31.jpg;IE;371;2024-05-20 14:36:37.770886
female;missis;Faith;Bradley;913;Church Street;New Ross;Waterford;Ireland;39198;-53.3146;35.8656;-3:00;Brazil, Buenos Aires, Georgetown;faith.bradley@example.com;37575dff-d7a3-4f11-93c5-30164ae35e29;bigpanda491;whisky;thmYmLiK;4e706c1c65960e268a00374286555533;d8b6d51fecde23c8979e673630bfb3e3ed09d230;9c2eab26b06cc2b850b8dae2ff40ee4eb6debc66d7f2c3679acb1ee3e0f312c3;05/16/1973;51;2013-01-20 05:12:56;11;011-313-8076;081-569-7987;PPS;7981770T;https://randomuser.me/api/portraits/women/23.jpg;https://randomuser.me/api/portraits/med/women/23.jpg;https://randomuser.me/api/portraits/thumb/women/23.jpg;IE;516;2024-05-20 14:36:37.770886
female;missis;Emma;Hunter;6082;Dublin Road;Edenderry;Wexford;Ireland;20817;18.5126;-82.5723;-4:00;Atlantic Time (Canada), Caracas, La Paz;emma.hunter@example.com;b0db2781-0a14-48ae-aa0e-8f3770ccbb67;silvertiger642;spliff;I93MRlPq;706c5174bb919b614ccf2731102cefc8;3acb636cc8c8153cd76e2e1fec5847bf4c4eae05;3dc33691cccb36636a11e41c8d3dfb7653c6db00022d19b7fd449b2c19387ea1;06/06/1974;49;2010-05-06 06:38:19;14;061-834-3920;081-337-0520;PPS;8665260T;https://randomuser.me/api/portraits/women/58.jpg;https://randomuser.me/api/portraits/med/women/58.jpg;https://randomuser.me/api/portraits/thumb/women/58.jpg;IE;617;2024-05-20 14:36:37.770886
male;mister;Larry;Morrison;4200;Springfield Road;Drogheda;Wexford;Ireland;90873;70.1738;-65.3097;+9:00;Tokyo, Seoul, Osaka, Sapporo, Yakutsk;larry.morrison@example.com;011d8105-45a7-4592-830f-a43bd692d66c;happymeercat614;treble;Y85MaUwY;e55bead9d654f33949e6c08ae19294aa;11bcfb05d70031aec4f7fcaeb65e4b4108ad66b3;19868c0ad47bb886c3f8370481f020313a2c4c790b7c2d120aead1dc774ef35b;06/04/1976;47;2019-05-06 16:51:02;5;011-989-1071;081-980-9857;PPS;0797202T;https://randomuser.me/api/portraits/men/38.jpg;https://randomuser.me/api/portraits/med/men/38.jpg;https://randomuser.me/api/portraits/thumb/men/38.jpg;IE;628;2024-05-20 14:36:37.770886
female;miss;Patricia;Russell;751;Church Lane;Laytown-Bettystown-Mornington;Leitrim;Ireland;62618;33.4774;-90.3854;+2:00;Kaliningrad, South Africa;patricia.russell@example.com;cf3ca166-84f8-44e2-be2d-e9a531931bd3;blacklion495;gloria;07frFp5e;9fb1474dce297c7ff93c23a72f421a9c;3d36077802382685502386a2cab6c82160908803;9fbcf0d480413415bfe10f63f77ad46585f4f3ecfbbcd341bb6ee4db8179c688;11/08/1979;44;2004-02-14 16:36:22;20;011-365-6744;081-766-6614;PPS;5968754T;https://randomuser.me/api/portraits/women/68.jpg;https://randomuser.me/api/portraits/med/women/68.jpg;https://randomuser.me/api/portraits/thumb/women/68.jpg;IE;657;2024-05-20 14:36:37.770886
female;miss;Zoe;Lawson;9726;O'Connell Street;Celbridge;Laois;Ireland;12433;-24.251;1.8001;+8:00;Beijing, Perth, Singapore, Hong Kong;zoe.lawson@example.com;9ed8c27b-1816-43e7-8170-7e6fbbbf0b06;tinyostrich289;consumer;8D9TL2eS;e425390824322b3d05a1584321fc1360;f8d2b4501441ddfc8b9199f727d67ea87880be4c;137f083df6c3623df50edaa2fac672a55182a173187890a75355cc8d526ccdf1;07/18/1973;50;2021-05-08 03:41:05;3;031-200-6325;081-076-9365;PPS;1708523T;https://randomuser.me/api/portraits/women/25.jpg;https://randomuser.me/api/portraits/med/women/25.jpg;https://randomuser.me/api/portraits/thumb/women/25.jpg;IE;660;2024-05-20 14:36:37.770886
female;miss;Susanne;Gilbert;5246;The Drive;Carrick-on-Shannon;Meath;Ireland;17180;-62.4787;-97.1595;+4:00;Abu Dhabi, Muscat, Baku, Tbilisi;susanne.gilbert@example.com;c1443c6e-2110-4fc2-9ee6-4044cb1aab0f;orangesnake490;slave1;IMVnThJX;10dd2025c60abf500acaea88f554ad09;ff92a1deab1490f80786874169520da37ba21b82;8f36e1eab17afcef87833696eaacd0ff6904007d610bcbf5465b0a22fde0dada;07/13/1979;44;2007-06-24 21:27:18;16;021-316-1186;081-168-8316;PPS;5671276T;https://randomuser.me/api/portraits/women/48.jpg;https://randomuser.me/api/portraits/med/women/48.jpg;https://randomuser.me/api/portraits/thumb/women/48.jpg;IE;745;2024-05-20 14:36:37.771920
