gender;name.title;name.first;name.last;location.street.number;location.street.name;location.city;location.state;location.country;location.postcode;location.coordinates.latitude;location.coordinates.longitude;location.timezone.offset;location.timezone.description;email;login.uuid;login.username;login.password;login.salt;login.md5;login.sha1;login.sha256;dob.date;dob.age;registered.date;registered.age;phone;cell;id.name;id.value;picture.large;picture.medium;picture.thumbnail;nat;global_index;current_time
female;Miss;Peggy;Palmer;2779;E North St;Warrnambool;South Australia;Australia;7847;77.4971;167.975;-6:00;Central Time (US & Canada), Mexico City;peggy.palmer@example.com;1f194675-9c15-4ba6-be23-468fde75d50e;orangedog120;toledo;6rBaBgZa;3d0f8d7bb519e558da660632afcd3e05;7de7e8d2dbe2973d531076570f3647e197da5e6c;02a4dddfa63eb11bd5565913c8b25a30d837803da0e959bbc517a07c61dceb45;05/22/1997;26;2015-07-10 11:40:35;8;07-3963-8839;0409-680-728;TFN;309318132;https://randomuser.me/api/portraits/women/38.jpg;https://randomuser.me/api/portraits/med/women/38.jpg;https://randomuser.me/api/portraits/thumb/women/38.jpg;AU;64;2024-05-20 14:36:37.769849
male;mister;Liam;Lewis;9809;E Pecan St;Devonport;Western Australia;Australia;9629;-32.7235;137.5127;-7:00;Mountain Time (US & Canada);liam.lewis@example.com;cb2cca87-35a6-460f-8540-07549f1a5166;crazypeacock562;zero;L996kzna;dca0ec934c823ec039a7343c6f993d44;91a1e91129c810857fd06006ee8baf98e23b3d6f;0ff39ff6b56eda2a3da127d9f728a492febc821e47d53e4014321c31496dbb53;11/20/1999;24;2004-03-03 08:16:15;20;07-4214-8256;0479-540-172;TFN;071445744;https://randomuser.me/api/portraits/men/34.jpg;https://randomuser.me/api/portraits/med/men/34.jpg;https://randomuser.me/api/portraits/thumb/men/34.jpg;AU;114;2024-05-20 14:36:37.769849
female;miss;Herminia;Mendoza;4629;Marsh Ln;Sydney;Tasmania;Australia;2822;59.0463;-150.0863;+6:00;Almaty, Dhaka, Colombo;herminia.mendoza@example.com;319db366-1853-4959-bd2a-79e4a9515b45;sadduck384;lionel;9tZdBXSV;8b914dcd4fed4b95258bdbe7c04cf842;8401b707c7dcf4a8f625aae0a986c131e6c897c7;97d90c33f5d81b5a5460099d309235f9e20429f36eaf812e82b3cfc5b5e21de3;04/25/1996;28;2003-05-17 08:39:23;21;00-4274-2960;0418-233-467;TFN;273057988;https://randomuser.me/api/portraits/women/29.jpg;https://randomuser.me/api/portraits/med/women/29.jpg;https://randomuser.me/api/portraits/thumb/women/29.jpg;AU;140;2024-05-20 14:36:37.769849
female;Miss;Maxine;Brooks;6877;White Oak Dr;Queanbeyan;Victoria;Australia;6087;-44.2268;-105.4622;-11:00;Midway Island, Samoa;maxine.brooks@example.com;458cfbf2-01cf-495c-b538-d19c26f01e5b;angryrabbit349;wwwwwww;hH6HJJ13;095c47ef02601f785ba55e2a5c7d9f0e;24c35f2cb045cc681a32ee37852e56c4d7c64af5;4ae2a9915f22f9e9318f1066d6a10fe19aa8bfd60865651f69a7e4f711086563;06/22/1992;31;2013-03-28 13:49:22;11;03-9963-9722;0448-573-463;TFN;317271895;https://randomuser.me/api/portraits/women/57.jpg;https://randomuser.me/api/portraits/med/women/57.jpg;https://randomuser.me/api/portraits/thumb/women/57.jpg;AU;151;2024-05-20 14:36:37.769849
male;mister;Ernest;Alvarez;6325;Homestead Rd;Brisbane;South Australia;Australia;1587;-89.6273;-127.0341;+10:00;Eastern Australia, Guam, Vladivostok;ernest.alvarez@example.com;24d5a921-feba-4d98-b975-90c2d98ddd67;bluetiger172;goodtime;BdKb70j1;7a1b21af9aea79e3c3082c9a3c28bf6c;bb93e35c08129bb3322f95a4d3fe5fc7a74d4a1c;14f90ee8cb690192218b6f3f91a28011a209fb0a79fe715f02a193e340f446bd;10/08/1995;28;2015-01-05 03:59:36;9;08-0458-7088;0406-046-850;TFN;321647910;https://randomuser.me/api/portraits/men/67.jpg;https://randomuser.me/api/portraits/med/men/67.jpg;https://randomuser.me/api/portraits/thumb/men/67.jpg;AU;603;2024-05-20 14:36:37.770886
male;mister;Tomothy;Jones;3711;Daisy Dr;Melbourne;Queensland;Australia;9289;-58.6812;157.3606;-2:00;Mid-Atlantic;tomothy.jones@example.com;24c12cf4-21a8-4821-b07a-cd4112e9d065;crazybear493;elvisp;AdleTAuM;f8807b8668ebdf4638e7db5f911483b3;b0d1a003d773da2e05a823fabd3c6f560813d03f;94d09d852a488a5ab885536a9ffe7e5f483a71de8a8fd807c960e2e3f4ce8763;11/06/1994;29;2006-12-08 23:20:38;17;02-6878-4433;0498-148-920;TFN;660575855;https://randomuser.me/api/portraits/men/57.jpg;https://randomuser.me/api/portraits/med/men/57.jpg;https://randomuser.me/api/portraits/thumb/men/57.jpg;AU;666;2024-05-20 14:36:37.770886
male;mister;Johnny;Henry;7700;Edwards Rd;Nowra;Queensland;Australia;618;-52.5185;30.4532;+5:45;Kathmandu;johnny.henry@example.com;17d4d338-5cad-4961-9586-c649cd3e7971;blackbird928;porsche;nlcZLsMv;51a5081a2a36a4718863b0fd1c80788d;c14af96b2bde5df430613f9a01b920d257b2d4c8;efec32376467e6ee7631d946ddacc6d89f7cf6387cbccb6e513d9fd50f5371ef;10/24/1995;28;2014-11-24 15:45:13;9;05-9292-2724;0454-559-125;TFN;070972400;https://randomuser.me/api/portraits/men/52.jpg;https://randomuser.me/api/portraits/med/men/52.jpg;https://randomuser.me/api/portraits/thumb/men/52.jpg;AU;769;2024-05-20 14:36:37.771920
female;miss;Eleanor;Walters;5395;Ranchview Dr;Perth;Australian Capital Territory;Australia;4194;30.9381;171.5168;+7:00;Bangkok, Hanoi, Jakarta;eleanor.walters@example.com;9f2cd37e-9d25-4a74-8454-24d29373b2ce;crazyswan946;vernon;D7h3uvPI;3b8e9ad746c68bf590bf89a729322808;ec01a5e2dd4217e3b5b163ab1bfb7aec0c081992;9429444019180bd16166731fddd0cf0070e1b13fa06c5d2f741a33c135614538;11/11/1990;33;2005-07-28 08:10:25;18;09-2703-0530;0452-986-830;TFN;948715654;https://randomuser.me/api/portraits/women/33.jpg;https://randomuser.me/api/portraits/med/women/33.jpg;https://randomuser.me/api/portraits/thumb/women/33.jpg;AU;802;2024-05-20 14:36:37.771920
male;mister;Neil;Hall;2987;Spring St;Bunbury;Victoria;Australia;1742;60.9907;-172.4511;+10:00;Eastern Australia, Guam, Vladivostok;neil.hall@example.com;3b97243e-a90c-4007-9759-dc2197e2a72d;tinybear827;tool;zc4MOIS0;03bc62606d34b4f0c98cbe3f20e4bba3;faaeeb0bb12a8f6da5e80b09aff48b6c4af94144;85ef5b43d69878d5010b7d81e6fc31e56f8b786f9a183525d4240f1186e90c90;08/03/1999;24;2011-05-12 00:05:22;13;08-5206-2851;0467-074-700;TFN;568537791;https://randomuser.me/api/portraits/men/45.jpg;https://randomuser.me/api/portraits/med/men/45.jpg;https://randomuser.me/api/portraits/thumb/men/45.jpg;AU;803;2024-05-20 14:36:37.771920
male;mister;James;Harris;7316;Samaritan Dr;Cairns;Australian Capital Territory;Australia;6637;35.6396;-143.4463;-12:00;Eniwetok, Kwajalein;james.harris@example.com;78fee9b2-5899-4a62-985f-5e09d1ab1a3b;ticklishbird488;nudes;UeaMwe5u;2a0573d4c6dfe8a30a2a2b61f9847764;6c35038c150a18fe8620c68a61edabc93e028962;26651be67de634cb955be2d269618322b4e650d795958d534861ee58102abd88;04/19/1996;28;2017-08-06 07:54:31;6;03-9767-7524;0447-074-588;TFN;759337716;https://randomuser.me/api/portraits/men/85.jpg;https://randomuser.me/api/portraits/med/men/85.jpg;https://randomuser.me/api/portraits/thumb/men/85.jpg;AU;922;2024-05-20 14:36:37.771920
