gender;name.title;name.first;name.last;location.street.number;location.street.name;location.city;location.state;location.country;location.postcode;location.coordinates.latitude;location.coordinates.longitude;location.timezone.offset;location.timezone.description;email;login.uuid;login.username;login.password;login.salt;login.md5;login.sha1;login.sha256;dob.date;dob.age;registered.date;registered.age;phone;cell;id.name;id.value;picture.large;picture.medium;picture.thumbnail;nat;global_index;current_time
female;Miss;Teresa;Serrano;3841;Calle Mota;Zaragoza;Castilla la Mancha;Spain;75287;-75.9223;-169.4071;-5:00;Eastern Time (US & Canada), Bogota, Lima;teresa.serrano@example.com;139877e4-4caa-486a-9316-19fee5372684;tinygoose430;77777777;DitP7Yzq;aac99bc7e57d90580ed5668e879e684e;1f20b1bb3053a4d496b01efba0ba06b062669f35;7898b5d88e1d18a5e4442c02fb1ddbde2bdffc183cc0a285c30ecf1d8e0048ad;04/20/1985;39;2019-03-15 03:41:46;5;913-430-570;612-337-345;DNI;74532229-X;https://randomuser.me/api/portraits/women/5.jpg;https://randomuser.me/api/portraits/med/women/5.jpg;https://randomuser.me/api/portraits/thumb/women/5.jpg;ES;240;2024-05-20 14:36:37.770886
female;miss;Amparo;Montero;6827;Calle del Arenal;Barcelona;Galicia;Spain;27442;-46.8937;142.7873;-9:00;Alaska;amparo.montero@example.com;89d134cf-667f-4f96-9368-9b9142daca0f;sadtiger435;obelix;SfUMXX7o;5d8ee7ad3df02fce438b50ca5294dc4f;003e0abc476f6cc08a90909a4fe0f744d7e8fcff;3b7f97e97e80d450436143867d08566e4ace3ab09f9e40358269761088be42ad;05/08/1985;39;2006-02-02 04:53:01;18;926-322-894;624-200-915;DNI;49217096-C;https://randomuser.me/api/portraits/women/25.jpg;https://randomuser.me/api/portraits/med/women/25.jpg;https://randomuser.me/api/portraits/thumb/women/25.jpg;ES;481;2024-05-20 14:36:37.770886
male;mister;Marcos;Flores;6990;Calle de Tetuán;Pozuelo de Alarcón;Región de Murcia;Spain;79099;-67.0498;-118.6821;-2:00;Mid-Atlantic;marcos.flores@example.com;e31a3bdc-c31f-49c3-a63b-b3c54076c1e5;ticklishfrog362;134679;IXsxi24h;2da4f1a166c9f22a5ec088f95cd9807d;4fdf251bb473fb8321aa772df230914db09b3210;a0db4eaa952ee2e1cc2b84d0d69539d4bc46259ba2609140d4fd907365c58ccd;10/25/1984;39;2003-01-16 04:51:33;21;966-469-569;675-897-924;DNI;37650935-A;https://randomuser.me/api/portraits/men/98.jpg;https://randomuser.me/api/portraits/med/men/98.jpg;https://randomuser.me/api/portraits/thumb/men/98.jpg;ES;526;2024-05-20 14:36:37.770886
male;mister;Guillermo;Álvarez;1249;Calle de La Luna;Sevilla;Castilla la Mancha;Spain;63922;24.8444;-24.606;+10:00;Eastern Australia, Guam, Vladivostok;guillermo.alvarez@example.com;07d34453-3782-4b31-a060-e4b2748a786f;crazyfrog302;redman;gx1tG01P;472ba6e8839714c99b83994add44be6c;fc785081af6a812fd170df951d96e1ad5c6bbe85;a5f844600a131d0edc76f8629f332031d10e42a6803a85ea5dd51ff2add72495;06/07/1983;40;2020-06-17 21:52:27;3;993-826-949;696-863-113;DNI;97237460-I;https://randomuser.me/api/portraits/men/1.jpg;https://randomuser.me/api/portraits/med/men/1.jpg;https://randomuser.me/api/portraits/thumb/men/1.jpg;ES;609;2024-05-20 14:36:37.770886
male;mister;Raúl;Santana;8085;Calle de Atocha;Mérida;Andalucía;Spain;99207;46.8498;-140.3263;-12:00;Eniwetok, Kwajalein;raul.santana@example.com;ef05086e-f85f-4dc0-b542-3ff50d1c94e3;happypanda186;erica;EaPLtUfl;0a0f746319ca111e4db7b4249237d5b4;46b64241ae418df167b00155d337808295ff865a;68bc25d4dc80d6cabffde9382df33e8703ffd634f568f44c6b5e9f2b7b080e43;12/08/1981;42;2002-04-29 08:38:42;22;926-550-799;601-795-030;DNI;61389281-K;https://randomuser.me/api/portraits/men/47.jpg;https://randomuser.me/api/portraits/med/men/47.jpg;https://randomuser.me/api/portraits/thumb/men/47.jpg;ES;624;2024-05-20 14:36:37.770886
female;miss;Lidia;García;8875;Calle de Bravo Murillo;Pamplona;Galicia;Spain;55129;-12.4762;112.495;+10:00;Eastern Australia, Guam, Vladivostok;lidia.garcia@example.com;2d31f408-9fe3-4371-9d59-a7fe53659a27;crazybird230;maker;nSioshTf;25e684b32d989f5ef19404b9914d8d71;d0518b7b016200e72351aa2d3d2b82cc433432c3;ceb3194dacd52f161248bacab43619ad5a42d011502ba309d1194fe446aec5f2;06/19/1986;37;2005-12-18 21:27:55;18;910-307-704;622-437-374;DNI;38491043-Z;https://randomuser.me/api/portraits/women/36.jpg;https://randomuser.me/api/portraits/med/women/36.jpg;https://randomuser.me/api/portraits/thumb/women/36.jpg;ES;671;2024-05-20 14:36:37.771920
male;mister;Cesar;Serrano;6546;Calle del Arenal;Valladolid;Melilla;Spain;99562;15.4584;127.3874;+4:00;Abu Dhabi, Muscat, Baku, Tbilisi;cesar.serrano@example.com;b495a242-fbf4-4b48-98e7-99c1976f384d;lazymouse438;demo;NJTs1uqQ;eb7027eeb5067a477fab70ce6734c4e6;0c2b604e36c8ecc3a33f61803c83127b5d44abe9;0797b865948f954babd48e5858b10b06034605bb18eb950e9b881031d9001083;10/06/1982;41;2005-09-27 04:21:12;18;995-157-131;602-532-492;DNI;69463548-C;https://randomuser.me/api/portraits/men/12.jpg;https://randomuser.me/api/portraits/med/men/12.jpg;https://randomuser.me/api/portraits/thumb/men/12.jpg;ES;720;2024-05-20 14:36:37.771920
male;mister;Adrián;Torres;8486;Calle de La Luna;Gandía;Cantabria;Spain;96906;58.5423;178.5291;+5:30;Bombay, Calcutta, Madras, New Delhi;adrian.torres@example.com;49992276-4fbd-4657-9cb0-8843897899de;orangezebra570;info;vgRn1TBC;699ee55b3b7218c02c89dac9fbee78ab;d76424300c314b28e35e22ed8480df36dc1e8c3d;a5dd62858fe159e8191a080cb5ec2bb1ce02ed0a64cafbd2551a4d610ca29c78;09/12/1981;42;2020-07-02 07:54:53;3;957-987-032;603-547-438;DNI;05244351-N;https://randomuser.me/api/portraits/men/30.jpg;https://randomuser.me/api/portraits/med/men/30.jpg;https://randomuser.me/api/portraits/thumb/men/30.jpg;ES;752;2024-05-20 14:36:37.771920
female;miss;Marina;Domínguez;5909;Avenida de Salamanca;Elche;Islas Baleares;Spain;54508;79.2078;-69.9074;+4:30;Kabul;marina.dominguez@example.com;5596b004-c8a5-4d0f-8036-b7e69fa73b0e;orangebutterfly419;poison;FVBmGPJV;1a3e5e46066b4f7330c872f84aaef933;9114a625d21716401e7eab492e249c51feedf0d2;a86527851a029d1f27c767c0d69b1360861b450879f777265619ffae974c1aee;01/29/1989;35;2008-05-24 22:58:46;15;901-822-903;611-703-714;DNI;39574957-A;https://randomuser.me/api/portraits/women/13.jpg;https://randomuser.me/api/portraits/med/women/13.jpg;https://randomuser.me/api/portraits/thumb/women/13.jpg;ES;840;2024-05-20 14:36:37.771920
