gender;name.title;name.first;name.last;location.street.number;location.street.name;location.city;location.state;location.country;location.postcode;location.coordinates.latitude;location.coordinates.longitude;location.timezone.offset;location.timezone.description;email;login.uuid;login.username;login.password;login.salt;login.md5;login.sha1;login.sha256;dob.date;dob.age;registered.date;registered.age;phone;cell;id.name;id.value;picture.large;picture.medium;picture.thumbnail;nat;global_index;current_time
female;missis;Louisa;Joly;9409;Rue Dubois;Montreuil;Seine-Saint-Denis;France;58698;-8.3162;15.9506;-6:00;Central Time (US & Canada), Mexico City;louisa.joly@example.com;61367a3d-01e0-4fea-8267-91be65e1e118;purplesnake626;654321;Qob5iMtl;896236a56e57257d28bfe3d69bffe26e;18ef6f25ae317ed6785a5b34b3262132e9d6780a;9b65f4b718021d4c235793837913aafdf4daa568c406f5a66d55620f2b70a305;08/10/1967;56;2018-12-22 00:28:18;5;02-31-46-18-65;06-19-40-09-67;INSEE;2670757535978 84;https://randomuser.me/api/portraits/women/61.jpg;https://randomuser.me/api/portraits/med/women/61.jpg;https://randomuser.me/api/portraits/thumb/women/61.jpg;FR;138;2024-05-20 14:36:37.769849
female;missis;Marilou;Moulin;3515;Rue de la Gare;Boulogne-Billancourt;Alpes-Maritimes;France;52494;-26.3867;-42.0144;-3:00;Brazil, Buenos Aires, Georgetown;marilou.moulin@example.com;1d4e1633-4fa1-4f6d-84c4-e096aa973cdc;silverrabbit617;zurich;jvbNZ9Ix;a1287189e9898c68cc7fe68bffd2a088;283c6c96a84e463cbcc3d71dde49fcfcc3af605b;d621799ecc3cbb37abc7db40c829056498faabe2f2e6c27a6afd4b505a19e937;12/07/1964;59;2002-05-13 21:53:12;22;03-25-08-78-18;06-84-58-15-70;INSEE;2641137612227 52;https://randomuser.me/api/portraits/women/96.jpg;https://randomuser.me/api/portraits/med/women/96.jpg;https://randomuser.me/api/portraits/thumb/women/96.jpg;FR;170;2024-05-20 14:36:37.769849
male;mister;Lilian;Fabre;5829;Place de L'Abbé-Franz-Stock;Colombes;Hauts-de-Seine;France;19124;-75.5201;74.5474;+5:00;Ekaterinburg, Islamabad, Karachi, Tashkent;lilian.fabre@example.com;69f41bea-b6e4-455f-af01-2503fb095cd2;happyleopard127;hardcore;t649qVGg;fd5ee93fabfb2d2ac237d8cb94517bd8;82c148fbb9e7dce75c0b106f9ab5b76f9a977d43;fb40d22afbaea39c208d822c1cc0bf4f2e6466a3097eab425d205e00b1a9b37e;10/07/1962;61;2007-12-10 19:17:31;16;03-43-09-44-77;06-92-40-52-13;INSEE;1620997746133 54;https://randomuser.me/api/portraits/men/16.jpg;https://randomuser.me/api/portraits/med/men/16.jpg;https://randomuser.me/api/portraits/thumb/men/16.jpg;FR;187;2024-05-20 14:36:37.770886
female;miss;Alizee;Schmitt;1887;Rue de L'Abbé-Groult;Dunkerque;Yonne;France;13278;-79.0921;-151.2818;+9:00;Tokyo, Seoul, Osaka, Sapporo, Yakutsk;alizee.schmitt@example.com;3b5cf422-c8dd-435e-a97c-343f84bb50b3;blueswan321;dale;OP3O6M49;6f8b8f9bb94a577b9947f2e9b8290a5d;c5316895b2822bb3c17eee40cbbed9c074d1e4b6;2b059c0c7a27c1ca40ed834d34f1f0198f8536ec6b1644025c5508c804b7a980;05/02/1966;58;2003-05-06 08:36:39;21;01-00-17-91-64;06-84-69-75-74;INSEE;2660437648002 54;https://randomuser.me/api/portraits/women/48.jpg;https://randomuser.me/api/portraits/med/women/48.jpg;https://randomuser.me/api/portraits/thumb/women/48.jpg;FR;227;2024-05-20 14:36:37.770886
male;mister;Melvin;Leclerc;501;Rue Barrier;Tourcoing;Gers;France;51680;74.8503;-129.1215;-10:00;Hawaii;melvin.leclerc@example.com;9420ad96-da35-4269-bda8-1f711ebc9b94;smallzebra444;four;gym1x1zV;41b65ab78e6d8b560a694b077c08a2b6;d908c1edba6d3c0da8d35723435605f6d8e72cf0;ae771a31ff9b5022a5e4d24197ca1f2d92488b7da49df4e378f94a5cbbb5d38d;08/04/1966;57;2015-07-31 17:09:51;8;05-61-35-70-84;06-12-20-10-75;INSEE;1660739049725 79;https://randomuser.me/api/portraits/men/65.jpg;https://randomuser.me/api/portraits/med/men/65.jpg;https://randomuser.me/api/portraits/thumb/men/65.jpg;FR;261;2024-05-20 14:36:37.770886
male;mister;Martin;Vincent;170;Avenue de l'Abbé-Roussel;Amiens;Puy-de-Dôme;France;85440;8.0296;173.3237;+5:30;Bombay, Calcutta, Madras, New Delhi;martin.vincent@example.com;e601c7b6-fa7b-4fb0-91b4-759285ff2c08;happygorilla944;whiteout;EFIxbcJc;445534d73715e674d33a4a2808469bbc;96ddb87e3fc532d3e62eb551f4fb66e40966b83b;827832275d6fb0aa64833d8e5a74db278436444556e70f7cae4f574f4e6380ae;03/08/1964;60;2015-04-17 10:30:01;9;04-60-66-36-60;06-32-72-07-61;INSEE;1640277346636 47;https://randomuser.me/api/portraits/men/48.jpg;https://randomuser.me/api/portraits/med/men/48.jpg;https://randomuser.me/api/portraits/thumb/men/48.jpg;FR;364;2024-05-20 14:36:37.770886
male;mister;Lorenzo;Arnaud;9051;Avenue Joliot Curie;Le Havre;Indre-et-Loire;France;21097;-57.5395;-124.8327;-11:00;Midway Island, Samoa;lorenzo.arnaud@example.com;d9949402-3e50-4f76-9cf8-3c4797ce9431;organictiger489;garfield;FtgsIanU;5e1217906d0afc76c5c6b99ef70d131c;23ac1619f2651c0798f8678495bc59f56d615ec5;bb1e268cf17923cdad40dde4083ab1ff5e67d3ef8d866175aacf29a217179316;05/06/1966;58;2022-03-16 23:24:32;2;05-06-48-68-34;06-00-96-84-27;INSEE;1660487523377 92;https://randomuser.me/api/portraits/men/36.jpg;https://randomuser.me/api/portraits/med/men/36.jpg;https://randomuser.me/api/portraits/thumb/men/36.jpg;FR;438;2024-05-20 14:36:37.770886
male;mister;Alexis;Garnier;372;Rue Dumenge;Argenteuil;Haute-Corse;France;81778;-57.1332;30.0819;+5:00;Ekaterinburg, Islamabad, Karachi, Tashkent;alexis.garnier@example.com;f970dacb-ff5c-40f2-aa73-f3a3953426ec;silvermeercat972;isaac;1WLMTKZ3;149e839fb80ca248d3e8d9a25a358dc4;07fcc1adff98eb89ce0166ade4217f08484e76f5;ed15948ddae7f38685f54efe8d68d2104c342ddc4aca6437d1c5acc04c0507c2;05/26/1962;61;2004-10-23 21:17:19;19;05-20-83-35-72;06-97-64-01-48;INSEE;1620442698409 04;https://randomuser.me/api/portraits/men/9.jpg;https://randomuser.me/api/portraits/med/men/9.jpg;https://randomuser.me/api/portraits/thumb/men/9.jpg;FR;562;2024-05-20 14:36:37.770886
