gender;name.title;name.first;name.last;location.street.number;location.street.name;location.city;location.state;location.country;location.postcode;location.coordinates.latitude;location.coordinates.longitude;location.timezone.offset;location.timezone.description;email;login.uuid;login.username;login.password;login.salt;login.md5;login.sha1;login.sha256;dob.date;dob.age;registered.date;registered.age;phone;cell;id.name;id.value;picture.large;picture.medium;picture.thumbnail;nat;global_index;current_time
male;mister;Jeremy;Lam;2093;Maple Ave;Keswick;Québec;Canada;Z1V 9T5;-44.1215;-137.2333;-1:00;Azores, Cape Verde Islands;jeremy.lam@example.com;9faf7b1a-c7bb-4371-8924-00dae64fede8;yellowdog683;hamish;9hvnoVLt;b54536c1b4dd35a2b0155bd52ffea53b;fab95953d2d353a9f6bbe816ceeeb36852c98941;729d7824ef724b3d6fbe6cbd5f8aff22f2b0a5d4b8a2db27f82bc508fc326e82;04/03/1976;48;2012-07-15 20:05:24;11;S27 N94-3733;E75 J15-1834;SIN;931319149;https://randomuser.me/api/portraits/men/68.jpg;https://randomuser.me/api/portraits/med/men/68.jpg;https://randomuser.me/api/portraits/thumb/men/68.jpg;CA;201;2024-05-20 14:36:37.770886
female;miss;Emily;Ennis;1825;Regent Ave;St. George;Nova Scotia;Canada;B0K 0O8;-15.5157;2.2508;0:00;Western Europe Time, London, Lisbon, Casablanca;emily.ennis@example.com;e3a4ae4e-6146-4942-8b42-05c2d648f8fe;beautifulgoose802;garion;aPMI6QIZ;fc95fb2425527afa59bd39158a621d17;c25037655d730815f0cf895ec744b57126f6488a;4e15e464f0d3039f6e9b4440c43c94ee9b6d5691944bf28aea3350b1158b587e;12/07/1978;45;2015-03-27 14:19:41;9;B02 S90-8562;W93 X30-2076;SIN;965214208;https://randomuser.me/api/portraits/women/45.jpg;https://randomuser.me/api/portraits/med/women/45.jpg;https://randomuser.me/api/portraits/thumb/women/45.jpg;CA;281;2024-05-20 14:36:37.770886
male;mister;Thomas;Li;7700;West Ave;Souris;Newfoundland and Labrador;Canada;M5P 8H3;-73.145;-109.3281;+9:30;Adelaide, Darwin;thomas.li@example.com;e68bba55-a207-4250-adf8-6fbc950f8481;beautifulgoose937;vincent;qPXqWkwR;2080687cfc34c78950769b4104ae3a06;e4d5ef226d3506ca7f0e649a2a7b5c02eb1a9bff;a695cda626c4caf48e767895fa78e42f3aec66243bbe0915a371813c543b76ef;12/12/1974;49;2010-04-10 04:40:58;14;K24 F80-1154;E95 E01-8674;SIN;047078456;https://randomuser.me/api/portraits/men/9.jpg;https://randomuser.me/api/portraits/med/men/9.jpg;https://randomuser.me/api/portraits/thumb/men/9.jpg;CA;312;2024-05-20 14:36:37.770886
female;missis;Sarah;Pelletier;5026;Coastal Highway;St. George;Yukon;Canada;D0T 4O5;-88.6372;157.6417;+5:00;Ekaterinburg, Islamabad, Karachi, Tashkent;sarah.pelletier@example.com;f6521d90-5967-4e85-8782-a859de0035e5;crazyrabbit324;apple123;3SxpTTxO;0b617fdae8e999a6d4d67e78a595e28b;f0b16d48948f604da51578d5b0d263f3d250aa83;0325e1ec651107f27a8d91e730f01f1243ae9054dda031e6c23020024d771b3a;12/09/1975;48;2011-03-30 05:46:30;13;J84 L38-2375;L22 B13-2292;SIN;281367706;https://randomuser.me/api/portraits/women/34.jpg;https://randomuser.me/api/portraits/med/women/34.jpg;https://randomuser.me/api/portraits/thumb/women/34.jpg;CA;380;2024-05-20 14:36:37.770886
male;mister;Arthur;Ennis;1688;Park Rd;St. George;Yukon;Canada;M5Y 3V6;-6.629;134.3956;-6:00;Central Time (US & Canada), Mexico City;arthur.ennis@example.com;7eaac511-d293-438f-8e57-0a31ea973b4a;crazyfish542;domain;jAool3Ct;e64e51025ae9738ed7dd9ab9f7f2946e;719017fa6fc89b66e482f4924114e964fa228f5b;882b87a3658c995186352159054c3a858289bb293c3a9957548a9bbbf47f244e;04/27/1975;49;2005-09-10 15:11:13;18;U05 W79-0972;S56 U82-0902;SIN;527206601;https://randomuser.me/api/portraits/men/9.jpg;https://randomuser.me/api/portraits/med/men/9.jpg;https://randomuser.me/api/portraits/thumb/men/9.jpg;CA;522;2024-05-20 14:36:37.770886
male;mister;Elliot;Ross;9519;36th Ave;Melbourne;Ontario;Canada;K3O 1L2;-51.0924;78.3334;+11:00;Magadan, Solomon Islands, New Caledonia;elliot.ross@example.com;15c07deb-8252-4454-ac11-83b1978e8b86;greenfish209;skywalke;dENOgYFN;ece043f5d0fce783b08b86b51d127638;405fef5cecab16102db9a4fc8609872fbbfb14d9;7e1a84df93cb827c15dbc6831acf874fa1260c68820345c1c9bcf406e0b69f28;08/12/1978;45;2015-04-07 07:47:57;9;J87 Y63-4174;F17 A88-4008;SIN;163745482;https://randomuser.me/api/portraits/men/12.jpg;https://randomuser.me/api/portraits/med/men/12.jpg;https://randomuser.me/api/portraits/thumb/men/12.jpg;CA;693;2024-05-20 14:36:37.771920
female;missis;Noémie;Ross;9825;West Ave;South River;Manitoba;Canada;H2R 1D0;-66.4091;-177.2009;-10:00;Hawaii;noemie.ross@example.com;5cc4d1f2-efad-4c1b-b5bc-342906791d2c;sadmeercat712;allen1;XY9W6z4v;dc6b40a92473ff712c77e1aeebc0fa81;f67c671c82baa325a02945c123bec742948571c8;e9a89c2543a0cdd94f6ad1fb9b8d85615b2513d82d16245a36a3e60471416305;12/28/1976;47;2009-08-07 10:05:54;14;T95 N78-8374;X96 O21-5373;SIN;476824966;https://randomuser.me/api/portraits/women/71.jpg;https://randomuser.me/api/portraits/med/women/71.jpg;https://randomuser.me/api/portraits/thumb/women/71.jpg;CA;775;2024-05-20 14:36:37.771920
male;mister;Hudson;Ennis;3880;Maple Ave;Port Elgin;Alberta;Canada;Y1S 4V7;-38.8478;-102.8893;+9:30;Adelaide, Darwin;hudson.ennis@example.com;5489101a-0667-4b17-8d9a-ee243a4dba9b;ticklishbear845;torpedo;MGjKqhRJ;e57ff9b15474b5b21441cf7ac35dc761;b5c72bfccf533ef412e113a3122e75ed70853064;548045c8f206cc9fd35c1e214cfe4dbf2b9363c44a52e2058368c4a5a5c26bb9;11/20/1974;49;2015-02-17 02:59:05;9;A34 X23-9254;Q66 Q99-2015;SIN;024575987;https://randomuser.me/api/portraits/men/16.jpg;https://randomuser.me/api/portraits/med/men/16.jpg;https://randomuser.me/api/portraits/thumb/men/16.jpg;CA;837;2024-05-20 14:36:37.771920
female;missis;Juliette;Lavoie;5690;Coastal Highway;Richmond;Northwest Territories;Canada;G4B 2Z0;72.8485;178.6819;+8:00;Beijing, Perth, Singapore, Hong Kong;juliette.lavoie@example.com;88672d91-c937-4df2-a5ca-0a5d6ea977e3;beautifulpeacock746;starwars;gfYuVIVJ;de37ad5f85fd3dfe9e7fde26afc9d55d;efdb53d33cb33f5ff35a60c68f591bdabdf83e99;f2e3ca51883f471b93c239cada716345b4876e5af4e51b2156495477c7ccd6a4;06/02/1978;45;2008-11-21 13:37:08;15;M05 J11-5977;M45 C97-4623;SIN;558402418;https://randomuser.me/api/portraits/women/54.jpg;https://randomuser.me/api/portraits/med/women/54.jpg;https://randomuser.me/api/portraits/thumb/women/54.jpg;CA;917;2024-05-20 14:36:37.771920
