gender;name.title;name.first;name.last;location.street.number;location.street.name;location.city;location.state;location.country;location.postcode;location.coordinates.latitude;location.coordinates.longitude;location.timezone.offset;location.timezone.description;email;login.uuid;login.username;login.password;login.salt;login.md5;login.sha1;login.sha256;dob.date;dob.age;registered.date;registered.age;phone;cell;id.name;id.value;picture.large;picture.medium;picture.thumbnail;nat;global_index;current_time
male;mister;Kenan;Pekkan;2097;Atatürk Sk;Van;Gaziantep;Turkey;70962;-58.6343;86.8982;+5:45;Kathmandu;kenan.pekkan@example.com;7813d25b-7cdb-4e1c-a3eb-f9c6d4f29ace;silverswan651;jjjjjjj;ksGOjF9C;722426b334336291269fdc747146d129;598e30c9f67b038d0ed182e11ba18a0fd31c5c25;97694b5b18adbb97050591e84814211bb411cad0e3a18dd0bea17fc8867c4590;11/20/1970;53;2009-03-22 06:00:18;15;(310)-048-4791;(582)-300-0075;;;https://randomuser.me/api/portraits/men/45.jpg;https://randomuser.me/api/portraits/med/men/45.jpg;https://randomuser.me/api/portraits/thumb/men/45.jpg;TR;11;2024-05-20 14:36:37.769849
female;Miss;Vildan;Sözeri;9379;Talak Göktepe Cd;Van;Sakarya;Turkey;42641;42.9552;5.0383;+5:45;Kathmandu;vildan.sozeri@example.com;f15b7326-d38a-4ce8-b03c-41b3768b67f3;brownostrich136;sandman;TeFMBFBN;d9ce6a461a99df9132ac48ff0ffd956c;1882e59651921efb42179ea2a59f2461dad213ce;5cd43f20194c4c6a76529edff1e5b3148c15c71820a264e335b47bbc5a55fb21;09/12/1972;51;2020-08-23 12:27:35;3;(755)-913-3347;(276)-775-7532;;;https://randomuser.me/api/portraits/women/26.jpg;https://randomuser.me/api/portraits/med/women/26.jpg;https://randomuser.me/api/portraits/thumb/women/26.jpg;TR;222;2024-05-20 14:36:37.770886
female;missis;Oya;Ağaoğlu;1090;Abanoz Sk;Adıyaman;Malatya;Turkey;29262;87.6937;88.5463;-10:00;Hawaii;oya.agaoglu@example.com;2d77e936-7104-4e3e-8cd9-c7173f412205;whitepanda590;savage;IznkVBbn;0f3d539ab0e46ff4ae4b200832e06214;0aaecb002a88ad44859f44658493f3992ba8c0a0;fadc9d2dfa6ec4e41fe9084bb1555133a64af670144f974d79ede387ac11cecf;06/04/1970;53;2007-04-27 13:14:47;17;(688)-113-3596;(365)-338-1511;;;https://randomuser.me/api/portraits/women/33.jpg;https://randomuser.me/api/portraits/med/women/33.jpg;https://randomuser.me/api/portraits/thumb/women/33.jpg;TR;384;2024-05-20 14:36:37.770886
male;mister;Ümit;Abacı;8995;Fatih Sultan Mehmet Cd;Denizli;Malatya;Turkey;87060;-60.2735;-163.4287;+3:00;Baghdad, Riyadh, Moscow, St. Petersburg;umit.abaci@example.com;e411b803-cfbb-4f0d-8a83-d990955d9db3;purplebutterfly586;milo;uPCVa1LR;b4ae2053a8d0e2adbccb0db65591257a;f5c342cd3a2d2ee81b4c2097d126c01021e79000;f31b18a3d0cbdfe239c08a1909a121518f0d8d10bee82b256b4f0d6255dec966;12/24/1978;45;2018-08-13 16:05:17;5;(756)-183-3835;(876)-061-4366;;;https://randomuser.me/api/portraits/men/21.jpg;https://randomuser.me/api/portraits/med/men/21.jpg;https://randomuser.me/api/portraits/thumb/men/21.jpg;TR;453;2024-05-20 14:36:37.770886
male;mister;Coşkun;Koç;7350;Doktorlar Cd;Kırşehir;Bingöl;Turkey;83121;-57.5825;-10.3593;-11:00;Midway Island, Samoa;coskun.koc@example.com;7e1ebd9e-9777-4da1-9ea8-db091b3c4d14;bluefrog659;wanda;Y1wQ4UYP;a03dcd5ef99e6b33f14edce44ed949fe;210381b25f15d823284398d4f5fdfcf53ec1aca0;78bbf1119904321d2d89a8407a88028ab1c8886085019afc7d2c345dac4a1317;04/26/1974;50;2012-10-08 14:02:44;11;(639)-287-3231;(206)-253-1827;;;https://randomuser.me/api/portraits/men/50.jpg;https://randomuser.me/api/portraits/med/men/50.jpg;https://randomuser.me/api/portraits/thumb/men/50.jpg;TR;927;2024-05-20 14:36:37.771920
