gender;name.title;name.first;name.last;location.street.number;location.street.name;location.city;location.state;location.country;location.postcode;location.coordinates.latitude;location.coordinates.longitude;location.timezone.offset;location.timezone.description;email;login.uuid;login.username;login.password;login.salt;login.md5;login.sha1;login.sha256;dob.date;dob.age;registered.date;registered.age;phone;cell;id.name;id.value;picture.large;picture.medium;picture.thumbnail;nat;global_index;current_time
female;Miss;Olivia;Jensen;4307;Nørrevej;Juelsminde;Sjælland;Denmark;88900;-49.2929;169.8013;0:00;Western Europe Time, London, Lisbon, Casablanca;olivia.jensen@example.com;7e5c5a40-b2c0-4167-9c88-72b0f82b21ff;blacksnake643;muscle;BZsqviz4;7b02bbc84a5acbddf8e99bec13649b2e;d82c3d9dc0d4eedb30e398889771d9f1c0e79c16;2a54acffd2fe08ae67550ce95b3ef70f1a9353580455f2bb945d4bcd389c84aa;07/28/1996;27;2012-09-20 23:58:39;11;88581201;03117884;CPR;280796-5676;https://randomuser.me/api/portraits/women/32.jpg;https://randomuser.me/api/portraits/med/women/32.jpg;https://randomuser.me/api/portraits/thumb/women/32.jpg;DK;56;2024-05-20 14:36:37.769849
female;missis;Ida;Mortensen;1945;Buen;Overby Lyng;Danmark;Denmark;69103;-8.9786;73.3734;+11:00;Magadan, Solomon Islands, New Caledonia;ida.mortensen@example.com;561fe351-dfbb-4a90-8331-57b1006569a8;greengorilla221;castle;ZHpaWLA3;45cf8da148c85271272723055650a3e4;562b08812d671dc4117c33edf88d3a834645122f;8efbda5797bd3ad031a30fab11fdbd4a76028343102c1d9f1cd03e764057f7d9;03/09/1993;31;2012-08-03 22:37:04;11;01913088;39781254;CPR;090393-9420;https://randomuser.me/api/portraits/women/7.jpg;https://randomuser.me/api/portraits/med/women/7.jpg;https://randomuser.me/api/portraits/thumb/women/7.jpg;DK;202;2024-05-20 14:36:37.770886
male;mister;Jeppe;Møller;9578;Nørreskovvej;Brondby;Danmark;Denmark;46652;40.8112;41.0096;-4:00;Atlantic Time (Canada), Caracas, La Paz;jeppe.moller@example.com;cea97a28-8966-4254-b216-13f2d2525ea7;blackfish209;sausage;gfXAqCDN;656d62648d1b19045a38a4d1457264fc;bba99d22e64aa50c2cf60a2ad6f95bdc6d0d405d;dd50a39d1fd06abf5af18ae455bb988d3657fcc69ffbdce1c62b031e9c4a4a49;11/17/1999;24;2018-06-08 00:41:32;5;84434021;62116244;CPR;171199-0234;https://randomuser.me/api/portraits/men/66.jpg;https://randomuser.me/api/portraits/med/men/66.jpg;https://randomuser.me/api/portraits/thumb/men/66.jpg;DK;223;2024-05-20 14:36:37.770886
female;miss;Tilde;Christiansen;8028;Kanalvej;Roskilde;Sjælland;Denmark;71746;-11.9592;153.1407;+6:00;Almaty, Dhaka, Colombo;tilde.christiansen@example.com;f0ce3032-4274-4ba3-8d1d-fdf4ba692eff;orangewolf552;earl;lAYaIBtq;1dae5c48aba718e58e6898af426ba9a8;a7cdb26a3ee0f08e805c5075d861fe63b9bc32c7;ed643e978d007afb96e5a09e1d481197e55cca7bd55032b7551e2a4e28ec8a44;08/10/1999;24;2021-03-27 00:35:44;3;15989798;78295513;CPR;090899-0184;https://randomuser.me/api/portraits/women/66.jpg;https://randomuser.me/api/portraits/med/women/66.jpg;https://randomuser.me/api/portraits/thumb/women/66.jpg;DK;224;2024-05-20 14:36:37.770886
male;mister;Felix;Jørgensen;2371;Bakkegårdsvej;Kvistgaard;Danmark;Denmark;16861;-26.4851;-162.4866;-2:00;Mid-Atlantic;felix.jorgensen@example.com;961a26e4-e271-4cf3-b8df-72550466e3a4;crazydog550;dieter;L6pXi0HQ;6b0f0e3934203c8dfa2c1ce1e1dd4f15;9ef75fc36a72711c046fd46c898ea90f50537743;65201a174967eee9875456d50080a02b97be1fd52c8c9c8c9a445ecbfd27f55b;09/09/1991;32;2003-07-23 09:16:35;20;07803635;20001740;CPR;090991-1362;https://randomuser.me/api/portraits/men/29.jpg;https://randomuser.me/api/portraits/med/men/29.jpg;https://randomuser.me/api/portraits/thumb/men/29.jpg;DK;286;2024-05-20 14:36:37.770886
female;missis;Filippa;Møller;9447;Lyngevej;Pandrup;Midtjylland;Denmark;73679;-9.5616;-56.0031;-11:00;Midway Island, Samoa;filippa.moller@example.com;da61adde-2891-4c56-9128-312902354064;whitefish550;zheng;xxXDI5Io;fffa0863a3f7e1910725e25a7932ad9b;d1c3dd6104d6d46bd2595397ed524b048d1feaf3;2f0769cd8cbc19ae132be99dfb47216ae5f6793fa09ee3f7700aed1ffb41510b;02/12/1996;28;2017-10-22 15:51:04;6;02490294;06991085;CPR;120296-9484;https://randomuser.me/api/portraits/women/19.jpg;https://randomuser.me/api/portraits/med/women/19.jpg;https://randomuser.me/api/portraits/thumb/women/19.jpg;DK;325;2024-05-20 14:36:37.770886
female;miss;Emily;Jensen;2094;Maglehøjvej;Ishoej;Midtjylland;Denmark;69614;-59.1601;37.9746;-5:00;Eastern Time (US & Canada), Bogota, Lima;emily.jensen@example.com;6bf775b3-c372-43f3-ae6e-0e97be5e7479;beautifultiger121;1qwerty;R4GwnBus;470c7dd7b07272ebdb133ccfbc0c06db;e313f745665b7ec443222fd6b35f7bf3b7b7ecdd;1ae805359e2b3eb526f52f3a50255ccb03f11e512af236ccff4b80705a6f7ca1;04/28/1990;34;2004-06-13 20:21:46;19;91105759;30810611;CPR;280490-0831;https://randomuser.me/api/portraits/women/59.jpg;https://randomuser.me/api/portraits/med/women/59.jpg;https://randomuser.me/api/portraits/thumb/women/59.jpg;DK;326;2024-05-20 14:36:37.770886
male;mister;Rasmus;Poulsen;3561;Skærbækvej;Aarhus N;Nordjylland;Denmark;36131;5.2192;-66.482;+10:00;Eastern Australia, Guam, Vladivostok;rasmus.poulsen@example.com;31f88e7b-2626-4797-8657-4a934714eef4;yellowmeercat603;tarpon;NkzxtlND;8322d2506fd78a57e252b4a466adc0b5;bf7376b348e8ef0a688d9b8b6ea968fcbf6a3535;2d3994c5f705e039c7d98345b16d6fc9811177c68a9c70dc69da3a2dbc377fb1;06/21/1993;30;2007-01-02 04:38:31;17;06161161;24818109;CPR;210693-2056;https://randomuser.me/api/portraits/men/35.jpg;https://randomuser.me/api/portraits/med/men/35.jpg;https://randomuser.me/api/portraits/thumb/men/35.jpg;DK;342;2024-05-20 14:36:37.770886
male;mister;Gustav;Olsen;119;Klostervej;Hammel;Sjælland;Denmark;25794;-61.5421;-169.7927;-8:00;Pacific Time (US & Canada);gustav.olsen@example.com;63bbb8cc-b06f-4f08-ac3f-abb8350261de;smallleopard671;chocha;IOBu8vG7;f563b36a9e2d602ed2d9d0c6a44c02f4;06bfa4c7a24e18b639082bcb977daf007a3d46ac;320386260e80668f5aaa6e1d4e167353a6471a308aa246549b726c0c61071074;10/06/1995;28;2021-03-05 18:54:37;3;20645224;36711708;CPR;061095-9808;https://randomuser.me/api/portraits/men/36.jpg;https://randomuser.me/api/portraits/med/men/36.jpg;https://randomuser.me/api/portraits/thumb/men/36.jpg;DK;495;2024-05-20 14:36:37.770886
male;mister;Gustav;Kristensen;4748;Markedsgade;Viby J.;Midtjylland;Denmark;54243;31.166;94.356;+5:30;Bombay, Calcutta, Madras, New Delhi;gustav.kristensen@example.com;9f48d899-a63f-44fa-bcef-5059403aef64;blackladybug847;blue;XkaGrUHq;dcf4637ad52e011f302f920b497d6103;914fdfd1d67a0a21f3c4075ed606c6c8bac4cb78;2e20a8ac47e76ef9086c25bacc4ee75e7be528024dce7dcb35cf71e803697747;05/29/1990;33;2014-09-08 03:26:46;9;14768032;12443753;CPR;280590-6232;https://randomuser.me/api/portraits/men/85.jpg;https://randomuser.me/api/portraits/med/men/85.jpg;https://randomuser.me/api/portraits/thumb/men/85.jpg;DK;650;2024-05-20 14:36:37.770886
male;mister;Alexander;Larsen;1983;Parallelvej;Øster Assels;Hovedstaden;Denmark;56602;-62.1455;95.4195;-10:00;Hawaii;alexander.larsen@example.com;f2dbbe11-3d4b-4cc9-95a0-95197565ddf9;orangesnake617;castor;dPalMKwJ;56900b1a25c015411b34841f0683dfd4;f328a973374bacbc5045272b92761077aa71f077;cac4c3cee57febded1ae6e76c1db9cc2debc1ef4cc913b6e0e3f47f9e0a1f5de;09/21/1999;24;2017-08-10 15:57:32;6;44327203;57501419;CPR;200999-1822;https://randomuser.me/api/portraits/men/23.jpg;https://randomuser.me/api/portraits/med/men/23.jpg;https://randomuser.me/api/portraits/thumb/men/23.jpg;DK;880;2024-05-20 14:36:37.771920
female;missis;Julie;Thomsen;4501;Stadionvej;Snertinge;Nordjylland;Denmark;36659;82.8064;159.5612;-9:00;Alaska;julie.thomsen@example.com;c4049f24-edfc-40d3-8fd4-208f6644c9c0;smallfrog446;strike;KR1GQFWD;c92222969d4c174071404c95752bb9e9;c9a74bd8e4fcb287749b3d65acea3255596b1dbf;a6cb6e7d5bcc6230e8a4a626eac00fa521f619c11b1aaf4374fe8e02c5b7428e;11/05/1991;32;2016-05-01 21:05:26;8;10736599;72055420;CPR;041191-4378;https://randomuser.me/api/portraits/women/7.jpg;https://randomuser.me/api/portraits/med/women/7.jpg;https://randomuser.me/api/portraits/thumb/women/7.jpg;DK;968;2024-05-20 14:36:37.771920
