gender;name.title;name.first;name.last;location.street.number;location.street.name;location.city;location.state;location.country;location.postcode;location.coordinates.latitude;location.coordinates.longitude;location.timezone.offset;location.timezone.description;email;login.uuid;login.username;login.password;login.salt;login.md5;login.sha1;login.sha256;dob.date;dob.age;registered.date;registered.age;phone;cell;id.name;id.value;picture.large;picture.medium;picture.thumbnail;nat;global_index;current_time
male;mister;Victor;Jensen;85;Tåstrupvej;Randers Nø;Syddanmark;Denmark;82388;-1.2571;176.1397;-12:00;Eniwetok, Kwajalein;victor.jensen@example.com;b1d80183-c475-4d8c-8d03-8393cc7737f9;organicgoose178;asdfgh;iTwqv52z;94c6b2c708bb6ff5ba1351a1e35906dd;73cea9ed4ffe848ea7a5188e6929237bd7e41fea;307ce8723abd9b9bcca2f2f6c05584f12b5016d5924e62c34576fb2dd962a1e3;05/22/1979;44;2021-12-28 06:00:07;2;13754740;58357088;CPR;210579-5279;https://randomuser.me/api/portraits/men/89.jpg;https://randomuser.me/api/portraits/med/men/89.jpg;https://randomuser.me/api/portraits/thumb/men/89.jpg;DK;73;2024-05-20 14:36:37.769849
female;miss;Silke;Jørgensen;1191;H.C. Lumbyes Vej;København S;Nordjylland;Denmark;33106;39.7108;20.2254;-2:00;Mid-Atlantic;silke.jorgensen@example.com;f327b57f-539f-4b35-b229-ee2f04e3d428;ticklishgoose369;blizzard;kHQqicwV;eb5fea8590ca3033372888d0c09589c0;d3c17de0c376ff0ecbbbcd61020d2efc774f55da;abcd7d0ba727c21eee1e5dee7529d5bed5e79880511172fab8b4c6abbb7d04a9;05/02/1975;49;2022-03-03 18:17:38;2;99170364;92263295;CPR;020575-2374;https://randomuser.me/api/portraits/women/53.jpg;https://randomuser.me/api/portraits/med/women/53.jpg;https://randomuser.me/api/portraits/thumb/women/53.jpg;DK;149;2024-05-20 14:36:37.769849
female;Miss;Ida;Kristensen;1934;Strandgade;Rønnede;Danmark;Denmark;95219;34.076;177.1699;+10:00;Eastern Australia, Guam, Vladivostok;ida.kristensen@example.com;84c59cf1-934f-4197-ac75-a3c8bfb96618;tinyzebra291;grunt;qbwVnA4S;1fdb9684e2a3fa68bcd3547d858b7533;3728cd54bdab6f6d72290834bab43b9ee95776fc;64f490337af1a40d43d6543e014923f8052eddc02908edf0c73f8f11f3fce103;12/28/1977;46;2018-03-27 18:17:51;6;99720790;72198725;CPR;271277-6052;https://randomuser.me/api/portraits/women/49.jpg;https://randomuser.me/api/portraits/med/women/49.jpg;https://randomuser.me/api/portraits/thumb/women/49.jpg;DK;178;2024-05-20 14:36:37.770886
female;missis;Alma;Poulsen;9440;Akacievej;Nørrebro;Syddanmark;Denmark;76395;68.2775;65.9375;-11:00;Midway Island, Samoa;alma.poulsen@example.com;486e442d-31b2-42e5-a8e0-49c094da6732;bluedog885;bonita;xlMNgxzH;86c3a2df87418649887b1721f04c123e;2a99e3a9538474f9f9956e421fc0daffd0bf3ebb;afc68205d21ee2bf817b621b91fdb0e8e149bddac1c6457adae6b1914b99b22d;04/25/1973;51;2006-06-14 14:23:02;17;15265688;31961484;CPR;250473-3586;https://randomuser.me/api/portraits/women/37.jpg;https://randomuser.me/api/portraits/med/women/37.jpg;https://randomuser.me/api/portraits/thumb/women/37.jpg;DK;183;2024-05-20 14:36:37.770886
male;mister;Mille;Møller;3257;Linde Alle;Beder;Syddanmark;Denmark;75434;10.0956;-19.9264;+2:00;Kaliningrad, South Africa;mille.moller@example.com;5458f8ff-a28f-4dfb-adce-3e892513d78c;purplecat186;ophelia;t6yYo6Mf;52403391c6095c14d26c0a936ddd42b2;83b2e23cb2e75ec8ef1b45d673579136ba870668;ee365621db592c0964f65683baab3b0c6c1b07fd9175b795cb537fd22e648f5b;01/31/1979;45;2013-12-12 20:11:48;10;12089835;67791566;CPR;310179-7356;https://randomuser.me/api/portraits/men/63.jpg;https://randomuser.me/api/portraits/med/men/63.jpg;https://randomuser.me/api/portraits/thumb/men/63.jpg;DK;414;2024-05-20 14:36:37.770886
female;miss;Katrine;Thomsen;490;Morelvej;Overby Lyng;Sjælland;Denmark;14102;58.7868;-63.2514;+4:30;Kabul;katrine.thomsen@example.com;30cc891b-a782-4cff-95b6-42a8778a060a;orangeduck368;tristan;V3Cr7Ol4;00b3a6f5620fddc76650485323c34693;7c535bed00ca2f20af2abc703baf049aab2a591d;e0c9cf71abb55ac891c774739a28cb6b3b6211cdeab72d6a159b3a2255e070ac;08/01/1975;48;2008-11-29 11:41:21;15;19563460;91425363;CPR;010875-1128;https://randomuser.me/api/portraits/women/49.jpg;https://randomuser.me/api/portraits/med/women/49.jpg;https://randomuser.me/api/portraits/thumb/women/49.jpg;DK;415;2024-05-20 14:36:37.770886
male;mister;Rasmus;Rasmussen;5930;Tranevej;Lintrup;Nordjylland;Denmark;34752;-74.8901;-21.255;-11:00;Midway Island, Samoa;rasmus.rasmussen@example.com;49439ef6-33ff-4c9c-a167-775b670cbcd3;whitekoala790;scorpio;GalnrWjb;8de1948318026a729361dfb982628a30;1bb688c31d65828680d4464af11182a8b3fbba20;84728801d46ef220968336a6748427849f7c9a97f37d27100ef2bfcff577b993;07/11/1972;51;2013-06-02 18:53:44;10;55114445;86501823;CPR;110772-6367;https://randomuser.me/api/portraits/men/80.jpg;https://randomuser.me/api/portraits/med/men/80.jpg;https://randomuser.me/api/portraits/thumb/men/80.jpg;DK;669;2024-05-20 14:36:37.771920
female;missis;Olivia;Nielsen;564;Vestparken;Randers Nv;Midtjylland;Denmark;15291;-4.0206;-55.6853;+5:30;Bombay, Calcutta, Madras, New Delhi;olivia.nielsen@example.com;47a4c747-ecd8-43ea-9c17-800dfa9408e6;lazyrabbit334;1master;cqGTANal;c1cd89cdac8cad70921d25272bc2093b;09f4f2bce1a6289e17a0929d82f490186b324c32;fc53c5fe9d4c35894e91efab08953f02b5c6995ecfb03db6d73cb1cfe0420e40;10/19/1978;45;2017-08-01 15:08:11;6;07963438;86536997;CPR;191078-4717;https://randomuser.me/api/portraits/women/85.jpg;https://randomuser.me/api/portraits/med/women/85.jpg;https://randomuser.me/api/portraits/thumb/women/85.jpg;DK;750;2024-05-20 14:36:37.771920
female;Miss;Naja;Jørgensen;9963;Møllevænget;Århus C.;Syddanmark;Denmark;71674;-82.7951;157.5028;+11:00;Magadan, Solomon Islands, New Caledonia;naja.jorgensen@example.com;a683993d-5dce-4097-8dc0-73df1e38a85c;happybird247;danny1;9x1EqE1z;4d71483cf305c8004f600125a519da15;15d014596fecce2ad29ddee3d72aae01e6fe6444;2555d9c454bf498bd752ed06eda8ab31683e6d605c57fce30ffc6cd27801f6a8;05/03/1976;48;2011-02-25 21:34:10;13;08806854;68848621;CPR;030576-0199;https://randomuser.me/api/portraits/women/42.jpg;https://randomuser.me/api/portraits/med/women/42.jpg;https://randomuser.me/api/portraits/thumb/women/42.jpg;DK;766;2024-05-20 14:36:37.771920
