gender;name.title;name.first;name.last;location.street.number;location.street.name;location.city;location.state;location.country;location.postcode;location.coordinates.latitude;location.coordinates.longitude;location.timezone.offset;location.timezone.description;email;login.uuid;login.username;login.password;login.salt;login.md5;login.sha1;login.sha256;dob.date;dob.age;registered.date;registered.age;phone;cell;id.name;id.value;picture.large;picture.medium;picture.thumbnail;nat;global_index;current_time
female;Miss;Angie;Chapman;9806;Cork Street;Kilcoole;Cork;Ireland;96076;-5.3303;159.4865;+5:30;Bombay, Calcutta, Madras, New Delhi;angie.chapman@example.com;15d28e5f-e84f-4cea-b799-74eb6461c95f;redpanda621;bedford;iqfC0K0S;699b0c3d458db25ce85816e0658c0de0;567c1e7e4b0704959ee168f24784c18cf70bf1c7;61ecedfd7b4795b1cdb5ab4fd1fac04974cc1abf29440449782953dc538e1bcb;01/30/1987;37;2015-02-22 10:33:25;9;061-956-6224;081-241-2145;PPS;5027927T;https://randomuser.me/api/portraits/women/14.jpg;https://randomuser.me/api/portraits/med/women/14.jpg;https://randomuser.me/api/portraits/thumb/women/14.jpg;IE;12;2024-05-20 14:36:37.769849
male;mister;Reginald;Dean;6193;Rochestown Road;Waterford;Clare;Ireland;91725;-23.4799;55.4793;+1:00;Brussels, Copenhagen, Madrid, Paris;reginald.dean@example.com;f1e565d4-d3a1-41b7-983b-1a1a9c3774db;happykoala143;bendover;4ETtQ6MY;7fe289f4fac753019dafccecff7a3172;c31f974d4e28568899808f039059275ae349f632;0190c23827e21f4451d037e6c604feed5120be7bbab4f60b13a192a71ed4c244;08/31/1982;41;2011-05-05 08:59:17;13;061-181-6837;081-568-7981;PPS;7676109T;https://randomuser.me/api/portraits/men/80.jpg;https://randomuser.me/api/portraits/med/men/80.jpg;https://randomuser.me/api/portraits/thumb/men/80.jpg;IE;366;2024-05-20 14:36:37.770886
male;mister;Gene;Harvey;924;Denny Street;Carrickmacross;Kerry;Ireland;38486;46.6424;19.5009;+5:00;Ekaterinburg, Islamabad, Karachi, Tashkent;gene.harvey@example.com;b8534169-4f92-4061-9c64-77ac241fcad7;organickoala912;goalie;aJVXnNP0;266628148c82fa4f07e63e3abadb2784;c5d23a1b4cfda997281d42fdfb392f96efca824a;6d164955be1db9b8f68c998ba260c4fa05ebc96e11b21772c0fb75e85e1ecd86;06/06/1982;41;2016-12-19 14:58:41;7;031-694-1906;081-350-6988;PPS;6172427T;https://randomuser.me/api/portraits/men/79.jpg;https://randomuser.me/api/portraits/med/men/79.jpg;https://randomuser.me/api/portraits/thumb/men/79.jpg;IE;412;2024-05-20 14:36:37.770886
male;mister;Timothy;Ross;6525;The Avenue;Carrigaline;Clare;Ireland;42503;-61.926;-130.7089;+9:30;Adelaide, Darwin;timothy.ross@example.com;c6cdf636-85ea-40ce-ac37-06a9498f816c;purpleleopard608;peter1;QgW0KTZQ;425cede4b0df1ed71ebdd8a7ee8d70a3;d5933e538ffd39487db5b0d3a75fb874e1ab6461;5f365ced8195f5e8fc39ea0e71c8beaa583bc8463080a0ee06e5c41ac68aee21;03/08/1988;36;2021-04-06 07:47:56;3;061-697-8373;081-302-8432;PPS;4623173T;https://randomuser.me/api/portraits/men/77.jpg;https://randomuser.me/api/portraits/med/men/77.jpg;https://randomuser.me/api/portraits/thumb/men/77.jpg;IE;855;2024-05-20 14:36:37.771920
