gender;name.title;name.first;name.last;location.street.number;location.street.name;location.city;location.state;location.country;location.postcode;location.coordinates.latitude;location.coordinates.longitude;location.timezone.offset;location.timezone.description;email;login.uuid;login.username;login.password;login.salt;login.md5;login.sha1;login.sha256;dob.date;dob.age;registered.date;registered.age;phone;cell;id.name;id.value;picture.large;picture.medium;picture.thumbnail;nat;global_index;current_time
female;miss;Gwendolyn;Howell;5508;Groveland Terrace;Costa Mesa;Ohio;United States;75076;-66.6787;86.4785;+3:30;Tehran;gwendolyn.howell@example.com;05a6f439-54f8-436c-a913-d34fa9419aac;whitesnake802;heidi;DuKobRDW;1cde532c9bd073777887e7446f271ea2;16f05f5ac372f0c9a7007b560c19d07b65031f90;0788a73364b25add2119e013a3e0a137816cb35b786984ca75c74aaee04098c9;06/07/1986;37;2005-07-27 13:10:21;18;(917) 745-3491;(693) 491-0891;SSN;703-58-2568;https://randomuser.me/api/portraits/women/55.jpg;https://randomuser.me/api/portraits/med/women/55.jpg;https://randomuser.me/api/portraits/thumb/women/55.jpg;US;282;2024-05-20 14:36:37.770886
male;mister;Alex;Jordan;4066;Homestead Rd;Rochmond;Indiana;United States;18718;-34.3567;77.6623;-9:00;Alaska;alex.jordan@example.com;4ab2d46d-4c93-4c6c-811a-d9a14c80ad07;organicmouse238;mongoose;MBt8eCs3;f09d7c44903d762cafcc492f32b466a2;3d13ed2a37f21cf4f7f56ba58fab731b0650a95b;2b098055b5f2ae53b8eca651c1fc3576a7a7783cf8f37e1bc6c00da92c754995;12/09/1984;39;2019-01-04 16:08:56;5;(363) 892-1293;(715) 814-9515;SSN;021-19-4966;https://randomuser.me/api/portraits/men/97.jpg;https://randomuser.me/api/portraits/med/men/97.jpg;https://randomuser.me/api/portraits/thumb/men/97.jpg;US;368;2024-05-20 14:36:37.770886
female;Miss;Kaylee;Riley;4961;Crockett St;Berkeley;Minnesota;United States;62508;-39.173;12.4726;-5:00;Eastern Time (US & Canada), Bogota, Lima;kaylee.riley@example.com;a780549b-f34d-4ba1-97d5-328101a83923;blackdog954;bellaco;QmGYVP4j;68be355c6ccd705e9a1a3433d8d94766;0aa925ef2316d67c2eee3240ed365ae2ecac2c34;b15165543281287721c18a56ae74039b3abb0b034b86c4bfe2436dc35a07fe39;03/01/1980;44;2017-10-26 05:09:20;6;(360) 661-4768;(990) 276-6872;SSN;260-53-1978;https://randomuser.me/api/portraits/women/6.jpg;https://randomuser.me/api/portraits/med/women/6.jpg;https://randomuser.me/api/portraits/thumb/women/6.jpg;US;443;2024-05-20 14:36:37.770886
female;Miss;Alexa;Henry;2881;Royal Ln;Port St. Lucie;Michigan;United States;70242;70.438;91.6216;-1:00;Azores, Cape Verde Islands;alexa.henry@example.com;0aba9881-d776-4f09-847c-b738e831cce6;bluedog869;volcano;Y6BScmf1;318e8ad4122ce16575e712a2c37ca936;786060aac69caa56f987d5bf6bf7fc0c70ac6cec;562135369f2660eb349b6db39017c5929401dbc6c67e18605468d56787d12f1e;03/29/1988;36;2004-01-07 02:18:21;20;(472) 442-8384;(583) 494-3364;SSN;834-55-7445;https://randomuser.me/api/portraits/women/59.jpg;https://randomuser.me/api/portraits/med/women/59.jpg;https://randomuser.me/api/portraits/thumb/women/59.jpg;US;564;2024-05-20 14:36:37.770886
male;mister;Albert;Jimenez;2588;Groveland Terrace;Norwalk;Texas;United States;28003;-64.3967;118.2534;-10:00;Hawaii;albert.jimenez@example.com;f128d510-8dbe-4069-aca5-20f90cc95051;purplewolf470;reload;o8U2bhNJ;64c8f62cb87832c1c64b3a1ed886c263;7064f2dfb6a07f68d182ed59d0e0b00b5028598e;bc0129255ed1ee448f9f0478a17448ac59681b4b996b9ab39f288789bc80a3b9;03/01/1985;39;2003-02-20 13:08:52;21;(398) 677-1430;(954) 326-1488;SSN;366-62-4160;https://randomuser.me/api/portraits/men/45.jpg;https://randomuser.me/api/portraits/med/men/45.jpg;https://randomuser.me/api/portraits/thumb/men/45.jpg;US;658;2024-05-20 14:36:37.770886
male;mister;Jack;Neal;4876;Woodland St;Ventura;New Jersey;United States;29399;49.3468;-95.9787;+10:00;Eastern Australia, Guam, Vladivostok;jack.neal@example.com;42b645ff-b8f5-4dce-9f2d-9ea496587e82;bigleopard318;dragons;PvUACara;4385c30ebd15029585c0647adae30b7d;c64dbc3b3fafc0b23f2a98551490c3b3503b65bc;f6029c2a501263d189e74791442f6c64027ae351088f8d95345d58729ec982aa;12/01/1989;34;2019-09-06 08:49:08;4;(752) 211-3369;(536) 986-9778;SSN;674-03-9982;https://randomuser.me/api/portraits/men/0.jpg;https://randomuser.me/api/portraits/med/men/0.jpg;https://randomuser.me/api/portraits/thumb/men/0.jpg;US;841;2024-05-20 14:36:37.771920
female;miss;Mae;Coleman;5109;White Oak Dr;Birmingham;Wisconsin;United States;20339;-75.0959;135.3139;+4:30;Kabul;mae.coleman@example.com;91c49ab1-43a2-4866-bc58-77b37b4c839c;angryfish783;moonshin;d2FQ1e1b;8127f5b904c935384b4aa56cd937b7cd;7104973147cadbcd2f88375053f62144e62a26b1;110e01c22fb471a0479807fde1766eff22b07e537481d0e8ab5719d75ddc3157;03/27/1988;36;2003-01-09 17:13:33;21;(883) 710-4143;(335) 829-0526;SSN;654-85-3954;https://randomuser.me/api/portraits/women/39.jpg;https://randomuser.me/api/portraits/med/women/39.jpg;https://randomuser.me/api/portraits/thumb/women/39.jpg;US;870;2024-05-20 14:36:37.771920
