gender;name.title;name.first;name.last;location.street.number;location.street.name;location.city;location.state;location.country;location.postcode;location.coordinates.latitude;location.coordinates.longitude;location.timezone.offset;location.timezone.description;email;login.uuid;login.username;login.password;login.salt;login.md5;login.sha1;login.sha256;dob.date;dob.age;registered.date;registered.age;phone;cell;id.name;id.value;picture.large;picture.medium;picture.thumbnail;nat;global_index;current_time
male;mister;Andreas;Andersen;8373;Morbærvej;Kongens  Lyngby;Hovedstaden;Denmark;19504;-51.5444;-64.2265;+10:00;Eastern Australia, Guam, Vladivostok;andreas.andersen@example.com;c2dd3407-53ef-4cea-a012-0e3082525eaf;happybear969;friends;57TRfWUm;476a291bbb7d475da0732b0a85b928bf;cd53ac3076839ba838e83c0701f6689728f44691;d3be89051590d974a7f24861bfe619db55538adcd19f22bfd23fbf81b835d6bb;12/04/1987;36;2021-06-06 14:52:44;2;38065440;38972993;CPR;041287-7348;https://randomuser.me/api/portraits/men/66.jpg;https://randomuser.me/api/portraits/med/men/66.jpg;https://randomuser.me/api/portraits/thumb/men/66.jpg;DK;90;2024-05-20 14:36:37.769849
male;mister;Marcus;Mortensen;8180;Violvej;Ulsted, Hals;Nordjylland;Denmark;41892;-73.9218;57.0728;0:00;Western Europe Time, London, Lisbon, Casablanca;marcus.mortensen@example.com;838799ac-b174-4653-aa08-71f24a2d4ac0;yellowgoose140;magnus;D0wyM83A;8cdc206c4773c418a439426402ef47c8;d5952ea84c23d38ed6fe99e6a67f5c4b2efb7a50;03abe01296507c99cfadcf6961ed480f9678abcc1c56d5bd26fa7a0506d49f9a;04/23/1981;43;2021-11-22 13:08:18;2;69375798;10002637;CPR;220481-9211;https://randomuser.me/api/portraits/men/93.jpg;https://randomuser.me/api/portraits/med/men/93.jpg;https://randomuser.me/api/portraits/thumb/men/93.jpg;DK;117;2024-05-20 14:36:37.769849
female;Miss;Marie;Johansen;6207;Klintevej;Oure;Sjælland;Denmark;49637;-57.3587;10.2543;-10:00;Hawaii;marie.johansen@example.com;6b27b517-a515-41d4-9ca2-5f92804a1b15;sadrabbit212;camera;h5H8wPLQ;955fbd997847f6d7ed94d429abf58a01;b1e7dc08f95b7b5b1848ff499dc986d56418d122;6d4930ecd1a7e9573e5c5bd4da9daa8e6875386acc7ac3257b2eda9fcc859fd2;05/17/1989;35;2018-10-07 05:06:02;5;51603925;50863161;CPR;160589-0981;https://randomuser.me/api/portraits/women/77.jpg;https://randomuser.me/api/portraits/med/women/77.jpg;https://randomuser.me/api/portraits/thumb/women/77.jpg;DK;145;2024-05-20 14:36:37.769849
female;missis;Frida;Poulsen;9552;Engdraget;Kongsvinger;Midtjylland;Denmark;63121;6.3905;133.4778;+5:45;Kathmandu;frida.poulsen@example.com;4b73d026-40ad-4ef5-a403-4b78275cba4e;bluefish686;greece;fBwLSBdJ;bbf26f3e5d44a9d970f472f97c6eb16b;ff9b79090728b18305a0a1f49c13c3222a95608f;ab3bb1782305ac723b219913b40c7ced3a1c35282481726099924f2d5aef1cf4;01/23/1983;41;2010-11-25 07:34:47;13;22854906;46676225;CPR;220183-0994;https://randomuser.me/api/portraits/women/67.jpg;https://randomuser.me/api/portraits/med/women/67.jpg;https://randomuser.me/api/portraits/thumb/women/67.jpg;DK;206;2024-05-20 14:36:37.770886
female;missis;Lærke;Møller;8059;Hadsundvej;Samsø;Syddanmark;Denmark;24976;-27.498;147.0866;+4:00;Abu Dhabi, Muscat, Baku, Tbilisi;laerke.moller@example.com;38dff464-dcca-41dc-a3e7-41571a879e28;lazybutterfly137;lesbians;eCXG2vKu;ac036f7f0f56585b83d45720981432fa;242b9ed75fd2e4779c719cd18d0a527e019b611a;583808ad144a83bb70a1e8001025013f08c8486239658f3157419a5a07f31b37;01/15/1988;36;2020-07-30 09:45:45;3;10347992;36816256;CPR;140188-5909;https://randomuser.me/api/portraits/women/7.jpg;https://randomuser.me/api/portraits/med/women/7.jpg;https://randomuser.me/api/portraits/thumb/women/7.jpg;DK;244;2024-05-20 14:36:37.770886
male;mister;Anton;Rasmussen;510;Egevej;Gjerlev;Sjælland;Denmark;97879;-17.5994;-46.0265;-10:00;Hawaii;anton.rasmussen@example.com;f3e55e71-a67d-4059-88c6-d7d4cdfeb3cf;ticklishdog396;memphis;K9lW1oE3;db23e95a89f2d63ca06b5080d6693c92;b8acffba6cb8d93874b4c831f6de00f900867a84;3e0361377c27d8da3fb2d0a3c630dd107bb7e818445c523a0343186322226cbb;02/04/1982;42;2011-09-24 05:51:54;12;22321381;52426179;CPR;040282-8027;https://randomuser.me/api/portraits/men/29.jpg;https://randomuser.me/api/portraits/med/men/29.jpg;https://randomuser.me/api/portraits/thumb/men/29.jpg;DK;410;2024-05-20 14:36:37.770886
female;missis;Olivia;Madsen;5753;Kløvervænget;Rønnede;Hovedstaden;Denmark;81238;-5.8059;-47.5739;+6:00;Almaty, Dhaka, Colombo;olivia.madsen@example.com;7141a411-a377-4044-a3ef-2ccc6aca26d0;smallduck417;jennifer;vLISACik;aaeb585707d4805ef8fe6992a1273f7a;acd32cabfb63a485dd4df88747b904e92b23fb94;24fd86dd72856dab166cb39d2f92d22a46b542fa655a647d5e8aec11c361af05;11/30/1984;39;2007-11-16 12:49:48;16;13171213;88740957;CPR;301184-0145;https://randomuser.me/api/portraits/women/29.jpg;https://randomuser.me/api/portraits/med/women/29.jpg;https://randomuser.me/api/portraits/thumb/women/29.jpg;DK;413;2024-05-20 14:36:37.770886
female;miss;Karla;Mortensen;6002;Fredensvej;Kvistgaard;Nordjylland;Denmark;80412;-22.595;-178.8001;-12:00;Eniwetok, Kwajalein;karla.mortensen@example.com;8c12456b-578c-4685-833f-ef8fe352c915;happylion407;records;0YLaUYBZ;065b692e5c5665ceed7908353af96cd2;ca117a23254201d123f2beee9d6388bb6e622d0d;e36fd760fbfbdd06f6b987cc279a13929aa4baeb7d1aac712c881ebb722d1150;06/07/1982;41;2003-03-04 06:53:42;21;92556138;88582204;CPR;060682-3173;https://randomuser.me/api/portraits/women/39.jpg;https://randomuser.me/api/portraits/med/women/39.jpg;https://randomuser.me/api/portraits/thumb/women/39.jpg;DK;445;2024-05-20 14:36:37.770886
female;miss;Freja;Sørensen;5062;Skovvænget;Vesterborg;Midtjylland;Denmark;34326;-29.7673;40.227;+10:00;Eastern Australia, Guam, Vladivostok;freja.sorensen@example.com;feeb6273-c28f-4e26-b42f-81d242a2c62c;blueleopard337;radiohea;9xeypH0a;51d1305b9d9cfbdf8139e6b56746c74d;038ad85cc2e94a41d9f3d212b39b490872fca72b;c7bdd3121a13440f205c6706171bc39d6e4a7b8c3639794f56aeb31981a27040;12/12/1983;40;2010-05-20 06:12:35;14;06926087;88691970;CPR;121283-8153;https://randomuser.me/api/portraits/women/92.jpg;https://randomuser.me/api/portraits/med/women/92.jpg;https://randomuser.me/api/portraits/thumb/women/92.jpg;DK;527;2024-05-20 14:36:37.770886
female;miss;Josefine;Olsen;2487;Lyøvej;Juelsminde;Nordjylland;Denmark;56621;-42.6605;58.2244;-4:00;Atlantic Time (Canada), Caracas, La Paz;josefine.olsen@example.com;c4c25bf0-6e86-4163-b3d1-22972e8212ea;bigswan973;pakistan;pvw2dOUM;b9fd1abf30a2937c869573332afb8022;6bbe39ab488fcf4867162ebbd2578fc3faa08116;b41516b35071790fe6c78cdfd1d4aff6d04690cd71c827219c166d0ac05562fe;05/25/1987;36;2003-04-09 19:10:31;21;13399505;10874886;CPR;250587-6736;https://randomuser.me/api/portraits/women/58.jpg;https://randomuser.me/api/portraits/med/women/58.jpg;https://randomuser.me/api/portraits/thumb/women/58.jpg;DK;611;2024-05-20 14:36:37.770886
female;missis;Victoria;Thomsen;9020;Skallerupvej;Overby Lyng;Hovedstaden;Denmark;54155;27.4177;-10.9716;-12:00;Eniwetok, Kwajalein;victoria.thomsen@example.com;a0725585-2bdf-41e4-8d5f-962efd957ff0;tinyladybug489;passmast;haiD93go;9fa195f5ded4446493fb057955f6130e;10c0dabc55e60c21134a0313756b545ac829621d;ad36773dfb719d0b7f1cd9766ed6951cf9e9bfa12c793c1e793df23a8ec7f987;02/13/1980;44;2003-12-07 22:15:40;20;89524393;35023876;CPR;130280-4442;https://randomuser.me/api/portraits/women/66.jpg;https://randomuser.me/api/portraits/med/women/66.jpg;https://randomuser.me/api/portraits/thumb/women/66.jpg;DK;786;2024-05-20 14:36:37.771920
male;mister;Philip;Johansen;8729;Møllevænget;Amager;Syddanmark;Denmark;56966;-79.4866;135.5584;-3:00;Brazil, Buenos Aires, Georgetown;philip.johansen@example.com;e9e92110-42a4-47c2-98c9-26ab189a4ea9;ticklishduck659;alpha;CqgOp8tv;c9ac045cb0b37c398dcd43d8c12e0708;0db3a9bccca372b47ed650d4331e8739910fdf9d;cdf03d6aa0d582e1707b24e16e86e0a7be7735e320490993d4a442461c0cfe98;02/15/1984;40;2007-02-27 13:58:58;17;22241792;37163576;CPR;150284-2306;https://randomuser.me/api/portraits/men/14.jpg;https://randomuser.me/api/portraits/med/men/14.jpg;https://randomuser.me/api/portraits/thumb/men/14.jpg;DK;791;2024-05-20 14:36:37.771920
female;miss;Maja;Møller;1122;Mosevej;Nørrebro;Nordjylland;Denmark;88387;-21.9372;126.7561;+9:30;Adelaide, Darwin;maja.moller@example.com;4f2af628-4f8e-40ed-bd5c-885d6b88db42;orangepeacock279;tuscl;xp87TPnS;cd1fd46a3b483923d1520ade8b10ed5f;1ca0ed79e2231153f6687ac629786f784c2c0a91;30219a6d586e7e59e6d03959d8824a9708dec242e0f89a2ae4dc1d7eb17f8ea0;10/19/1987;36;2008-05-26 09:12:31;15;17012746;50616362;CPR;181087-5661;https://randomuser.me/api/portraits/women/45.jpg;https://randomuser.me/api/portraits/med/women/45.jpg;https://randomuser.me/api/portraits/thumb/women/45.jpg;DK;979;2024-05-20 14:36:37.771920
