gender;name.title;name.first;name.last;location.street.number;location.street.name;location.city;location.state;location.country;location.postcode;location.coordinates.latitude;location.coordinates.longitude;location.timezone.offset;location.timezone.description;email;login.uuid;login.username;login.password;login.salt;login.md5;login.sha1;login.sha256;dob.date;dob.age;registered.date;registered.age;phone;cell;id.name;id.value;picture.large;picture.medium;picture.thumbnail;nat;global_index;current_time
male;mister;Milan;Bruland;4392;Øvre Skogvei;Korsvegen;Aust-Agder;Norway;3016;-59.427;-32.7698;-12:00;Eniwetok, Kwajalein;milan.bruland@example.com;b3766871-59ca-4485-a52a-18361832a0f0;crazybird426;fantasia;95WLDSxb;cb7b1a62325c1f8744fd9d9082bd6dd1;cb0ecea842f5e385e8b7eeb83c3ea4f3beb881d4;384127b7d3bcc421715806703faa659c14d7e1342088a60e5ac84c37972c07cc;03/05/2001;23;2009-11-01 17:38:07;14;65953346;41604306;FN;05030197706;https://randomuser.me/api/portraits/men/84.jpg;https://randomuser.me/api/portraits/med/men/84.jpg;https://randomuser.me/api/portraits/thumb/men/84.jpg;NO;176;2024-05-20 14:36:37.770886
female;missis;Lotta;Melsom;6145;Baglerfaret;Holm;Rogaland;Norway;7821;-15.6715;86.0525;+4:30;Kabul;lotta.melsom@example.com;314b331c-454f-4774-afea-73c58877b48d;brownostrich766;lotus;bPsq7eCy;bba393604f4a72c233c124b59c948b1c;fd4b5f63fecf4f3b44e225776d520407752e197c;e33a18b01aa2ffdf7edc770ba093b6b15b27dfe67855935103e4556cb14ebdb8;04/03/2001;23;2007-09-03 08:24:28;16;85222728;92057516;FN;03040170048;https://randomuser.me/api/portraits/women/59.jpg;https://randomuser.me/api/portraits/med/women/59.jpg;https://randomuser.me/api/portraits/thumb/women/59.jpg;NO;185;2024-05-20 14:36:37.770886
female;missis;Elsa;Yang;6794;Børsteveien;Prestmoen;Sogn og Fjordane;Norway;1555;43.9399;-137.9404;-9:00;Alaska;elsa.yang@example.com;2e656805-d7c6-4312-85a9-d1a392eabcdd;orangeleopard447;luv2epus;tqsyuIie;b5ec93e3b2dfe3fb9c9b1da9358d830e;e6abc22b237addc34cf492c2d0d1246d715d0e70;ac80fa782f005796ff10ea11410ae7fd4edf4e68218df7f7f7df855c364e36be;01/17/2001;23;2018-09-26 15:29:06;5;55619142;40651625;FN;17010192021;https://randomuser.me/api/portraits/women/72.jpg;https://randomuser.me/api/portraits/med/women/72.jpg;https://randomuser.me/api/portraits/thumb/women/72.jpg;NO;559;2024-05-20 14:36:37.770886
male;mister;Aras;Lillebø;209;Røslyngveien;Åmli;Troms - Romsa;Norway;7507;-9.2644;117.4371;-5:00;Eastern Time (US & Canada), Bogota, Lima;aras.lillebo@example.com;b685a06f-388a-415d-ae8c-431662b5eb8d;ticklishleopard866;strong;XlMUx7OV;3ef138bcf983ad7fe872043ed35fa3a2;7486e450a7b4434e616f1e645cf2718de032ef4b;0622cbf06f9d7778d7ce601a39e0bb84e53b0ee82038dd47508082bad3ed2f1d;02/10/2000;24;2013-06-29 22:22:20;10;73408317;92147398;FN;10020086187;https://randomuser.me/api/portraits/men/2.jpg;https://randomuser.me/api/portraits/med/men/2.jpg;https://randomuser.me/api/portraits/thumb/men/2.jpg;NO;865;2024-05-20 14:36:37.771920
