gender;name.title;name.first;name.last;location.street.number;location.street.name;location.city;location.state;location.country;location.postcode;location.coordinates.latitude;location.coordinates.longitude;location.timezone.offset;location.timezone.description;email;login.uuid;login.username;login.password;login.salt;login.md5;login.sha1;login.sha256;dob.date;dob.age;registered.date;registered.age;phone;cell;id.name;id.value;picture.large;picture.medium;picture.thumbnail;nat;global_index;current_time
male;mister;Bartholomeus;Roolvink;9464;Baron van Brienenstraat;Simpelveld;Groningen;Netherlands;1810 CK;3.9385;-108.3757;+4:30;Kabul;bartholomeus.roolvink@example.com;613d9525-11c1-45d7-ac38-449686738289;smalltiger134;2005;ulrSdjlw;413ec4de6b0b301d49fd31005a2d315c;91951a738dd2f304808f9ac6ce2e48dcfffb45f4;5d20228a297cadfe9b15f414c579001d0f732f736772c9b22dc412d74b07455f;12/09/1971;52;2020-03-09 10:20:29;4;(025) 1835046;(06) 75654933;BSN;54744978;https://randomuser.me/api/portraits/men/71.jpg;https://randomuser.me/api/portraits/med/men/71.jpg;https://randomuser.me/api/portraits/thumb/men/71.jpg;NL;196;2024-05-20 14:36:37.770886
female;miss;Neomi;Derksen;2964;Kuifduikerstraat;Ouddorp Zh;Friesland;Netherlands;8844 LT;-13.2518;140.6273;-4:00;Atlantic Time (Canada), Caracas, La Paz;neomi.derksen@example.com;d32d64fe-ea91-448c-abac-f0d376c9d15a;heavyfrog351;wheels;SkwC3vOl;bc5eb25f48a3e35e93f16d55c39abd8f;65201701568efb61e954365a2303931051a8f1a5;338ae192ca8bdd32d3e43dfd985c238df3dc09259a4c16559e998e389894c147;08/24/1973;50;2009-12-31 03:14:18;14;(0269) 555715;(06) 76128004;BSN;44253805;https://randomuser.me/api/portraits/women/24.jpg;https://randomuser.me/api/portraits/med/women/24.jpg;https://randomuser.me/api/portraits/thumb/women/24.jpg;NL;218;2024-05-20 14:36:37.770886
female;miss;Gül;Hazenoot;2658;Eufraat;Escharen;Overijssel;Netherlands;3599 YZ;-32.6235;108.3253;-11:00;Midway Island, Samoa;gul.hazenoot@example.com;c203257e-7597-4827-a289-b9fadbd0181f;brownelephant554;edison;FHpVQXHU;f4035c300e19c91a15da98383ed44257;faf38c874695a51fe260b43c693f729698dbcedd;076e1abc91e9f0c01adaad3be92c13296c8a3503867c5cb3fcdb963199d8d617;11/12/1978;45;2020-02-06 06:39:26;4;(0056) 950885;(06) 12158604;BSN;02552210;https://randomuser.me/api/portraits/women/37.jpg;https://randomuser.me/api/portraits/med/women/37.jpg;https://randomuser.me/api/portraits/thumb/women/37.jpg;NL;887;2024-05-20 14:36:37.771920
female;missis;Sigourney;Van Ballegooijen;2126;Krijgershoek;Sonnega;Limburg;Netherlands;8753 WN;-21.3045;79.6093;+6:00;Almaty, Dhaka, Colombo;sigourney.vanballegooijen@example.com;2f49e482-d518-4ba8-ab59-8e86acbd606a;organicostrich812;georgia;ZRd85V49;a1041caff103c78c3192e2bce3353486;c0a787dd378083efeff29887d1578d6be82631c9;151aaf90c564e9c980542c859af88b2e3e2d8bfdc6e5b259615e4062a48e97b9;11/21/1973;50;2009-11-07 04:48:48;14;(0893) 603650;(06) 19016102;BSN;36944701;https://randomuser.me/api/portraits/women/14.jpg;https://randomuser.me/api/portraits/med/women/14.jpg;https://randomuser.me/api/portraits/thumb/women/14.jpg;NL;928;2024-05-20 14:36:37.771920
