gender;name.title;name.first;name.last;location.street.number;location.street.name;location.city;location.state;location.country;location.postcode;location.coordinates.latitude;location.coordinates.longitude;location.timezone.offset;location.timezone.description;email;login.uuid;login.username;login.password;login.salt;login.md5;login.sha1;login.sha256;dob.date;dob.age;registered.date;registered.age;phone;cell;id.name;id.value;picture.large;picture.medium;picture.thumbnail;nat;global_index;current_time
male;mister;Benjamin;Fernandez;9733;Cackson St;Warrnambool;Queensland;Australia;5293;-18.881;133.3019;-2:00;Mid-Atlantic;benjamin.fernandez@example.com;a723091e-743b-4f41-8380-1e947f277ba8;organicbird630;fffffff;VkIoGKUA;1b4c650f7593eb1d6e945bd385356dfd;c51a29b83c1c0d912b70f8c95986b86c010d4803;1cf4e54e3eed69453575396233fb32a272c3d6851659fcdc18a40f819483e812;09/02/1974;49;2011-04-15 01:43:59;13;06-8001-0002;0409-817-122;TFN;964983112;https://randomuser.me/api/portraits/men/50.jpg;https://randomuser.me/api/portraits/med/men/50.jpg;https://randomuser.me/api/portraits/thumb/men/50.jpg;AU;36;2024-05-20 14:36:37.769849
female;missis;Celina;Knight;5008;Prospect Rd;Warragul;Australian Capital Territory;Australia;5018;45.7474;39.5552;+9:30;Adelaide, Darwin;celina.knight@example.com;5ff6bedf-90d1-4924-b76d-338d936d5dcf;ticklishfrog799;force;rJ4udvRf;2a1e043eef693342c6883d5c1af43e32;1dc580f8174192773ed89ac3115131dff5a58daa;797d24090b193d8cbc7c3d638af2400556eedd92214b215684af3ebaf45ac4b5;05/08/1979;45;2003-08-05 14:56:36;20;02-8614-0013;0431-332-687;TFN;114624435;https://randomuser.me/api/portraits/women/36.jpg;https://randomuser.me/api/portraits/med/women/36.jpg;https://randomuser.me/api/portraits/thumb/women/36.jpg;AU;91;2024-05-20 14:36:37.769849
female;missis;Teresa;Lawrence;2700;James St;Sunshine Coast;Victoria;Australia;1226;-80.0862;53.4558;-5:00;Eastern Time (US & Canada), Bogota, Lima;teresa.lawrence@example.com;d46c1d1b-50cf-4bcd-ad51-ca0f0b480965;bluepanda277;penny;B9be2tWD;3737cea02e04a8c6da94a9d2b0c656e0;43e2fde3b4a4a8c363187e4c204ef5fb37bcfcef;bff50e173682fc9789425f5e81da297f42c440d784801176aa5ca1763edd64dc;05/20/1975;49;2015-04-11 08:11:13;9;08-3739-7295;0467-909-812;TFN;311681842;https://randomuser.me/api/portraits/women/21.jpg;https://randomuser.me/api/portraits/med/women/21.jpg;https://randomuser.me/api/portraits/thumb/women/21.jpg;AU;136;2024-05-20 14:36:37.769849
male;mister;Benjamin;Lee;4026;Sunset St;Gladstone;Victoria;Australia;4455;20.9988;-104.5292;+4:30;Kabul;benjamin.lee@example.com;866fde4d-8d51-4ee5-9e27-b902f4d14052;lazydog430;wolf359;4XzOqp7n;a20a45849dbf0a2a676801ec34c9be9c;e42cc39cca931b022f5b4091b4d9f2e3cb030f09;d1dfc65974d0bf7ae572ee768757507ea445d39547b96222f6bee6100f2c6d7f;03/18/1976;48;2007-07-23 08:37:32;16;07-4335-5195;0499-265-680;TFN;719686093;https://randomuser.me/api/portraits/men/99.jpg;https://randomuser.me/api/portraits/med/men/99.jpg;https://randomuser.me/api/portraits/thumb/men/99.jpg;AU;306;2024-05-20 14:36:37.770886
female;miss;Mabel;Gilbert;8860;Samaritan Dr;Coffs Harbour;Victoria;Australia;419;-87.5282;155.2307;-7:00;Mountain Time (US & Canada);mabel.gilbert@example.com;75965710-d67e-446b-956b-786681bb176b;yellowrabbit764;bourbon;YpKjWGCu;462cc4ef3648aaa0b0c1d49f4c2a9b7c;d2cc7d75da046a72d18b9b1e170d7374d29a89fd;fcff5c4d5abde090309c6ed88bcc6fb890842ee1abd4805078cf49fea5a33d72;03/02/1973;51;2005-08-01 14:00:38;18;08-7671-9482;0438-415-918;TFN;893207616;https://randomuser.me/api/portraits/women/27.jpg;https://randomuser.me/api/portraits/med/women/27.jpg;https://randomuser.me/api/portraits/thumb/women/27.jpg;AU;309;2024-05-20 14:36:37.770886
female;Miss;Julie;Bryant;963;Shady Ln Dr;Nowra;Western Australia;Australia;7164;-63.7697;-61.5675;+8:00;Beijing, Perth, Singapore, Hong Kong;julie.bryant@example.com;de8e8c6b-ca47-4b83-9818-ab250d3afe32;browngoose476;donna1;BI5AznZ4;1b67e3c91f2d40cc1855b0754abdbbac;bd0b10add9087ceefd9b34989ce855082012c2a8;95bd38e92927f667962161d85043fcc17aa95318c19fd829e87ae4ac44baf64a;07/05/1970;53;2019-08-31 12:30:50;4;00-5488-7435;0419-333-423;TFN;117562395;https://randomuser.me/api/portraits/women/50.jpg;https://randomuser.me/api/portraits/med/women/50.jpg;https://randomuser.me/api/portraits/thumb/women/50.jpg;AU;572;2024-05-20 14:36:37.770886
male;mister;Jared;Owens;3848;Mockingbird Hill;Mildura;Tasmania;Australia;3272;13.2602;-157.2301;+5:00;Ekaterinburg, Islamabad, Karachi, Tashkent;jared.owens@example.com;e0d06991-0b16-4ee1-8881-7198b75c8206;crazyelephant473;toad;XX6e7w3R;fad86fd71b45360c56b1abe8df5084e8;662d84273795db08178c02edf7e73676ffb55841;c85a8a733f0f85f862d5a7f8fe7e3df956fcdc74bdb59b481d6f5fb2f6b2974b;08/31/1976;47;2006-06-15 15:23:50;17;08-7362-5282;0459-097-758;TFN;859828268;https://randomuser.me/api/portraits/men/68.jpg;https://randomuser.me/api/portraits/med/men/68.jpg;https://randomuser.me/api/portraits/thumb/men/68.jpg;AU;606;2024-05-20 14:36:37.770886
female;Miss;Felicia;Young;793;Hillcrest Rd;Sunshine Coast;Tasmania;Australia;3379;83.1822;-173.1069;-2:00;Mid-Atlantic;felicia.young@example.com;8fa22737-20a9-4140-a193-6c33c0ff5154;ticklishsnake174;labia;805G0WZp;cb020bb674e5b507384cb0c1c70f6187;a697d21bdc178acf16796670a311eed6610b73a9;e513bae214a044244118c55e026e36e7a2bb45c3b02a7ce89253002eeac4e16b;10/22/1979;44;2003-04-04 10:02:22;21;09-4863-5794;0449-837-394;TFN;223745863;https://randomuser.me/api/portraits/women/53.jpg;https://randomuser.me/api/portraits/med/women/53.jpg;https://randomuser.me/api/portraits/thumb/women/53.jpg;AU;755;2024-05-20 14:36:37.771920
