gender;name.title;name.first;name.last;location.street.number;location.street.name;location.city;location.state;location.country;location.postcode;location.coordinates.latitude;location.coordinates.longitude;location.timezone.offset;location.timezone.description;email;login.uuid;login.username;login.password;login.salt;login.md5;login.sha1;login.sha256;dob.date;dob.age;registered.date;registered.age;phone;cell;id.name;id.value;picture.large;picture.medium;picture.thumbnail;nat;global_index;current_time
male;mister;Tyler;Hughes;1325;Westheimer Rd;Geelong;Northern Territory;Australia;9811;89.3444;64.7292;-2:00;Mid-Atlantic;tyler.hughes@example.com;e1c3d50f-42d2-453c-ac25-e49888a1ea13;redbutterfly318;business;Dxn325Ac;1c31631e7dbf638dd861beeac79ad714;7ac1535f56a5ea30af00d81527a297f3fd40382e;3f0ad123cc917ef33bb78d0b92b109eb93c44d90f6da61beb71c5bbea8ef1a73;04/08/1985;39;2011-10-13 19:41:53;12;01-3454-5797;0459-915-187;TFN;491857594;https://randomuser.me/api/portraits/men/53.jpg;https://randomuser.me/api/portraits/med/men/53.jpg;https://randomuser.me/api/portraits/thumb/men/53.jpg;AU;120;2024-05-20 14:36:37.769849
male;mister;Herman;Shaw;5941;Photinia Ave;Geraldton;Tasmania;Australia;2637;-38.5997;23.3289;+4:00;Abu Dhabi, Muscat, Baku, Tbilisi;herman.shaw@example.com;e505b15d-5c91-464d-a371-01652554beb1;blackleopard476;termite;wyM7MDyZ;2effbbf7cdc73d8da79568d56c22a84c;d40d0e5eacf593c549307db3faea1e05a371a1f1;d15cdb8b9b02279f6e8c818cc0b89dcc64121abe780f4d765180939d24649d64;09/16/1986;37;2011-11-28 20:08:56;12;03-7472-8480;0444-931-753;TFN;278790719;https://randomuser.me/api/portraits/men/81.jpg;https://randomuser.me/api/portraits/med/men/81.jpg;https://randomuser.me/api/portraits/thumb/men/81.jpg;AU;175;2024-05-20 14:36:37.770886
male;mister;Ralph;Garcia;4245;Spring Hill Rd;Coffs Harbour;Australian Capital Territory;Australia;8170;20.4502;-40.8101;+9:00;Tokyo, Seoul, Osaka, Sapporo, Yakutsk;ralph.garcia@example.com;7304e768-cc00-47a6-b98c-79509a178112;orangedog354;kenshin;fAhQiSTZ;d0b11665e1ab52a7cd690a9ce76a68b1;69b88103142609fad2cc9712d78d0411daad4b2b;f86f38272b2300a134c5e01b587d90b44b2b61990b1bfebbc1a57f1b8f26b26d;03/09/1986;38;2016-09-22 05:35:13;7;08-5532-9077;0403-529-328;TFN;532672824;https://randomuser.me/api/portraits/men/71.jpg;https://randomuser.me/api/portraits/med/men/71.jpg;https://randomuser.me/api/portraits/thumb/men/71.jpg;AU;538;2024-05-20 14:36:37.770886
male;mister;Harold;Hamilton;8258;Smokey Ln;Coffs Harbour;Northern Territory;Australia;1800;14.9763;-94.4276;+3:00;Baghdad, Riyadh, Moscow, St. Petersburg;harold.hamilton@example.com;0b7c6edc-b29f-42cb-b857-f28e55e20cf1;blackmouse986;jetski;6d6ZnhW9;90f731d895c310e3eab13ef4fd82f649;ee71177969c6b7f0d355afe5c4bd06af6b52574a;05ebe6f390f98c59b66ecd0fe629db05259defb5bf18682f8449f4a093abbdb0;11/18/1982;41;2017-09-18 13:42:07;6;03-4899-5152;0435-754-382;TFN;701738995;https://randomuser.me/api/portraits/men/65.jpg;https://randomuser.me/api/portraits/med/men/65.jpg;https://randomuser.me/api/portraits/thumb/men/65.jpg;AU;544;2024-05-20 14:36:37.770886
female;Miss;Billie;Holt;7104;Mockingbird Ln;Tamworth;South Australia;Australia;1580;-13.0823;-42.3864;+11:00;Magadan, Solomon Islands, New Caledonia;billie.holt@example.com;2b31b41f-8845-455a-ba90-d7dac78491c6;angrybird882;chewy;jH0H0JfK;be90ba2dfc9df555de50df453f8c31af;8068264f2a7bacdbc32447051005c03fed54db36;f8d8517b94caedb1c9c2f0445c0312918608296ba32028ebd952483b2feccdf9;10/24/1988;35;2005-12-03 03:47:28;18;02-0314-1555;0423-925-713;TFN;383988108;https://randomuser.me/api/portraits/women/20.jpg;https://randomuser.me/api/portraits/med/women/20.jpg;https://randomuser.me/api/portraits/thumb/women/20.jpg;AU;825;2024-05-20 14:36:37.771920
female;missis;Erika;Fuller;5720;Plum St;Brisbane;New South Wales;Australia;9992;-9.0149;94.3916;-12:00;Eniwetok, Kwajalein;erika.fuller@example.com;acff11cb-aeb4-4e81-a00d-cbe37feb4ca4;silverfrog686;trash;1yR0nmCC;4cbaacd6204203991c07511dea7411ff;d823ac81a3be6a7b01bcb5f406bafbeadd5d5ae6;39e96a4b655f9ccca7dede9995a19543e7fcb00cde45b3e7bf57dc709baeefaa;03/24/1988;36;2014-08-03 14:50:55;9;08-3483-3725;0400-725-737;TFN;994212147;https://randomuser.me/api/portraits/women/62.jpg;https://randomuser.me/api/portraits/med/women/62.jpg;https://randomuser.me/api/portraits/thumb/women/62.jpg;AU;862;2024-05-20 14:36:37.771920
female;missis;Isabella;Cruz;6930;Dogwood Ave;Bundaberg;Queensland;Australia;766;27.8231;-30.369;+8:00;Beijing, Perth, Singapore, Hong Kong;isabella.cruz@example.com;269dd88e-c524-4bf8-a320-d3dcb763cf5e;lazybutterfly323;recon;HuWHkw2G;0d1ef6f0651b2b070279fef5bf8881ff;054635c85e98c5852a6d2b9f917962b6e1510624;d97a6dc28ae88f30e4ed786244fcaa68015edf411feb2700c730182b1978b1f6;11/30/1983;40;2018-04-10 15:37:19;6;06-5196-4608;0402-658-583;TFN;810378494;https://randomuser.me/api/portraits/women/40.jpg;https://randomuser.me/api/portraits/med/women/40.jpg;https://randomuser.me/api/portraits/thumb/women/40.jpg;AU;940;2024-05-20 14:36:37.771920
