gender;name.title;name.first;name.last;location.street.number;location.street.name;location.city;location.state;location.country;location.postcode;location.coordinates.latitude;location.coordinates.longitude;location.timezone.offset;location.timezone.description;email;login.uuid;login.username;login.password;login.salt;login.md5;login.sha1;login.sha256;dob.date;dob.age;registered.date;registered.age;phone;cell;id.name;id.value;picture.large;picture.medium;picture.thumbnail;nat;global_index;current_time
male;mister;Kian;Kongsvik;1973;Tingstuveien;Røros;Bergen;Norway;0752;-9.8245;-152.1579;+5:00;Ekaterinburg, Islamabad, Karachi, Tashkent;kian.kongsvik@example.com;fe157d33-67fe-4f72-bcdd-558ad1cf9f6c;smallwolf699;painting;1YzkBEdM;bd5b837873d6078dcafa16440acc691f;ba49bfe994c37cfe9db59bde035dff38ce921d3c;5d35f5cb08ab420d64179de18e618327dba0014751a6a4f8ce099f4e9d48bcf4;04/23/1997;27;2005-04-15 08:33:32;19;36913189;99495708;FN;23049715382;https://randomuser.me/api/portraits/men/45.jpg;https://randomuser.me/api/portraits/med/men/45.jpg;https://randomuser.me/api/portraits/thumb/men/45.jpg;NO;81;2024-05-20 14:36:37.769849
female;missis;Victoria;Træet;9269;Øgårdsveien;Porsgrunn;Trøndelag;Norway;3581;-50.1311;-54.8802;-3:30;Newfoundland;victoria.traeet@example.com;1e47c493-d987-4fd3-8acb-74272df4b583;greenzebra100;michaels;KDkAwUQn;011c897b46a7df4051b2ce39fbdfcffb;2348f0b74163b97454c262cd17a99ae2b9bedffb;dcfd6599feb2e601ca483cb17d009145fbaad9141248ba5780cddc3dec7038b2;01/23/1991;33;2003-03-17 08:56:52;21;70251482;92253768;FN;23019120473;https://randomuser.me/api/portraits/women/26.jpg;https://randomuser.me/api/portraits/med/women/26.jpg;https://randomuser.me/api/portraits/thumb/women/26.jpg;NO;389;2024-05-20 14:36:37.770886
male;mister;Ådne;Rist;7407;Haralds vei;Roverud;Akershus;Norway;9042;-23.8156;26.3905;-7:00;Mountain Time (US & Canada);adne.rist@example.com;a1721d29-3d10-44af-b5ba-fa6136949c6c;beautifulfrog735;emperor;t5JpjxZb;6ce2573c56816ebcba073e8b818d5670;212be6b92bb10b1ea7c3c42a468f9a43aa4c84f7;05faa4262233d725a770ac6c759b188303109276ef0a7655ef47213d8f63fa79;02/04/1996;28;2006-02-04 21:13:53;18;84085186;92690645;FN;04029618335;https://randomuser.me/api/portraits/men/84.jpg;https://randomuser.me/api/portraits/med/men/84.jpg;https://randomuser.me/api/portraits/thumb/men/84.jpg;NO;668;2024-05-20 14:36:37.770886
female;miss;Tina;Teigland;4812;Hans Nielsen Hauges plass;Sander;Nord-Trøndelag;Norway;1711;63.1922;53.07;+7:00;Bangkok, Hanoi, Jakarta;tina.teigland@example.com;c3988563-2f6e-4484-a72b-122169af5e78;yellowwolf840;bartman;sG9yqQoF;c139a2c6ca687666b70023a7021723a0;50268a63b087e1c83171476f4c83daac18b3fedc;4443ce001c0a09e5cee0754b046a8aa11eefdc7d5967580154d63659c87120ae;06/23/1991;32;2013-07-16 13:53:50;10;77233534;42405260;FN;23069122868;https://randomuser.me/api/portraits/women/69.jpg;https://randomuser.me/api/portraits/med/women/69.jpg;https://randomuser.me/api/portraits/thumb/women/69.jpg;NO;816;2024-05-20 14:36:37.771920
female;miss;Victoria;Valland;4254;Landgangen;Børsa;Troms - Romsa;Norway;2937;54.3335;40.6021;-3:00;Brazil, Buenos Aires, Georgetown;victoria.valland@example.com;176383be-9d94-4e5e-8c73-4d7879d3ae3a;beautifulkoala250;5454;F2IGBYWl;48e7b606ab8effac52105acd03d2f27a;2d85dad900e735ab4fbadeda01215386c6b38eb1;44f8093856da84aa87f57783c0cdc6c21d51634b276d4f1bb88068b6a8a299d0;11/13/1991;32;2004-05-27 07:12:13;19;69195712;90942763;FN;13119144226;https://randomuser.me/api/portraits/women/15.jpg;https://randomuser.me/api/portraits/med/women/15.jpg;https://randomuser.me/api/portraits/thumb/women/15.jpg;NO;913;2024-05-20 14:36:37.771920
female;miss;Hanne;Bodin;9489;Flyveien;Sparbu;Hedmark;Norway;6434;-2.6458;-164.735;-6:00;Central Time (US & Canada), Mexico City;hanne.bodin@example.com;9c9de0e9-7453-4d50-8662-28ff6cc172e2;bluepeacock185;flight;n50Nfvot;adc06e0db3e5e7777f1b89192a8d44d3;e8a86a0a3e080dc4028311720d7f2bd5d72dfa9e;a31528a3302b4feddd2a492349117332e53252fd70711ff5984c86d11f0d0480;11/10/1994;29;2013-03-11 06:15:55;11;86154027;45612713;FN;10119423029;https://randomuser.me/api/portraits/women/81.jpg;https://randomuser.me/api/portraits/med/women/81.jpg;https://randomuser.me/api/portraits/thumb/women/81.jpg;NO;941;2024-05-20 14:36:37.771920
