gender;name.title;name.first;name.last;location.street.number;location.street.name;location.city;location.state;location.country;location.postcode;location.coordinates.latitude;location.coordinates.longitude;location.timezone.offset;location.timezone.description;email;login.uuid;login.username;login.password;login.salt;login.md5;login.sha1;login.sha256;dob.date;dob.age;registered.date;registered.age;phone;cell;id.name;id.value;picture.large;picture.medium;picture.thumbnail;nat;global_index;current_time
male;mister;Humberto;Santos;2430;Rua Bela Vista ;Santa Maria;Distrito Federal;Brazil;62718;-74.3789;-74.6178;-10:00;Hawaii;humberto.santos@example.com;7e132c39-04ad-42fd-9b7c-4599ca92915d;heavyrabbit372;pinkfloy;aqP2k82w;7273569a8550ded9188336b7dcc24b74;63d03902de79a966cde55b2d4085b94534fc785a;f3027ec5c4fb3e0f818850eb0215bbd33813e25d5988d77b710cd66cd326cead;06/25/1965;58;2013-10-03 01:00:23;10;(76) 5160-3899;(36) 5054-5006;CPF;120.027.065-18;https://randomuser.me/api/portraits/men/61.jpg;https://randomuser.me/api/portraits/med/men/61.jpg;https://randomuser.me/api/portraits/thumb/men/61.jpg;BR;0;2024-05-20 14:36:37.769849
male;mister;Benedito;Pereira;3338;Rua Espirito Santo ;Porto Alegre;Piauí;Brazil;66281;16.6018;75.966;-1:00;Azores, Cape Verde Islands;benedito.pereira@example.com;772f862c-f614-4ab0-ba17-6a3618ffa82f;heavygorilla596;babyface;IQpY8lVM;d377c18b71727d7deedb661a5e324ce3;a7f832bc02900a55da3daab980a05e3a2bfbdc27;15cabebf66b1cb7cdafe1dac4739734e7f5b5c09319d4d5e9db11daad5bd4684;04/25/1960;64;2021-03-12 12:38:05;3;(39) 1291-8956;(32) 0520-7811;CPF;890.158.310-58;https://randomuser.me/api/portraits/men/54.jpg;https://randomuser.me/api/portraits/med/men/54.jpg;https://randomuser.me/api/portraits/thumb/men/54.jpg;BR;333;2024-05-20 14:36:37.770886
male;mister;Felicíssimo;Novaes;8779;Rua João Xxiii;Paranaguá;São Paulo;Brazil;69024;34.6985;82.6609;0:00;Western Europe Time, London, Lisbon, Casablanca;felicissimo.novaes@example.com;5ac9e4b1-2cf7-413c-9cbf-e90b0b1619b2;sadkoala337;brown;CoUd6Vos;e61485c622790c6c268edc7cdc8c9a29;e1426ddc71575077fede59c5280a85e6340f2d63;cf4bf486f6fc074fbe8a9989e1dfa72744f9671f9aba7dc28bd176fa5a79e9fa;02/04/1963;61;2021-03-28 23:35:23;3;(65) 9388-8891;(85) 9625-4354;CPF;951.767.070-19;https://randomuser.me/api/portraits/men/96.jpg;https://randomuser.me/api/portraits/med/men/96.jpg;https://randomuser.me/api/portraits/thumb/men/96.jpg;BR;433;2024-05-20 14:36:37.770886
male;mister;Elmano;Barbosa;1194;Rua Quinze de Novembro ;Umuarama;São Paulo;Brazil;97819;82.4325;142.341;+4:00;Abu Dhabi, Muscat, Baku, Tbilisi;elmano.barbosa@example.com;2b6ed3dc-034f-4a9a-bb50-c9ca77ceb35f;organicbutterfly535;godzilla;V7sAA5qu;cfc2a14ee2114884b3d97c77ea226988;12bc2af20bd6cb06e7fa0cee4fc7bd5336cb0611;ccf81de5f8a4693f74f9ab5e4718724be002b3b951ea5e27ae4b835817ba5049;05/10/1969;55;2019-12-17 18:27:48;4;(19) 0489-8128;(57) 2074-2732;CPF;812.174.241-28;https://randomuser.me/api/portraits/men/25.jpg;https://randomuser.me/api/portraits/med/men/25.jpg;https://randomuser.me/api/portraits/thumb/men/25.jpg;BR;570;2024-05-20 14:36:37.770886
female;miss;Ava;Peixoto;4001;Rua da Saudade;Cubatão;Mato Grosso;Brazil;79982;36.4468;93.1914;-3:30;Newfoundland;ava.peixoto@example.com;4c996ca1-1c88-4da6-99db-0de3c50bcd19;whiteleopard303;stonecol;Xg7hjba3;a62a08ca23aae2d654a1312d33350ab3;58e354b2046471808cb798dce0a368b26423faf2;4cad4439d6d3ba4f7324519d18e1b025321f97be76cbc17dfbd515cd4fb3d404;11/22/1966;57;2005-01-28 12:27:19;19;(40) 1348-2579;(51) 4598-4649;CPF;679.359.296-95;https://randomuser.me/api/portraits/women/34.jpg;https://randomuser.me/api/portraits/med/women/34.jpg;https://randomuser.me/api/portraits/thumb/women/34.jpg;BR;729;2024-05-20 14:36:37.771920
female;Miss;Jezabel;da Cruz;4618;Rua Pernambuco ;São Vicente;Amazonas;Brazil;53953;-43.7736;104.084;-12:00;Eniwetok, Kwajalein;jezabel.dacruz@example.com;d63806d3-7c94-401e-b6be-8c2611608386;bluemeercat677;77777777;E3CaHLmy;e74ce82b162d0970fc993e8848c4344e;798a523bfb2504666d81909d8c12a66796fc8185;5617b858a50de2ab813fc836e0702635e4375d8740d81a7261f1228b9f4c93c3;02/25/1961;63;2006-08-26 17:53:11;17;(77) 4173-9451;(09) 0335-5651;CPF;533.948.834-50;https://randomuser.me/api/portraits/women/89.jpg;https://randomuser.me/api/portraits/med/women/89.jpg;https://randomuser.me/api/portraits/thumb/women/89.jpg;BR;760;2024-05-20 14:36:37.771920
male;mister;Franklim;da Mota;44;Rua Espirito Santo ;São Vicente;São Paulo;Brazil;72253;-13.9317;40.5145;0:00;Western Europe Time, London, Lisbon, Casablanca;franklim.damota@example.com;fdb6123c-4c54-4465-ac86-6f10341e1023;organickoala857;rain;qQjgQorN;4058a17ddfcc4177d72fa4749f98ee28;bbbe17483cb0f1e2bf159340437efeb6166e96e4;75979bd60702c9cca1f78031d0fdb1f5f6faaadde04173d0c914bf4450b3481e;12/26/1963;60;2011-10-04 23:41:16;12;(86) 3204-1839;(35) 4314-9040;CPF;829.417.731-40;https://randomuser.me/api/portraits/men/36.jpg;https://randomuser.me/api/portraits/med/men/36.jpg;https://randomuser.me/api/portraits/thumb/men/36.jpg;BR;801;2024-05-20 14:36:37.771920
male;mister;Evelácio;Moura;4448;Rua Castro Alves ;Cametá;Pernambuco;Brazil;32193;63.8559;-61.6507;-12:00;Eniwetok, Kwajalein;evelacio.moura@example.com;f9bb70b3-0c3d-4e88-bbf8-401654c235ed;whitegorilla668;baldwin;hCGNWqYK;f49bf0851a65366c4e1035b7ff3a1a41;1753d19fe891995399cddb5ddfad6422dd09ba30;b6bd33043fe5570a8b7a869fcea67dbe76a31be6abae470acf84f7e0046857e9;02/01/1965;59;2016-10-09 08:13:43;7;(04) 9409-8409;(51) 7986-6510;CPF;768.470.955-10;https://randomuser.me/api/portraits/men/30.jpg;https://randomuser.me/api/portraits/med/men/30.jpg;https://randomuser.me/api/portraits/thumb/men/30.jpg;BR;811;2024-05-20 14:36:37.771920
female;missis;Gavina;Ferreira;1160;Rua Sete de Setembro ;Olinda;Mato Grosso;Brazil;43439;-45.5808;-3.2965;+9:00;Tokyo, Seoul, Osaka, Sapporo, Yakutsk;gavina.ferreira@example.com;85eb4e3c-db73-4c25-8bb9-3e25fad3d045;yellowbird673;whynot;AoPttN5z;943f4ae52d5303f94d28a5c188935575;6234c546e79ab894c2410ff3c41a10fc80b37663;f0f0c4455bce202013b461c77f8e2427f051973293d208f11dff77350b5ce4b1;02/27/1960;64;2021-03-31 00:32:08;3;(17) 6740-2987;(38) 8250-2272;CPF;024.756.760-56;https://randomuser.me/api/portraits/women/31.jpg;https://randomuser.me/api/portraits/med/women/31.jpg;https://randomuser.me/api/portraits/thumb/women/31.jpg;BR;847;2024-05-20 14:36:37.771920
male;mister;Tâmiris;Fernandes;9867;Beco dos Namorados;Juiz de Fora;São Paulo;Brazil;55896;-31.5773;170.1729;+3:00;Baghdad, Riyadh, Moscow, St. Petersburg;tamiris.fernandes@example.com;534a140e-dfa7-418e-bdb9-c51fc6c60517;angrybear546;holiday;eeQyQAKf;bc39e68af2624c7cf69db4751a3464ab;8f6b04e0d4debbcc5edf8077d26e63f43dd5bd28;80d48a4e83c89036a2334ebf523d5defaa132a9b604b9aa336c3b314e173f230;11/23/1968;55;2021-08-25 11:43:48;2;(59) 5888-6305;(54) 7256-8369;CPF;604.232.073-90;https://randomuser.me/api/portraits/men/74.jpg;https://randomuser.me/api/portraits/med/men/74.jpg;https://randomuser.me/api/portraits/thumb/men/74.jpg;BR;918;2024-05-20 14:36:37.771920
