gender;name.title;name.first;name.last;location.street.number;location.street.name;location.city;location.state;location.country;location.postcode;location.coordinates.latitude;location.coordinates.longitude;location.timezone.offset;location.timezone.description;email;login.uuid;login.username;login.password;login.salt;login.md5;login.sha1;login.sha256;dob.date;dob.age;registered.date;registered.age;phone;cell;id.name;id.value;picture.large;picture.medium;picture.thumbnail;nat;global_index;current_time
female;Mademoiselle;Hanna;Lefevre;2049;Avenue du Château;Trimmis;Obwalden;Switzerland;2989;21.8309;73.0298;+3:30;Tehran;hanna.lefevre@example.com;70cbb544-38cc-47b3-a160-130b41cf533b;blackkoala827;atlantis;d81v5tLz;731ef7340c9c789366cd61fbb538bf55;0caa4701bf845a9b9d2e2f33f0b8da2b6541b621;b45f3fd404633d3693ffefa8b5e4f0dddba226e0e231a6f1083c638577cd017d;07/03/1990;33;2016-01-20 03:12:30;8;077 147 28 45;075 367 09 47;AVS;756.7996.8106.01;https://randomuser.me/api/portraits/women/57.jpg;https://randomuser.me/api/portraits/med/women/57.jpg;https://randomuser.me/api/portraits/thumb/women/57.jpg;CH;251;2024-05-20 14:36:37.770886
female;Mademoiselle;Lana;Picard;3230;Rue D'Abbeville;Schüpfheim;Graubünden;Switzerland;9524;53.8844;-122.8953;-3:00;Brazil, Buenos Aires, Georgetown;lana.picard@example.com;e37c19cb-dde5-4799-aa84-a5f6ac86b6f5;yellowmouse417;dawson;NzQiy9Bf;1eb7303c9154150e627b60b2bdfd5004;bf1650736d295d68cc97d42eca284717612f646c;0d3a6bdb8270cc60ab67d1f0f14aa09a124b03cd9f0fb582ab2297b5d495b71b;12/16/1991;32;2007-03-15 01:07:03;17;077 114 21 07;079 638 02 91;AVS;756.6606.1676.91;https://randomuser.me/api/portraits/women/30.jpg;https://randomuser.me/api/portraits/med/women/30.jpg;https://randomuser.me/api/portraits/thumb/women/30.jpg;CH;304;2024-05-20 14:36:37.770886
female;Mademoiselle;Ljiljana;Lefevre;3225;Avenue Joliot Curie;Orges;Vaud;Switzerland;6428;-72.993;-62.0895;-1:00;Azores, Cape Verde Islands;ljiljana.lefevre@example.com;c736e3ae-545e-41bc-be6f-d1ee467c3137;angryrabbit113;macross;4hZCT7ZJ;689c2a6945ccc71db01c5b6b4754ff6f;2c5392cf1b80f52d51094670374f6f625555f8c5;c9b948bb983dba5859aed4e99110f61f46f2fbc25ea66bad84bfb555f4acb594;11/07/1992;31;2010-07-24 02:45:56;13;076 375 12 37;075 760 32 73;AVS;756.9446.5394.36;https://randomuser.me/api/portraits/women/78.jpg;https://randomuser.me/api/portraits/med/women/78.jpg;https://randomuser.me/api/portraits/thumb/women/78.jpg;CH;429;2024-05-20 14:36:37.770886
female;mademoiselle;Maeva;Roussel;7585;Avenue des Ternes;Tenniken;Graubünden;Switzerland;4665;-45.7663;-120.5601;+2:00;Kaliningrad, South Africa;maeva.roussel@example.com;f48b6ffb-dcec-4126-80a9-ead236316382;heavykoala890;redred;FhCd8HiB;c15ff13e13da64cfbed08a7325d7830f;a89876ded60d04cc59f279d7ab69e87dbb3dea6e;350b849a0a51dcb415e99331cdbe42e4f3f270055748f8e8fcd13dac16f62c98;12/13/1998;25;2010-05-21 03:53:41;13;075 904 83 14;076 078 96 67;AVS;756.2207.1402.53;https://randomuser.me/api/portraits/women/0.jpg;https://randomuser.me/api/portraits/med/women/0.jpg;https://randomuser.me/api/portraits/thumb/women/0.jpg;CH;525;2024-05-20 14:36:37.770886
male;Monsieur;Herbert;Berger;8814;Avenue Paul Eluard;Matzingen;Uri;Switzerland;2415;-38.3821;9.9734;-3:00;Brazil, Buenos Aires, Georgetown;herbert.berger@example.com;e7efcd99-e6b2-489f-9672-8b12d2debb0c;silverlion264;pumper;cF62ud6Z;82a895d14eb7359101fc2f4936c6c006;099b2d33400003f47515cc18a7f545b40f78133a;33d47d17da3f12cdcf4d227bb18b8c51e4e9f6c4e711866360d50f908c26da0d;08/18/1991;32;2004-02-28 07:19:11;20;077 413 96 67;077 782 35 89;AVS;756.0537.7864.22;https://randomuser.me/api/portraits/men/4.jpg;https://randomuser.me/api/portraits/med/men/4.jpg;https://randomuser.me/api/portraits/thumb/men/4.jpg;CH;575;2024-05-20 14:36:37.770886
female;mademoiselle;Anne;Guillaume;6977;Avenue de la Libération;Lostallo;Bern;Switzerland;3285;21.2516;-173.2382;-4:00;Atlantic Time (Canada), Caracas, La Paz;anne.guillaume@example.com;3268b440-4a5b-4217-bcc7-e95e3a2a70a6;blueostrich296;ford;f7Qb5AOQ;38637278147f4729e0e6adc8fb8adab4;d3fc4a2df3cd6501872fcd024687e333ebc4600e;f2ab5d9519801a3811c64206223d9bc06a87cc8ca82f91683c2a35734feaf804;02/05/1992;32;2021-10-18 08:22:02;2;076 518 66 55;075 925 96 82;AVS;756.6149.3930.84;https://randomuser.me/api/portraits/women/47.jpg;https://randomuser.me/api/portraits/med/women/47.jpg;https://randomuser.me/api/portraits/thumb/women/47.jpg;CH;828;2024-05-20 14:36:37.771920
male;Monsieur;Lino;Rolland;3321;Rue de L'Abbé-Migne;Hedingen;Ticino;Switzerland;4814;58.1147;-9.1104;+8:00;Beijing, Perth, Singapore, Hong Kong;lino.rolland@example.com;6134bbbc-5ff8-43ca-98f5-a1c8e9e468a6;tinygorilla662;incubus;nBfU3zek;0007e04bb35beec5314307468a89a78e;fe7ee094c620b32232b1cebfa4255a2715fb100e;401e7f5726599c442e600ca7fba0518d6818f1b6bb1b3c487e88da83a83b2330;09/03/1997;26;2015-05-21 08:01:20;8;077 249 05 24;077 925 17 33;AVS;756.1105.9430.72;https://randomuser.me/api/portraits/men/58.jpg;https://randomuser.me/api/portraits/med/men/58.jpg;https://randomuser.me/api/portraits/thumb/men/58.jpg;CH;997;2024-05-20 14:36:37.771920
