gender;name.title;name.first;name.last;location.street.number;location.street.name;location.city;location.state;location.country;location.postcode;location.coordinates.latitude;location.coordinates.longitude;location.timezone.offset;location.timezone.description;email;login.uuid;login.username;login.password;login.salt;login.md5;login.sha1;login.sha256;dob.date;dob.age;registered.date;registered.age;phone;cell;id.name;id.value;picture.large;picture.medium;picture.thumbnail;nat;global_index;current_time
female;missis;Arianna;Hunter;7421;W 6th St;Fullerton;Nebraska;United States;16649;42.6916;153.9035;+11:00;Magadan, Solomon Islands, New Caledonia;arianna.hunter@example.com;1d7dbc35-4016-4ac7-84b1-1254db52dfe9;ticklishbird556;shopper;zzOmvPxk;c0662d7bf34364d265249c56461d7b5c;c3d3240ca5f3c70b0fdd59c2b5035c646a86e736;17505237a56672598b410c250de7a04597c01abe8beb7833191635b242b3dbda;08/24/1995;28;2020-10-11 07:47:58;3;(958) 839-6487;(985) 877-7107;SSN;577-99-4023;https://randomuser.me/api/portraits/women/0.jpg;https://randomuser.me/api/portraits/med/women/0.jpg;https://randomuser.me/api/portraits/thumb/women/0.jpg;US;39;2024-05-20 14:36:37.769849
female;Miss;Violet;Wagner;1401;Spring Hill Rd;New York;Colorado;United States;41825;-23.291;129.709;-3:00;Brazil, Buenos Aires, Georgetown;violet.wagner@example.com;1d7672e6-c3f9-4ede-afd3-f939bbf8bbcd;heavyzebra790;portland;1S5QsuUD;3cef3567b562f3d72deacdb4730575da;a91fb1b009667680d8dc0e51897d083b3d7683b5;3e901bcab4a0125f9b243b7c63b5d05c08e3d0c8ed82c4516a86bc99f0b2d35b;08/30/1991;32;2017-09-06 06:52:15;6;(824) 487-9161;(960) 745-9246;SSN;426-86-7164;https://randomuser.me/api/portraits/women/72.jpg;https://randomuser.me/api/portraits/med/women/72.jpg;https://randomuser.me/api/portraits/thumb/women/72.jpg;US;241;2024-05-20 14:36:37.770886
female;miss;Sonia;Thomas;2537;Robinson Rd;Madison;Virginia;United States;96492;-21.4495;-19.2809;0:00;Western Europe Time, London, Lisbon, Casablanca;sonia.thomas@example.com;d123b797-6b59-4332-b4c3-7a5b5ba37c27;tinybutterfly758;laddie;ZrQp9GnX;881884c44c6ca3b92e95e14c24354002;6a827717328329100afd28d9f353e9568dc8b9be;976d029205d76544d477c3e251c7abcc47ba3ae864d5bc121013437fb8b6e05a;03/29/1995;29;2017-06-09 22:38:58;6;(776) 655-0844;(590) 602-4874;SSN;259-52-0778;https://randomuser.me/api/portraits/women/2.jpg;https://randomuser.me/api/portraits/med/women/2.jpg;https://randomuser.me/api/portraits/thumb/women/2.jpg;US;295;2024-05-20 14:36:37.770886
male;mister;Gabriel;Hughes;5031;Edwards Rd;Topeka;Nebraska;United States;82846;54.1736;21.1691;-10:00;Hawaii;gabriel.hughes@example.com;e602fc36-29fb-4000-8d78-860090f66f5a;crazyladybug545;squeak;gajLPIFK;f926f82bf28b04a75ea07c07bd865360;eff03ad4836545798a7f81976b8e74907cbaab0e;fc8b62bbd4faf3550c848022b11da592c62bb763acbfea6c3da87a9bec0da6a4;03/20/1998;26;2003-02-11 20:54:22;21;(203) 211-3461;(671) 671-7970;SSN;563-87-0260;https://randomuser.me/api/portraits/men/21.jpg;https://randomuser.me/api/portraits/med/men/21.jpg;https://randomuser.me/api/portraits/thumb/men/21.jpg;US;707;2024-05-20 14:36:37.771920
male;mister;Isaac;Medina;7999;Railroad St;Costa Mesa;North Dakota;United States;83957;-69.1357;2.7463;-2:00;Mid-Atlantic;isaac.medina@example.com;3960e9ea-4907-4234-950c-e9b4c08ce594;yellowdog319;mullet;TzAu1vd4;bc4d900185ab02307d7e2c7ac1bb885c;53016849f373e96c6700cebd9876fda44e53a300;000f3bde133f28612eafc9bf935ea7b8608d2f8a8b172fcef38927aa4b0a5229;08/31/1991;32;2010-12-20 21:56:17;13;(670) 558-4075;(569) 947-1977;SSN;519-97-6952;https://randomuser.me/api/portraits/men/10.jpg;https://randomuser.me/api/portraits/med/men/10.jpg;https://randomuser.me/api/portraits/thumb/men/10.jpg;US;754;2024-05-20 14:36:37.771920
female;miss;Teresa;Hall;7309;Preston Rd;Lansing;Maryland;United States;73919;88.1421;-70.6736;+9:00;Tokyo, Seoul, Osaka, Sapporo, Yakutsk;teresa.hall@example.com;ebd05276-9fbb-4deb-a451-9e7474766b95;goldenduck615;simpson;048JAzcJ;7aa5611365810ebde3021d2f2b7b1682;83b808d0e62376c3ac6dfa8ff7031774c650f7b4;ac30bac697d31d0229e997629f071cc16de62c2ff415cc7df8cb9492524650d4;06/07/1994;29;2018-03-12 03:12:13;6;(607) 735-6431;(247) 564-9550;SSN;196-94-0643;https://randomuser.me/api/portraits/women/35.jpg;https://randomuser.me/api/portraits/med/women/35.jpg;https://randomuser.me/api/portraits/thumb/women/35.jpg;US;845;2024-05-20 14:36:37.771920
female;Miss;Irma;Gilbert;1127;Oak Lawn Ave;New Haven;Texas;United States;25903;-83.1501;145.8395;+5:00;Ekaterinburg, Islamabad, Karachi, Tashkent;irma.gilbert@example.com;16718414-803c-469e-a6f5-d1b7e9d5610f;goldenmouse721;pyramid;mNKrQAOP;51035dc6c4028bd2ecf8c7bb10197178;c61840a4264da160f3d7b50ea6a350ec29b6e26a;244d2fc1e2262a7b4e140fafff734d8b5af9378e982a4355b0f9f93481b2d988;08/11/1998;25;2004-09-09 00:13:45;19;(547) 666-1916;(249) 529-2398;SSN;387-07-8418;https://randomuser.me/api/portraits/women/3.jpg;https://randomuser.me/api/portraits/med/women/3.jpg;https://randomuser.me/api/portraits/thumb/women/3.jpg;US;853;2024-05-20 14:36:37.771920
female;Miss;Rita;West;2153;Hillcrest Rd;Vallejo;Missouri;United States;51530;-10.7051;-94.6009;+7:00;Bangkok, Hanoi, Jakarta;rita.west@example.com;ab0d42fd-0bf5-430d-9536-3a8994d9a50d;smallswan489;rsalinas;XzRoIpT9;8204665d7f1601dea1874f870fcc8c45;1fbd0c56097f0872135471af8820f63de99eb982;4b943fce6260368eabd52932e14c3548811c006cdb6cb76700eb9a4e3b07acc3;03/05/1991;33;2011-01-30 05:39:22;13;(945) 884-4970;(654) 977-4962;SSN;609-73-0773;https://randomuser.me/api/portraits/women/69.jpg;https://randomuser.me/api/portraits/med/women/69.jpg;https://randomuser.me/api/portraits/thumb/women/69.jpg;US;893;2024-05-20 14:36:37.771920
