gender;name.title;name.first;name.last;location.street.number;location.street.name;location.city;location.state;location.country;location.postcode;location.coordinates.latitude;location.coordinates.longitude;location.timezone.offset;location.timezone.description;email;login.uuid;login.username;login.password;login.salt;login.md5;login.sha1;login.sha256;dob.date;dob.age;registered.date;registered.age;phone;cell;id.name;id.value;picture.large;picture.medium;picture.thumbnail;nat;global_index;current_time
female;mademoiselle;Mila;Faure;6785;Rue de la Gare;Tschugg;Valais;Switzerland;7160;-4.6597;13.5146;+5:45;Kathmandu;mila.faure@example.com;167968be-c8ff-4282-9c7f-1c8c8f7f86ab;browngoose193;tribe;3aYCxA45;7095d44a941b1fbc1afee094b8602adc;2b285e91a8a76ac08092e220d305761771a49def;dd4c0d75ac8e252ec381dde89c4ca8a77cff2b48a3593261d5a870d420a7e8a6;09/19/1961;62;2014-12-14 19:30:43;9;078 399 39 69;077 929 07 44;AVS;756.3069.6217.12;https://randomuser.me/api/portraits/women/75.jpg;https://randomuser.me/api/portraits/med/women/75.jpg;https://randomuser.me/api/portraits/thumb/women/75.jpg;CH;231;2024-05-20 14:36:37.770886
female;Mademoiselle;Alisa;Dumont;9529;Avenue des Ternes;Bünzen;Graubünden;Switzerland;1764;61.9077;-108.2427;-3:00;Brazil, Buenos Aires, Georgetown;alisa.dumont@example.com;5e3617fe-364b-44c7-beaf-c47b9b6c6897;redduck810;astros;29JsSe6z;b61b181700f12bb105e831c53384fa1d;e51417338b14d7ed92a484d643a6acc8519e48dc;6153d5d1b2796ba568b91f347bf648e239254b2700df2303a7be60dca25dd58b;08/07/1966;57;2018-11-02 21:51:43;5;079 954 65 12;076 515 51 18;AVS;756.5786.8988.58;https://randomuser.me/api/portraits/women/31.jpg;https://randomuser.me/api/portraits/med/women/31.jpg;https://randomuser.me/api/portraits/thumb/women/31.jpg;CH;289;2024-05-20 14:36:37.770886
male;Monsieur;Max;Blanc;3256;Rue Paul Bert;Saas-Fee;Fribourg;Switzerland;4416;23.7428;-20.5063;-8:00;Pacific Time (US & Canada);max.blanc@example.com;3faf0a89-96b1-4a0a-8911-283fc68ac9ba;purplemeercat834;missy;UbLuyAxV;4f11118197e29e018b65205990a5a2f5;dcc7ac66dc90f671a9fb03b9f619640d2dcf9564;3b4c18ab99bfed915ce5ee1fe0acf3d3f34935379316f8d599a7dd5cb1884c55;08/09/1964;59;2010-08-03 23:37:29;13;076 546 10 38;075 151 55 09;AVS;756.0809.1157.03;https://randomuser.me/api/portraits/men/17.jpg;https://randomuser.me/api/portraits/med/men/17.jpg;https://randomuser.me/api/portraits/thumb/men/17.jpg;CH;727;2024-05-20 14:36:37.771920
female;Mademoiselle;Rachel;Legrand;5494;Rue de la Mairie;Thal;Neuchâtel;Switzerland;9698;0.1749;-150.4588;-1:00;Azores, Cape Verde Islands;rachel.legrand@example.com;8236ef45-b880-4b34-a69b-41be6e83042b;bluecat239;jamaica;QVOzpk5U;7003389bda9af2d3c98ef0b6d080db3e;3e677e05fecdb77db2e15f0e5d31d9be78b51b8f;4689f6de67de7b2c7de97cfe6bc001eb1afc367814d1ad5d57284f2bd5488489;06/17/1962;61;2002-07-13 13:11:33;21;079 417 56 78;077 381 15 50;AVS;756.6601.3449.42;https://randomuser.me/api/portraits/women/86.jpg;https://randomuser.me/api/portraits/med/women/86.jpg;https://randomuser.me/api/portraits/thumb/women/86.jpg;CH;746;2024-05-20 14:36:37.771920
male;Monsieur;Ian;Vidal;1767;Rue du Bât-D'Argent;Waldkirch;Thurgau;Switzerland;4816;-85.8821;5.8853;+6:00;Almaty, Dhaka, Colombo;ian.vidal@example.com;8641add8-585a-42da-979d-4aa687f61b09;sadgorilla566;ninja;oR5P32e4;a281f795501f42954ad557735994f3b4;192fbb2450e9caa5368574850441d3a8a221b773;2d3b5aed5bf177a9128bf1b1b087399cbc1e9179d36eef93de221df9fcc47777;02/02/1964;60;2008-04-21 23:40:48;16;075 222 37 91;077 075 39 27;AVS;756.3302.5287.36;https://randomuser.me/api/portraits/men/54.jpg;https://randomuser.me/api/portraits/med/men/54.jpg;https://randomuser.me/api/portraits/thumb/men/54.jpg;CH;872;2024-05-20 14:36:37.771920
male;Monsieur;Frédéric;Moreau;1280;Rue Barrème;Buus;Thurgau;Switzerland;1419;-67.1566;39.0581;-6:00;Central Time (US & Canada), Mexico City;frederic.moreau@example.com;529c00e3-af69-432d-b21d-a65bc6b3f96f;blueelephant283;chrome;ECHrY2oq;f11ac2add6bde876ec554679e742a015;eeda031c39e3135a729de3eaf85dc7e0f23a7706;3fb4f1a81d45f6620a88f39d55dc6ddc6d371a58f7eb793744eb9b0512f823d0;05/14/1960;64;2004-11-29 16:17:51;19;076 041 29 41;078 840 79 36;AVS;756.5647.3980.54;https://randomuser.me/api/portraits/men/76.jpg;https://randomuser.me/api/portraits/med/men/76.jpg;https://randomuser.me/api/portraits/thumb/men/76.jpg;CH;889;2024-05-20 14:36:37.771920
