gender;name.title;name.first;name.last;location.street.number;location.street.name;location.city;location.state;location.country;location.postcode;location.coordinates.latitude;location.coordinates.longitude;location.timezone.offset;location.timezone.description;email;login.uuid;login.username;login.password;login.salt;login.md5;login.sha1;login.sha256;dob.date;dob.age;registered.date;registered.age;phone;cell;id.name;id.value;picture.large;picture.medium;picture.thumbnail;nat;global_index;current_time
female;Miss;رونیکا;کریمی;8861;جمال الدین اسدآبادی;دزفول;اصفهان;Iran;52265;-65.8777;174.1053;-3:00;Brazil, Buenos Aires, Georgetown;rwnykh.khrymy@example.com;e92d4879-52a7-498d-9015-3821711957c5;whitewolf716;jamesbond;96lyrQrV;640d79099b2ec9b42692b00a17741163;7eff29aae08f470c1bce840f1a7c771905c5c12f;9698d31d776c4298bcc8a12f622d893fb4baf2e2d5ea070de33731287d2b1cca;05/05/2001;23;2018-06-07 18:54:54;5;047-66473564;0986-713-1293;;;https://randomuser.me/api/portraits/women/26.jpg;https://randomuser.me/api/portraits/med/women/26.jpg;https://randomuser.me/api/portraits/thumb/women/26.jpg;IR;154;2024-05-20 14:36:37.769849
female;Miss;الینا;احمدی;4601;دکتر چمران;گلستان;مرکزی;Iran;61730;-44.3173;91.932;-8:00;Pacific Time (US & Canada);lyn.hmdy@example.com;fd8d77e6-5f2a-47e0-90de-12bf16597f1f;orangeduck926;jeepster;xj5Q2w5E;0c05c9b6962734ae03583ced6f4e3524;1dfc4bfa2b9aa3ac283a4bd3631440dd37a94d21;0955ac77b0dc979b25c20895f41d6721f3159ebb00ff329bb52b7bf6c8ab0231;01/24/2001;23;2021-04-26 21:38:46;3;075-42223255;0900-160-4447;;;https://randomuser.me/api/portraits/women/58.jpg;https://randomuser.me/api/portraits/med/women/58.jpg;https://randomuser.me/api/portraits/thumb/women/58.jpg;IR;430;2024-05-20 14:36:37.770886
male;mister;عرشيا;رضایی;3884;اجاره دار;شیراز;اردبیل;Iran;31760;68.1548;41.1273;+5:45;Kathmandu;aarshy.rdyy@example.com;9a2bdf2a-6df4-423e-9a28-d27f9190411f;organicostrich308;desiree;x07P5Gbk;40d62634e5931764dba9d87d673b6aab;6d582c405801834b2812991872a6d40178d90358;5b6f9f05e4c202969f96104f11a4465a93aab9a373092cdaa2e033b2638588b2;12/15/2000;23;2018-07-21 02:23:40;5;036-17107673;0966-324-4690;;;https://randomuser.me/api/portraits/men/21.jpg;https://randomuser.me/api/portraits/med/men/21.jpg;https://randomuser.me/api/portraits/thumb/men/21.jpg;IR;717;2024-05-20 14:36:37.771920
female;miss;مهرسا;کوتی;5999;برادران حسنی;سبزوار;کرمانشاه;Iran;98869;62.2876;167.4856;+5:30;Bombay, Calcutta, Madras, New Delhi;mhrs.khwty@example.com;aca23fc6-073d-4d21-9da0-e616dfeb585c;blueduck245;combat;CSckbsq3;0dfcfe09ef405d43099aaa275b44eda2;0b9bec7aea077d3fa02b2c090fc5aa4a186a5acf;5e8be908100d87b2b3380729520ecb9f865b6ef30e01555a1fd375baf87866e7;01/27/2001;23;2005-01-18 22:29:34;19;067-29588429;0926-573-5373;;;https://randomuser.me/api/portraits/women/65.jpg;https://randomuser.me/api/portraits/med/women/65.jpg;https://randomuser.me/api/portraits/thumb/women/65.jpg;IR;956;2024-05-20 14:36:37.771920
