gender;name.title;name.first;name.last;location.street.number;location.street.name;location.city;location.state;location.country;location.postcode;location.coordinates.latitude;location.coordinates.longitude;location.timezone.offset;location.timezone.description;email;login.uuid;login.username;login.password;login.salt;login.md5;login.sha1;login.sha256;dob.date;dob.age;registered.date;registered.age;phone;cell;id.name;id.value;picture.large;picture.medium;picture.thumbnail;nat;global_index;current_time
female;Miss;Zofia;Kofoed;8045;Blåskjellveien;Rophus;Bergen;Norway;0113;35.78;-120.6505;-10:00;Hawaii;zofia.kofoed@example.com;872ca2d3-09b2-4df7-a6ec-e86a0d1728de;organicdog727;bassman;m9o7IIZr;46613f7bff1e3ede58968e75513e9a62;e5e3e5e0859e3b7d7ce0c11cffc994ac452cc099;dbcab0a89224910ce8018d67488c66825f931ac0e180208f7aab6b22880ddf1f;01/03/1962;62;2005-06-20 17:48:51;18;36923192;92828691;FN;03016224803;https://randomuser.me/api/portraits/women/19.jpg;https://randomuser.me/api/portraits/med/women/19.jpg;https://randomuser.me/api/portraits/thumb/women/19.jpg;NO;41;2024-05-20 14:36:37.769849
male;mister;Benjamin;Schie;9093;Hukenveien;Farstad;Finnmark - Finnmárku;Norway;6905;-27.2008;-172.668;-9:00;Alaska;benjamin.schie@example.com;0d0f0fdd-414d-4ae2-9f09-16750272edd4;angrytiger314;1961;C7WPEOy7;e5d7b82e4ba72f8562eb3c467cea84e5;9030592a8b366691010a4dea977040036626475e;0bb10657f70e57409acc4f6e523e073933fce3c52f9b49741ef4a8c7f0ab32bd;02/13/1967;57;2017-06-07 12:32:39;6;20708597;93886496;FN;13026707395;https://randomuser.me/api/portraits/men/58.jpg;https://randomuser.me/api/portraits/med/men/58.jpg;https://randomuser.me/api/portraits/thumb/men/58.jpg;NO;619;2024-05-20 14:36:37.770886
male;mister;Vetle;Friestad;9758;Maurtuveien;Kjosen;Hedmark;Norway;0018;-18.2298;-60.0553;+6:00;Almaty, Dhaka, Colombo;vetle.friestad@example.com;301408a7-ec42-409a-8d8f-6cb5dcefacec;happyzebra623;christie;qmMjXfCd;4cbe66cd9a558caab0d8dbf9be460cb4;d0b935db7df5ea66566caebe1980d1d21f779e62;d449a7babcc4086ebda76bb7eb10f7e6202646c78c2af60129ad79163a1af090;11/04/1966;57;2008-03-28 06:32:06;16;64662840;97101790;FN;04116632301;https://randomuser.me/api/portraits/men/67.jpg;https://randomuser.me/api/portraits/med/men/67.jpg;https://randomuser.me/api/portraits/thumb/men/67.jpg;NO;792;2024-05-20 14:36:37.771920
female;Miss;Lara;Andersson;6331;Teglverksgata;Karlestrand;Buskerud;Norway;9409;2.2665;110.609;+7:00;Bangkok, Hanoi, Jakarta;lara.andersson@example.com;6bb4faa2-4019-4772-90dc-f40baac122be;goldenostrich555;nevada;DNXjn3pc;b35182d8219657928f8fc7c334e84492;880fde0de3058b1a1b2be43e6577abfcd86cc9db;9e2ad415fac1ba4653f855b7b46429d8c1392af9e494f071a6a0601e3647ee54;03/22/1960;64;2012-09-17 21:13:55;11;28954104;47048083;FN;22036009059;https://randomuser.me/api/portraits/women/83.jpg;https://randomuser.me/api/portraits/med/women/83.jpg;https://randomuser.me/api/portraits/thumb/women/83.jpg;NO;909;2024-05-20 14:36:37.771920
