gender;name.title;name.first;name.last;location.street.number;location.street.name;location.city;location.state;location.country;location.postcode;location.coordinates.latitude;location.coordinates.longitude;location.timezone.offset;location.timezone.description;email;login.uuid;login.username;login.password;login.salt;login.md5;login.sha1;login.sha256;dob.date;dob.age;registered.date;registered.age;phone;cell;id.name;id.value;picture.large;picture.medium;picture.thumbnail;nat;global_index;current_time
female;Miss;Nina;Perić;2506;Vinogradi;Vranje;Pomoravlje;Serbia;34119;-13.042;165.6646;-3:30;Newfoundland;nina.peric@example.com;2aa83566-2981-4a7e-845f-dcfdb1cae5c3;bluepeacock546;hugo;UYzTrJk9;737d627965c8baec139369d029a14911;3c6ffac061ff078a6dcdb2e6e0a42eed565a8e49;7e15a134e3bd0e8b77cffffb0bd6b2d09243bc86642dc103eed1458a5e10e02e;10/07/1975;48;2003-08-26 20:06:52;20;031-3747-879;061-7928-795;SID;748391567;https://randomuser.me/api/portraits/women/23.jpg;https://randomuser.me/api/portraits/med/women/23.jpg;https://randomuser.me/api/portraits/thumb/women/23.jpg;RS;7;2024-05-20 14:36:37.769849
male;mister;Đuro;Stevanović;5411;Bresjačka;Medveđa;Zaječar;Serbia;75400;16.4523;59.6019;+8:00;Beijing, Perth, Singapore, Hong Kong;duro.stevanovic@example.com;67bdd6b5-c607-4d68-bd7a-40fb17113cea;heavyfrog862;dragonba;f1GcgHmX;75fd1e2ce7041ab9e8356702f6af1cd0;5433ae8c466bcb109f36e6d6bee37490eb85b0b1;b32f10964f940de7764e61156a2bf352cdb85043ebadbfb9791a14b144413350;12/11/1975;48;2017-11-16 15:32:09;6;030-1525-277;064-4249-642;SID;605051030;https://randomuser.me/api/portraits/men/55.jpg;https://randomuser.me/api/portraits/med/men/55.jpg;https://randomuser.me/api/portraits/thumb/men/55.jpg;RS;37;2024-05-20 14:36:37.769849
male;mister;Miodrag;Mančić;8305;Katarine Jovanović;Dečan;Kosovo;Serbia;52049;-85.8484;-56.4072;+10:00;Eastern Australia, Guam, Vladivostok;miodrag.mancic@example.com;3f680422-bc00-4967-bbae-c2f3f007022e;yellowfish182;hansen;41l77dE3;68d9b5bfb3401cbaa2c5554988e5b185;4352a717a2e7a1245a0e763d9939c1b25035f383;ae7b831f7c9b1cd2a0e051290261f360df2effd55082ff4a8efb128997d23bf0;01/28/1972;52;2020-10-26 09:08:53;3;020-1266-665;060-9614-427;SID;890510795;https://randomuser.me/api/portraits/men/88.jpg;https://randomuser.me/api/portraits/med/men/88.jpg;https://randomuser.me/api/portraits/thumb/men/88.jpg;RS;255;2024-05-20 14:36:37.770886
male;mister;Ranko;Vidaković;3547;Cerski Venac;Kanjiža;Jablanica;Serbia;40145;7.9533;104.2645;+6:00;Almaty, Dhaka, Colombo;ranko.vidakovic@example.com;57a552c3-c3df-489f-97d5-1118c8978b62;orangewolf887;seymour;7ibEN30l;f7467c56148e7c046527d2853ea6e575;d2d70fdda83eca575c797c99796227da3c8d4065;e9258b12ab1f951ca8b9d68af330f3e4a00a0384053e86d7d1025e0b850b5184;01/29/1971;53;2019-10-08 02:18:44;4;026-5548-290;066-9670-991;SID;081945852;https://randomuser.me/api/portraits/men/72.jpg;https://randomuser.me/api/portraits/med/men/72.jpg;https://randomuser.me/api/portraits/thumb/men/72.jpg;RS;285;2024-05-20 14:36:37.770886
male;mister;Zvonimir;Zeljković;1912;Ante Lambaše;Aleksinac;Rasina;Serbia;74696;71.9805;-166.1669;-5:00;Eastern Time (US & Canada), Bogota, Lima;zvonimir.zeljkovic@example.com;7eb491c6-9079-45dd-ab45-110b8997e568;tinymouse709;saturday;m3BE0xA9;73b3d3cc1aa4bb2f316168c046d82e4a;9756c28f90b0a81b9b97846f6b84cf9598980a0f;6dc924fc547e8303788a6bb1890b8338ac7752f1a65b19277d5aadd63326788a;10/20/1971;52;2008-05-08 12:36:55;16;012-1317-904;060-8155-847;SID;387685818;https://randomuser.me/api/portraits/men/39.jpg;https://randomuser.me/api/portraits/med/men/39.jpg;https://randomuser.me/api/portraits/thumb/men/39.jpg;RS;362;2024-05-20 14:36:37.770886
female;missis;Zlata;Dinčić;1932;Krajiških Brigada;Mionica;Bor;Serbia;13039;-55.3088;156.7446;-10:00;Hawaii;zlata.dincic@example.com;425356f7-6520-4848-b0c7-fbafae9b4640;tinyostrich572;kingpin;izXq122g;fbd11f059c91b942d157423a36dc8900;91184620d13a142eabd62f6f49b10c394f7eef23;c6147179cab17fd6cdb8b4fa601073a5f340077f1edacdd2653e00242d393a53;10/06/1972;51;2018-02-13 02:58:20;6;020-3614-006;066-0279-460;SID;931022811;https://randomuser.me/api/portraits/women/67.jpg;https://randomuser.me/api/portraits/med/women/67.jpg;https://randomuser.me/api/portraits/thumb/women/67.jpg;RS;467;2024-05-20 14:36:37.770886
male;mister;Vlade;Mančić;5490;Vinogradski Venac;Mali Iđoš;Mačva;Serbia;63488;-81.1357;-164.6175;+1:00;Brussels, Copenhagen, Madrid, Paris;vlade.mancic@example.com;376f0a20-71f3-4c1a-a517-87f35ead60ad;silverbird841;base;JJHz2lT6;cb1aa1f7f7c94c605696ff3c2af93de8;fedca87a900c8b2777457f6f30981597d1d579bb;d2131907cce5c90642af41f5330eaaa3ca61a9921e632e7eececc21f135d7de0;11/15/1978;45;2010-09-15 12:36:53;13;028-8134-367;061-5742-427;SID;849788288;https://randomuser.me/api/portraits/men/87.jpg;https://randomuser.me/api/portraits/med/men/87.jpg;https://randomuser.me/api/portraits/thumb/men/87.jpg;RS;472;2024-05-20 14:36:37.770886
female;miss;Aleksa;Bjelica;4892;Bulevar Revolucije;Topola;South Bačka;Serbia;48710;-67.156;-129.5516;-5:00;Eastern Time (US & Canada), Bogota, Lima;aleksa.bjelica@example.com;3a681e62-1107-4dbf-ac18-6fd5327ed3fe;redbird513;eternity;lxR7oPoU;f3afe8a0668c7f9d88abae3590f303eb;44372391b9633f314b6d97b36d0507a2051ff12a;4c989922306ced6fd7f60cce350891fdda4811a2caf78fc1de7134460dc6c058;07/19/1970;53;2006-09-22 18:03:32;17;013-9426-136;065-1382-930;SID;353714491;https://randomuser.me/api/portraits/women/33.jpg;https://randomuser.me/api/portraits/med/women/33.jpg;https://randomuser.me/api/portraits/thumb/women/33.jpg;RS;483;2024-05-20 14:36:37.770886
female;missis;Jasna;Vrhovac;3537;Vuka Karadžića;Kovačica;Toplica;Serbia;74303;56.3592;59.5043;-7:00;Mountain Time (US & Canada);jasna.vrhovac@example.com;5d22de05-f7a2-494c-b1d2-5acb3f0f3340;bluebird663;cory;XEeHVnQ6;7d02c69814b89d094aea9f75b630034a;33e9bdd66b72fe2a32058d9153d8ddd195b984c4;87eb0fccfe20926eaee58adf8b831a91a3a410be724fe42780960a81c622e47c;11/07/1977;46;2013-11-28 13:53:42;10;015-6383-399;069-3224-207;SID;901521133;https://randomuser.me/api/portraits/women/50.jpg;https://randomuser.me/api/portraits/med/women/50.jpg;https://randomuser.me/api/portraits/thumb/women/50.jpg;RS;622;2024-05-20 14:36:37.770886
male;mister;Goran;Simonović;2970;Branislava Petrovića;Odžaci;Kosovo-Pomoravlje;Serbia;47101;-50.7226;-43.2674;+10:00;Eastern Australia, Guam, Vladivostok;goran.simonovic@example.com;0bb5ac39-14d4-4a4c-9c58-9936ef6a18d2;bigpanda912;prosper;37qpP1qZ;8c1df631b7ca4ba26c7ca4aea082f496;ca4776677116915c98b6af5c6e14e43b11d77719;b55cc34cc1f8c0dc094897943ab3be4990c01d5ef948318f3aeb6e64dad94010;02/03/1977;47;2005-04-29 22:47:52;19;013-5236-055;067-3828-188;SID;268412118;https://randomuser.me/api/portraits/men/24.jpg;https://randomuser.me/api/portraits/med/men/24.jpg;https://randomuser.me/api/portraits/thumb/men/24.jpg;RS;635;2024-05-20 14:36:37.770886
female;Miss;Draga;Lončarević;2091;Eve HalЈecke ;Ivanjica;Pirot;Serbia;77436;-85.4248;-26.3141;+9:00;Tokyo, Seoul, Osaka, Sapporo, Yakutsk;draga.loncarevic@example.com;be4327e2-95d7-4dcb-9dd3-606f98234e77;yellowelephant437;alibaba;PWivHQuo;9302dee1e2d46663293395c84a2278b1;abb3180681222577a5435c810448ec1e0f26e6cb;153ae6a0e4fd8048f76787ec991571ba81048d1aa7576498d40e79fc6396df94;02/03/1974;50;2005-05-11 19:33:14;19;035-5837-797;067-0362-359;SID;433027444;https://randomuser.me/api/portraits/women/89.jpg;https://randomuser.me/api/portraits/med/women/89.jpg;https://randomuser.me/api/portraits/thumb/women/89.jpg;RS;641;2024-05-20 14:36:37.770886
male;mister;Milomir;Radović;2783;Ace Trickovića;Odžaci;Mačva;Serbia;75385;-64.9436;117.0959;-5:00;Eastern Time (US & Canada), Bogota, Lima;milomir.radovic@example.com;9df53c01-c74b-4fb5-83b7-a92b69cd2303;greenfrog467;online;jMuUgAWX;e8e92d318acc3b5296b0653fe43b845f;7340fc5a2013db1eaf2aa3c61d4496259c1abe22;8161073ac3af0365bc9defd5786c2964a40c49d64f476d8af0e4c590984df1b3;10/19/1977;46;2017-11-07 03:27:15;6;028-8933-417;063-9674-162;SID;505331249;https://randomuser.me/api/portraits/men/62.jpg;https://randomuser.me/api/portraits/med/men/62.jpg;https://randomuser.me/api/portraits/thumb/men/62.jpg;RS;725;2024-05-20 14:36:37.771920
