gender;name.title;name.first;name.last;location.street.number;location.street.name;location.city;location.state;location.country;location.postcode;location.coordinates.latitude;location.coordinates.longitude;location.timezone.offset;location.timezone.description;email;login.uuid;login.username;login.password;login.salt;login.md5;login.sha1;login.sha256;dob.date;dob.age;registered.date;registered.age;phone;cell;id.name;id.value;picture.large;picture.medium;picture.thumbnail;nat;global_index;current_time
male;mister;Lucas;Gallego;4289;Calle de Tetuán;Almería;Comunidad de Madrid;Spain;93555;-17.0377;147.1971;+4:30;Kabul;lucas.gallego@example.com;bc24800b-1e52-4b3a-8c71-6f87b9a82533;ticklishsnake655;wrangler;du19ZIWh;c5ee5105733f769c6a40447ddc70ffae;cff3cc52b2986da85bdc1a8ff7e2e586f5575ca7;967d5e2fa98f475b295ddf3d9a3acf5faf5e58bbe23f4a40337ef8d6ae54ebe5;06/07/1961;62;2014-02-17 22:48:23;10;903-365-003;683-930-374;DNI;23826832-I;https://randomuser.me/api/portraits/men/70.jpg;https://randomuser.me/api/portraits/med/men/70.jpg;https://randomuser.me/api/portraits/thumb/men/70.jpg;ES;232;2024-05-20 14:36:37.770886
female;Miss;Verónica;Prieto;6642;Paseo de Zorrilla;Pamplona;Cataluña;Spain;19831;9.632;57.7888;+5:30;Bombay, Calcutta, Madras, New Delhi;veronica.prieto@example.com;1da5ba76-c5a8-4aa2-9f11-49bd17100508;heavyfish617;amsterdam;nzKqJXzW;460d79f7371e8cd240548708e4955639;9ae3215faf24f97bad9d494a6417b7630e523b8e;ffb900ce5521a336e21637c45f9a6fd14da4f6467b9746d999c86bf3435df66d;01/10/1961;63;2006-09-05 22:52:45;17;989-422-997;667-604-444;DNI;37440777-W;https://randomuser.me/api/portraits/women/57.jpg;https://randomuser.me/api/portraits/med/women/57.jpg;https://randomuser.me/api/portraits/thumb/women/57.jpg;ES;341;2024-05-20 14:36:37.770886
female;Miss;Jesús;Núñez;1661;Ronda de Toledo;Torrejón de Ardoz;Galicia;Spain;99676;72.3378;83.6426;+9:00;Tokyo, Seoul, Osaka, Sapporo, Yakutsk;jesus.nunez@example.com;fdd6e13f-eb15-4580-ab3c-c924972cb558;heavybird436;daddy;b5L0VbCu;a52749ee45bbfaf1da1ba6f792d4a313;bb27e351eeeddbb83e76618ba5c45385944fe20c;1bbb5cb961764ee8359d66e9526ce3fa1708f27cc0f1fe3c4d05ee3377b9fe81;02/25/1965;59;2012-07-01 23:17:44;11;952-063-561;652-822-582;DNI;58234832-V;https://randomuser.me/api/portraits/women/35.jpg;https://randomuser.me/api/portraits/med/women/35.jpg;https://randomuser.me/api/portraits/thumb/women/35.jpg;ES;418;2024-05-20 14:36:37.770886
female;Miss;Gloria;Esteban;5207;Calle del Pez;San Sebastián de Los Reyes;Comunidad Valenciana;Spain;80317;-50.4028;-156.0632;+4:30;Kabul;gloria.esteban@example.com;a79caf5e-1ea3-41ce-b8c9-c885418e8ff9;happyladybug816;beef;igSYxVTI;4dbfc05d121712e14f169a4fa2a6834b;b6b8e0bb4989dfd606a156b8967407c8cd6ab83f;7e42f6e0fe64507b88d6ef0f5e716e922823167c8c7efda696ddb3a738822baf;06/08/1968;55;2014-09-30 22:46:40;9;910-521-179;698-838-456;DNI;51426565-C;https://randomuser.me/api/portraits/women/78.jpg;https://randomuser.me/api/portraits/med/women/78.jpg;https://randomuser.me/api/portraits/thumb/women/78.jpg;ES;561;2024-05-20 14:36:37.770886
female;missis;Sonia;Fuentes;6902;Avenida del Planetario;Orihuela;Canarias;Spain;83674;24.4281;164.4405;+7:00;Bangkok, Hanoi, Jakarta;sonia.fuentes@example.com;a8c34721-79b3-48dc-ae22-22fac13a19a1;brownsnake297;catdog;wT1u16xt;4b4e0dd7087b3be32a723a1e7b6e9bea;249231e08557ddb6ef3667c4b0477b2bd3b0e5c6;29d6599b482c56c3cb54553557163236d35bf38f6b3f5c2c20e7fff46b1644d2;10/14/1963;60;2017-04-25 18:42:13;7;988-998-482;656-420-085;DNI;84579918-N;https://randomuser.me/api/portraits/women/44.jpg;https://randomuser.me/api/portraits/med/women/44.jpg;https://randomuser.me/api/portraits/thumb/women/44.jpg;ES;861;2024-05-20 14:36:37.771920
male;mister;Christian;Moreno;5521;Calle de La Almudena;Mérida;Navarra;Spain;15004;-10.5916;99.9049;+8:00;Beijing, Perth, Singapore, Hong Kong;christian.moreno@example.com;9973ec59-552b-4e7f-9b9f-892d9aae88ad;heavysnake395;brooke;yth08hqq;cbeae1d7482b9838960762b067cf7245;93989f58770655ba69d0036883bc5cdd44d75064;9332c364e2c389a11c3a1ba18b309150f639fbfe73b197033f82ef768f1c77eb;04/22/1961;63;2007-08-13 03:08:37;16;900-832-474;685-977-335;DNI;45084642-Y;https://randomuser.me/api/portraits/men/30.jpg;https://randomuser.me/api/portraits/med/men/30.jpg;https://randomuser.me/api/portraits/thumb/men/30.jpg;ES;895;2024-05-20 14:36:37.771920
female;Miss;Clara;Navarro;8887;Calle de Argumosa;Toledo;Galicia;Spain;98951;22.3389;151.7673;0:00;Western Europe Time, London, Lisbon, Casablanca;clara.navarro@example.com;df067aaf-0cb5-4214-beb9-aed5a289dba7;ticklishbutterfly517;stonecol;tmDRZnhW;2dbbb1b54722866d6dc78d08f3f96934;0466abd0c8ad7821b06d705d6a733d943abcf1da;c96bb00506816d6300f8b53245ba7f59397987ef1dc4b291133a2d1b633442bc;02/24/1962;62;2003-07-06 06:36:46;20;941-288-156;696-499-732;DNI;44196316-P;https://randomuser.me/api/portraits/women/78.jpg;https://randomuser.me/api/portraits/med/women/78.jpg;https://randomuser.me/api/portraits/thumb/women/78.jpg;ES;935;2024-05-20 14:36:37.771920
