gender;name.title;name.first;name.last;location.street.number;location.street.name;location.city;location.state;location.country;location.postcode;location.coordinates.latitude;location.coordinates.longitude;location.timezone.offset;location.timezone.description;email;login.uuid;login.username;login.password;login.salt;login.md5;login.sha1;login.sha256;dob.date;dob.age;registered.date;registered.age;phone;cell;id.name;id.value;picture.large;picture.medium;picture.thumbnail;nat;global_index;current_time
female;missis;Juliette;Andersen;7859;Cedar St;Enterprise;Yukon;Canada;L8A 3T3;6.0569;110.0244;-12:00;Eniwetok, Kwajalein;juliette.andersen@example.com;136973a1-f0e6-420f-8c86-2282d967a438;silverrabbit457;babyboy;3qzSaV49;3fd6e76ed7692e36eac60c52a8738c8c;e1cb66d26a4ad6c4dfd39b051cc8f35049eb47e3;3532fcf7e033e81c2ae09b7d0485164dcc2bcbe2e7e8c67c154ae4db4403dfe6;03/18/2000;24;2004-09-20 19:17:23;19;X99 Z05-1335;N99 T39-2541;SIN;042229609;https://randomuser.me/api/portraits/women/31.jpg;https://randomuser.me/api/portraits/med/women/31.jpg;https://randomuser.me/api/portraits/thumb/women/31.jpg;CA;87;2024-05-20 14:36:37.769849
female;missis;Isabella;Lam;1865;Grand Marais Ave;Campbellton;Manitoba;Canada;H6N 9Y4;-57.6968;-85.4195;+9:00;Tokyo, Seoul, Osaka, Sapporo, Yakutsk;isabella.lam@example.com;c94f0006-bd6d-4967-94ca-8baf8a9ca262;ticklishbutterfly596;kkkkkk;Pi64ps5q;af1616be554347e85a9e276d204d3352;c60e21e4143885314ac318444660e7631040244c;faa7e4b7d801ba1ba91d2c02999bbeea91f01414ffc73e4be920585f9e680220;03/05/2001;23;2017-01-01 04:11:02;7;R06 P99-1520;J71 X90-7727;SIN;182862599;https://randomuser.me/api/portraits/women/84.jpg;https://randomuser.me/api/portraits/med/women/84.jpg;https://randomuser.me/api/portraits/thumb/women/84.jpg;CA;129;2024-05-20 14:36:37.769849
female;miss;Alexis;Morin;1654;Queen St;Lloydminster;Newfoundland and Labrador;Canada;A4W 7Y4;-39.3657;-11.5927;-6:00;Central Time (US & Canada), Mexico City;alexis.morin@example.com;2427a4dc-cbfb-45f1-a359-3e36995e4ae6;crazydog653;mitch;fAjXJK7v;8c3d2bd3434d5c2bc28a1cc0eb753b10;062d3e6f2e3af17981f02cec0ed83005020113c1;3f5334c8805a39373c563c52794d7b3d5dcdbd81f5bd16b1f9a7e1ccaf64d8e1;02/14/2001;23;2008-11-06 04:29:17;15;V66 E32-7432;O67 B01-0648;SIN;645094111;https://randomuser.me/api/portraits/women/71.jpg;https://randomuser.me/api/portraits/med/women/71.jpg;https://randomuser.me/api/portraits/thumb/women/71.jpg;CA;254;2024-05-20 14:36:37.770886
male;mister;Mathis;Ginnish;5408;Cedar St;Stratford;Ontario;Canada;Q8U 0T9;-2.4965;-39.4215;-3:00;Brazil, Buenos Aires, Georgetown;mathis.ginnish@example.com;a9a20527-4fa9-462e-bd5e-7783eff9b874;brownladybug787;jerky;U4xFtTbo;2c2075f82e1cd706ff27e3016a58c312;c184f056b7c1ea205252344afa67da02aed3002c;21b64861a3c9b0cd29680901d2f9035a815acdf789c08df39e239a7876719e54;01/11/2000;24;2008-06-23 11:12:42;15;G24 R04-4832;H67 M34-4868;SIN;070444435;https://randomuser.me/api/portraits/men/37.jpg;https://randomuser.me/api/portraits/med/men/37.jpg;https://randomuser.me/api/portraits/thumb/men/37.jpg;CA;836;2024-05-20 14:36:37.771920
