gender;name.title;name.first;name.last;location.street.number;location.street.name;location.city;location.state;location.country;location.postcode;location.coordinates.latitude;location.coordinates.longitude;location.timezone.offset;location.timezone.description;email;login.uuid;login.username;login.password;login.salt;login.md5;login.sha1;login.sha256;dob.date;dob.age;registered.date;registered.age;phone;cell;id.name;id.value;picture.large;picture.medium;picture.thumbnail;nat;global_index;current_time
female;missis;Vesna;Dreier;848;Feldstraße;Heidenau;Brandenburg;Germany;79762;-79.1593;-5.9157;-4:00;Atlantic Time (Canada), Caracas, La Paz;vesna.dreier@example.com;3e0a2d07-e25e-4c7f-9fca-64619bcaa75d;greenbird927;hellos;wfQzMT0i;9f65dd4a4e41255ed14c830c86bea2cb;7f0d9373d81f2295612246ef31b671f40fb0f081;d006899ad502d5fbb93119db8a1db7bf7ea1c453f7994e7a18b357543a5dd2c6;11/05/1983;40;2005-03-10 07:16:16;19;0722-0650360;0176-3696938;SVNR;40 051183 D 939;https://randomuser.me/api/portraits/women/75.jpg;https://randomuser.me/api/portraits/med/women/75.jpg;https://randomuser.me/api/portraits/thumb/women/75.jpg;DE;6;2024-05-20 14:36:37.769849
female;Miss;Margareta;Görner;294;Gartenweg;Beeskow;Sachsen-Anhalt;Germany;13140;87.5489;-112.6056;+6:00;Almaty, Dhaka, Colombo;margareta.gorner@example.com;382a0a63-f35f-483c-ba03-f807a7813c66;heavyfrog499;jackjack;79Rd9apE;ff3683f3a9cb93a5d865a12666435113;8fb1d8df5e2750af4c42eea248f138cdacbad601;4294233e5bfa807c2f3728a793e68519f29250ecbffa78a3107e2d3acaa2c631;08/05/1984;39;2011-07-13 08:58:11;12;0499-5542049;0173-4417753;SVNR;59 050884 G 699;https://randomuser.me/api/portraits/women/82.jpg;https://randomuser.me/api/portraits/med/women/82.jpg;https://randomuser.me/api/portraits/thumb/women/82.jpg;DE;89;2024-05-20 14:36:37.769849
female;Miss;Viola;Heinrich;639;Ringstraße;Neustadt am Rübenberge;Bremen;Germany;90162;-19.7317;-123.9697;+7:00;Bangkok, Hanoi, Jakarta;viola.heinrich@example.com;22a95a32-d16e-4693-b0b1-d8582d3c31bf;happypanda413;reflex;mexoCm4k;f1a25b5b6bb6686552f4072da2a63ccf;3f617b136fd55fe5decb14d3ea611404683e5af8;ed95cf9a7d04ea5785031371a41873b5c45ec3711db77068aeac6a58e8e8f49c;05/02/1981;43;2019-04-14 05:42:08;5;0011-0339589;0178-1925852;SVNR;16 020581 H 518;https://randomuser.me/api/portraits/women/4.jpg;https://randomuser.me/api/portraits/med/women/4.jpg;https://randomuser.me/api/portraits/thumb/women/4.jpg;DE;317;2024-05-20 14:36:37.770886
male;mister;Robby;Hofmann;2137;Im Winkel;Felsberg;Rheinland-Pfalz;Germany;58805;-18.9804;99.8145;-3:00;Brazil, Buenos Aires, Georgetown;robby.hofmann@example.com;dba94ab7-a70e-4a36-874e-b8676455da60;bigtiger426;sonia;KMs2JNud;67354737f9f300382d107d990fb4f4cc;1c871ebc8087f52a0ee26b72a0b0e20cbe6a8dc7;634a3d8b20287bbfd57f1d7e2e60adb0be318c2127cc3d40307175251b058733;02/26/1980;44;2012-08-24 10:57:10;11;0336-8616080;0171-1993238;SVNR;16 260280 H 045;https://randomuser.me/api/portraits/men/29.jpg;https://randomuser.me/api/portraits/med/men/29.jpg;https://randomuser.me/api/portraits/thumb/men/29.jpg;DE;464;2024-05-20 14:36:37.770886
male;mister;Louis;Jürgens;7255;Römerstraße;Werdohl;Bayern;Germany;26998;17.2032;-41.3657;-12:00;Eniwetok, Kwajalein;louis.jurgens@example.com;83cb4623-08ca-4019-8cd4-93e017e97c1b;purpleostrich275;conan;VftwIzXF;651bc51b4e3ed40569f98c900713754f;b2f0855bddaaa37e384408ee67280587089a8fa6;1f423d4e897832dadf4f440ddc2c2faf2d44ef33b7bed464278cf77b3cb45a43;04/06/1980;44;2018-06-15 19:38:15;5;0363-4177749;0178-7735330;SVNR;80 060480 J 364;https://randomuser.me/api/portraits/men/67.jpg;https://randomuser.me/api/portraits/med/men/67.jpg;https://randomuser.me/api/portraits/thumb/men/67.jpg;DE;487;2024-05-20 14:36:37.770886
male;mister;Gerhart;Steinmetz;8081;Mühlenweg;Riedlingen;Schleswig-Holstein;Germany;28399;65.7821;-75.6371;+3:00;Baghdad, Riyadh, Moscow, St. Petersburg;gerhart.steinmetz@example.com;aef721ff-1e01-42a3-867c-b6e2586fe281;happypeacock958;polish;F23vNNOa;4471bcd4bd8e36fb9e7a4f263c554750;3d7fbaaedf04c31044be975e9e4341b5d582da31;b09deddd19137f6af3ef5d3a6458d1e1267068362d53c7dd13b7c7a0f8da6634;12/14/1987;36;2009-07-04 21:28:43;14;0413-5047826;0176-3945726;SVNR;43 141287 S 083;https://randomuser.me/api/portraits/men/70.jpg;https://randomuser.me/api/portraits/med/men/70.jpg;https://randomuser.me/api/portraits/thumb/men/70.jpg;DE;503;2024-05-20 14:36:37.770886
male;mister;Heinz-Willi;Schmidt;6727;Poststraße;Bad Hönningen;Rheinland-Pfalz;Germany;13842;0.6517;-2.527;+3:00;Baghdad, Riyadh, Moscow, St. Petersburg;heinz-willi.schmidt@example.com;311d71ed-bc69-4ac0-92d1-f89621212a5c;purpletiger316;getsome;dwBrWmp2;c65aa91c074bf212382d4a9da05fd610;792360ff0912af9dd2a769e3b83b7973ebb6c4c7;76476ab1f5b0b6634107b9843272970202393ad6e2bc58b86112fd471b352a23;07/15/1986;37;2006-12-08 14:30:20;17;0764-5388212;0178-7930605;SVNR;63 150786 S 175;https://randomuser.me/api/portraits/men/14.jpg;https://randomuser.me/api/portraits/med/men/14.jpg;https://randomuser.me/api/portraits/thumb/men/14.jpg;DE;799;2024-05-20 14:36:37.771920
female;Miss;Waltraud;Pieper;3896;Drosselweg;Dornburg-Camburg;Rheinland-Pfalz;Germany;94013;-23.6321;95.371;-6:00;Central Time (US & Canada), Mexico City;waltraud.pieper@example.com;ae557395-01bf-41a3-9b8d-50ec748dedb6;ticklishladybug296;pakistan;m3Hp1fzh;830cd5f20a9cb2ce14b4ed2f1bf6fc3e;465a47cf6d43e1e62a73d0c2cb3e51032827b3f2;7043ccd9e6ac6969794976f8874701c4a1a64c152039b168f8f9f8340b0db1e6;07/26/1986;37;2017-12-25 21:17:50;6;0579-5921168;0174-6485408;SVNR;08 260786 P 760;https://randomuser.me/api/portraits/women/42.jpg;https://randomuser.me/api/portraits/med/women/42.jpg;https://randomuser.me/api/portraits/thumb/women/42.jpg;DE;892;2024-05-20 14:36:37.771920
male;mister;Harm;Greulich;2179;Mittelstraße;Rosenfeld;Sachsen;Germany;13064;-47.4194;117.3669;+1:00;Brussels, Copenhagen, Madrid, Paris;harm.greulich@example.com;db07c74c-ba2c-46a2-897b-6a5b8c338316;purplebear283;lawyer;TRKEMMRb;b89f4b24c2b085a821a81acce6d1147b;5b590e41dd138a3b99881ed9c51c0b1001c6527f;74334ac5352fe368ba2148877d0bcac6bef06ae8492d6379bcabac7386c0dee3;02/25/1981;43;2020-08-11 02:45:52;3;0428-0185133;0177-8910810;SVNR;40 250281 G 070;https://randomuser.me/api/portraits/men/49.jpg;https://randomuser.me/api/portraits/med/men/49.jpg;https://randomuser.me/api/portraits/thumb/men/49.jpg;DE;920;2024-05-20 14:36:37.771920
male;mister;Torben;Keller;5341;Kirchgasse;Rostock;Schleswig-Holstein;Germany;79344;40.6352;-81.3944;-1:00;Azores, Cape Verde Islands;torben.keller@example.com;5b042a72-8ce1-4cff-a435-cbac88b67127;tinyfish781;swordfis;YtMxcSLQ;aaad7b83d7e336f20c6e6da4e3306481;cc47bf5880ae273cd1a4c73fa329899149c915ef;b0f97fa80892cf75568ffe29557ee520088fa9478c495fc2b5c1b7b252fa5bbd;06/20/1984;39;2010-03-18 00:57:41;14;0701-7937119;0172-2367307;SVNR;08 200684 K 420;https://randomuser.me/api/portraits/men/43.jpg;https://randomuser.me/api/portraits/med/men/43.jpg;https://randomuser.me/api/portraits/thumb/men/43.jpg;DE;951;2024-05-20 14:36:37.771920
male;mister;Kasimir;Redlich;9085;Bachstraße;Ostholstein;Hessen;Germany;28005;51.078;144.3448;+7:00;Bangkok, Hanoi, Jakarta;kasimir.redlich@example.com;7efd8c26-c865-42a4-8aee-2d0076ada8bd;blacktiger505;stevie;KTEVwfDT;306031d61c8b9a2105fb970e02ad9b3e;f2ce2a01d341d61e6aad2ca8fb53c25d4d732713;93ad96314794247092626b763da6b483e15d565876cbc484faed7dfdf6a3dd53;04/23/1983;41;2020-11-05 16:17:12;3;0261-4002486;0176-9612518;SVNR;73 230483 R 048;https://randomuser.me/api/portraits/men/18.jpg;https://randomuser.me/api/portraits/med/men/18.jpg;https://randomuser.me/api/portraits/thumb/men/18.jpg;DE;998;2024-05-20 14:36:37.771920
