gender;name.title;name.first;name.last;location.street.number;location.street.name;location.city;location.state;location.country;location.postcode;location.coordinates.latitude;location.coordinates.longitude;location.timezone.offset;location.timezone.description;email;login.uuid;login.username;login.password;login.salt;login.md5;login.sha1;login.sha256;dob.date;dob.age;registered.date;registered.age;phone;cell;id.name;id.value;picture.large;picture.medium;picture.thumbnail;nat;global_index;current_time
male;mister;Ronald;Wood;5946;York Road;Ballybofey-Stranorlar;Leitrim;Ireland;71637;-60.9147;35.1993;+7:00;Bangkok, Hanoi, Jakarta;ronald.wood@example.com;b469b05f-f3d6-4783-b875-9f6c4c24365c;greenelephant535;dean;UmDTLeNp;9c0622c97dc4f57b8ff65b131ce7432e;b6faab9ca526f5547af145bbfd06928402e9cfcd;826e2b33f79dc2c833964fe766966634b63aa85324a98eee030ca749e5b053e2;02/15/1968;56;2007-04-10 04:05:41;17;051-197-4773;081-978-0379;PPS;1400226T;https://randomuser.me/api/portraits/men/95.jpg;https://randomuser.me/api/portraits/med/men/95.jpg;https://randomuser.me/api/portraits/thumb/men/95.jpg;IE;124;2024-05-20 14:36:37.769849
female;Miss;Sam;Gordon;8036;Springfield Road;Letterkenny;Louth;Ireland;21232;-22.3792;8.0684;-12:00;Eniwetok, Kwajalein;sam.gordon@example.com;98325fc8-607d-41df-9841-85e0944ea842;greenpanda444;bang;RQBHhX80;8019d7c61e7ca4cb114e1b238d7eedf8;81d782210440e2161c243ed78475a8386f3d3a19;9ce07b2654bed32696d0dba2ca0f252e8d83bb4972afa1028f6547c4ffd83c63;12/08/1960;63;2005-07-09 15:04:34;18;041-445-6030;081-600-1891;PPS;3265097T;https://randomuser.me/api/portraits/women/61.jpg;https://randomuser.me/api/portraits/med/women/61.jpg;https://randomuser.me/api/portraits/thumb/women/61.jpg;IE;225;2024-05-20 14:36:37.770886
female;miss;Julie;Stone;7422;Green Lane;Naas;Cork;Ireland;39498;-81.5399;145.4269;+9:00;Tokyo, Seoul, Osaka, Sapporo, Yakutsk;julie.stone@example.com;a16bff7e-52df-4d11-af7c-ba767b3da3fd;greenleopard979;blessing;U8TVXAav;ec91929d8d8c3d21eb9f6043c9f4e722;1c888929f374d3777c340b9850c6856309b5e3e3;24a6fd4c987528e080bb55f5e5d879dbf638e26fabc99ac2d19d548a7320b64d;08/07/1964;59;2018-06-21 11:41:32;5;031-549-6948;081-919-2516;PPS;1545752T;https://randomuser.me/api/portraits/women/74.jpg;https://randomuser.me/api/portraits/med/women/74.jpg;https://randomuser.me/api/portraits/thumb/women/74.jpg;IE;355;2024-05-20 14:36:37.770886
female;miss;Lily;Allen;334;The Green;Athlone;Galway City;Ireland;26062;79.9549;42.1469;+6:00;Almaty, Dhaka, Colombo;lily.allen@example.com;6938b40a-c469-4cc9-9b40-af65f36ec2b1;tinyfrog104;passport;1RW3G2i8;7e98fca75e197c69dbcaf877f3d58eab;76c676a0d7682b7bccb479e02259f92528ee0f01;03bb3d04b61a5826c8a0a59d9fcf854bc7730d38f74bc5b79aae058e4ac9ef85;12/28/1961;62;2019-08-24 20:26:46;4;051-452-4769;081-705-1175;PPS;1503722T;https://randomuser.me/api/portraits/women/40.jpg;https://randomuser.me/api/portraits/med/women/40.jpg;https://randomuser.me/api/portraits/thumb/women/40.jpg;IE;547;2024-05-20 14:36:37.770886
male;mister;Miguel;Lucas;5787;Mill Road;Athenry;Donegal;Ireland;35491;-37.3341;-68.4522;-4:00;Atlantic Time (Canada), Caracas, La Paz;miguel.lucas@example.com;14fe41cc-32e2-4e77-ad73-0970c9da57d1;yellowbutterfly140;rocky;cDZG7KXQ;823bf32a0a81c108991db7f83f298a9b;f3888fc000ad62769fce3fa2276d9c05218ee98c;a94de1fbf18085f33c50cf6a9b500bce8fcc6acbb90ff7b464a10c26343e1738;10/13/1960;63;2020-05-23 20:47:55;3;021-231-3270;081-388-4895;PPS;9177114T;https://randomuser.me/api/portraits/men/96.jpg;https://randomuser.me/api/portraits/med/men/96.jpg;https://randomuser.me/api/portraits/thumb/men/96.jpg;IE;578;2024-05-20 14:36:37.770886
female;missis;Maria;Robertson;7984;Victoria Road;Letterkenny;Donegal;Ireland;45976;54.4113;-23.8164;-7:00;Mountain Time (US & Canada);maria.robertson@example.com;c2ec6a44-f3f8-4358-8fb7-54982e8ef398;organicleopard389;gspot;6ZKfkVPv;1c7c8a4437c4b0113c1613de2885ee8f;ac4b842f75498123237b41c5985cb088e41ac000;74f9fb9a3ad8e625a6f92d0d00d45147861e625ed21f52f70a7567da9b869ead;10/13/1966;57;2022-04-17 23:45:04;2;011-675-0032;081-886-0205;PPS;9228064T;https://randomuser.me/api/portraits/women/26.jpg;https://randomuser.me/api/portraits/med/women/26.jpg;https://randomuser.me/api/portraits/thumb/women/26.jpg;IE;597;2024-05-20 14:36:37.770886
male;mister;Clarence;Adams;2684;Church Street;Limerick;Offaly;Ireland;48292;76.6943;66.7498;+8:00;Beijing, Perth, Singapore, Hong Kong;clarence.adams@example.com;da4ae794-27e8-4bdd-b4ff-0ff5157901a7;angryleopard721;hotbox;W6ZMCcId;a1fa94a221d9967cd54f86b4c8b831ee;4169b24c1b25b16941f470de29a9f1abcc791cf9;0d7439cd395754cf4c73a10d1747d8535051e5f62cba196879432288ba995dfc;02/10/1961;63;2014-12-12 14:14:43;9;031-195-8168;081-214-9822;PPS;9943539T;https://randomuser.me/api/portraits/men/16.jpg;https://randomuser.me/api/portraits/med/men/16.jpg;https://randomuser.me/api/portraits/thumb/men/16.jpg;IE;629;2024-05-20 14:36:37.770886
male;mister;Bryan;Adams;4170;North Road;Malahide;Monaghan;Ireland;93423;61.896;-25.9077;+5:00;Ekaterinburg, Islamabad, Karachi, Tashkent;bryan.adams@example.com;22a742e9-2974-4bb9-b46e-82c379bf1ee7;brownlion426;toilet;EFMRV9CA;643adea5fe7928e661d8c641ced5fd60;acede4eed36969cc366342a525bba340631d708b;b9f347e2942618b19ac791ddbb6515c46ec4008dde83487e610f963d505c114c;04/06/1965;59;2015-09-26 06:19:29;8;041-090-0890;081-515-1435;PPS;2517265T;https://randomuser.me/api/portraits/men/39.jpg;https://randomuser.me/api/portraits/med/men/39.jpg;https://randomuser.me/api/portraits/thumb/men/39.jpg;IE;713;2024-05-20 14:36:37.771920
