gender;name.title;name.first;name.last;location.street.number;location.street.name;location.city;location.state;location.country;location.postcode;location.coordinates.latitude;location.coordinates.longitude;location.timezone.offset;location.timezone.description;email;login.uuid;login.username;login.password;login.salt;login.md5;login.sha1;login.sha256;dob.date;dob.age;registered.date;registered.age;phone;cell;id.name;id.value;picture.large;picture.medium;picture.thumbnail;nat;global_index;current_time
female;Miss;Sevgi;Van Bodegom;4895;Doezumerwei;Oude Willem;Noord-Holland;Netherlands;5003 OD;-23.0594;-16.1274;+6:00;Almaty, Dhaka, Colombo;sevgi.vanbodegom@example.com;8d5d5f08-0884-4076-9f1f-93a6876ed23a;sadfish914;1952;WgGB7Nuc;1c981aa945ab6ab3754d7c0cdc3437e1;64a29b40e9098f1ba1cad3612b686a1567328cfb;ceea03e366fc14cb99b187379df37f81c27d9461d51ed0080d4ec25722ea6806;08/24/1999;24;2020-08-17 02:02:03;3;(059) 2212030;(06) 32080517;BSN;35277131;https://randomuser.me/api/portraits/women/73.jpg;https://randomuser.me/api/portraits/med/women/73.jpg;https://randomuser.me/api/portraits/thumb/women/73.jpg;NL;35;2024-05-20 14:36:37.769849
male;mister;Matteo;Medema;5798;Galmgat;Noordijk;Zeeland;Netherlands;0872 TJ;-28.3669;5.8563;+5:00;Ekaterinburg, Islamabad, Karachi, Tashkent;matteo.medema@example.com;827f0a20-2d58-4f73-a701-041f7d36da5f;organicfish770;sabbath;xKrxwghd;be28473ac36569dc607aa427fe46b7b5;7b05e5bf11e0dd4f74fd9e60f2c355266670f3e3;3ba3f298335897b42eb23a3dc95ca91ac7ddf01cf47b465a2530c567bb6e8feb;02/26/1992;32;2014-10-17 05:52:14;9;(0829) 646695;(06) 89398941;BSN;29286198;https://randomuser.me/api/portraits/men/68.jpg;https://randomuser.me/api/portraits/med/men/68.jpg;https://randomuser.me/api/portraits/thumb/men/68.jpg;NL;53;2024-05-20 14:36:37.769849
female;missis;Laureen;Bonnes;6990;James Cookweg;Lamswaarde;Limburg;Netherlands;1394 IN;-73.684;29.2495;+2:00;Kaliningrad, South Africa;laureen.bonnes@example.com;6cefde5d-e247-466c-8412-df1d4f98e8e9;lazylion264;topgun;Jyr7GDv1;a9f1f367855ebc4fccccf515392e188b;42a264733640a11cdf997b3890bef711f9d6f669;9adc47fb08e97691ba44b77ecb02d8f5c942fc488f7d36896b3208772b42f614;03/26/1995;29;2005-11-10 02:41:42;18;(062) 9497821;(06) 05804834;BSN;06674628;https://randomuser.me/api/portraits/women/20.jpg;https://randomuser.me/api/portraits/med/women/20.jpg;https://randomuser.me/api/portraits/thumb/women/20.jpg;NL;190;2024-05-20 14:36:37.770886
male;mister;Jamai;Stellingwerf;6764;Herver;Harderwijk;Zuid-Holland;Netherlands;3240 IH;-80.1083;-139.5506;+5:45;Kathmandu;jamai.stellingwerf@example.com;09b91922-2401-4d67-8b43-75309ea1a1fc;blueostrich636;trumpet;GK8SHgQJ;ac3a3ed6479a0a9e4c5c35eeaf43d35e;4d6aef98fab39ebd571191c5339a92477ae96572;e1a441f02c55e53907852db6471454e07d9b553f320d45f0020061fa8bfb2259;11/18/1995;28;2017-07-20 07:51:04;6;(0792) 145756;(06) 77813923;BSN;15383730;https://randomuser.me/api/portraits/men/88.jpg;https://randomuser.me/api/portraits/med/men/88.jpg;https://randomuser.me/api/portraits/thumb/men/88.jpg;NL;194;2024-05-20 14:36:37.770886
female;miss;Ecem;Starke;7029;Boezemkade;Aerdt;Noord-Brabant;Netherlands;5721 ZX;28.0095;-148.5392;+2:00;Kaliningrad, South Africa;ecem.starke@example.com;036d7c57-69fe-4073-93f7-a7eabb467183;goldenmouse230;lara;zrhM13Fv;744a43efbe13f2cdd426c78a66db809c;c89bf5dbb3e01f7ccd9368841004b29b31806e1a;d5c45b32ba4fe5faac1ebe9dbfa337ab27430e2e706be0a62faa54f6bad80772;01/02/1992;32;2015-09-01 06:11:44;8;(0930) 706285;(06) 92492516;BSN;92523612;https://randomuser.me/api/portraits/women/6.jpg;https://randomuser.me/api/portraits/med/women/6.jpg;https://randomuser.me/api/portraits/thumb/women/6.jpg;NL;450;2024-05-20 14:36:37.770886
male;mister;Servaas;Van der Wekken;3681;Boschkampsstraat;Buurmalsen;Groningen;Netherlands;0379 TG;14.5292;172.872;-1:00;Azores, Cape Verde Islands;servaas.vanderwekken@example.com;92151b6f-c760-4aa1-92fa-4ee3f4d9ffe7;beautifulladybug923;waterloo;pQ1BpV58;f0911a4d2c978f5934c4b468f0a0ccfd;2386e3edf1c7df62def6ac0802e72de4ae3724d1;8ffe6b8918a0c1faf4e301e696f82cadb85c2ff09d43cfcbcd8e145303e51e54;03/18/1991;33;2015-06-24 17:35:00;8;(068) 5740708;(06) 31543854;BSN;70429466;https://randomuser.me/api/portraits/men/46.jpg;https://randomuser.me/api/portraits/med/men/46.jpg;https://randomuser.me/api/portraits/thumb/men/46.jpg;NL;552;2024-05-20 14:36:37.770886
female;miss;Reem;Mager;3386;Dokter Kijlstrawei;Nieuwebrug;Friesland;Netherlands;8970 ZK;-79.3784;174.4696;-6:00;Central Time (US & Canada), Mexico City;reem.mager@example.com;e3b96732-a00b-4e7b-98c6-36d2f4aad26f;beautifulgorilla367;november;uyHbUsZ9;3a9b9a133d7f0c9c84d83c9e32d7df47;e227b59e240f9de2ada14520bfc3b7a2eae3c495;bdb689b21375bdce3b8939a0e55df3a98fab4501b86ecf81dacae3279cc89a1c;05/25/1998;25;2016-06-18 09:18:29;7;(043) 6813001;(06) 75130772;BSN;34659902;https://randomuser.me/api/portraits/women/31.jpg;https://randomuser.me/api/portraits/med/women/31.jpg;https://randomuser.me/api/portraits/thumb/women/31.jpg;NL;587;2024-05-20 14:36:37.770886
female;missis;Jaimy;Bart;4049;Claas Persoonsstraat;Erlecom;Zeeland;Netherlands;2789 WW;-12.3629;-107.4761;-7:00;Mountain Time (US & Canada);jaimy.bart@example.com;db54919a-ef81-4156-9553-d9564f76e6d3;angrylion401;rhonda;PjyuHHhY;114d1c7948660e031a1e8da24ac1eb91;f7a40c13627ddfc618768f61f488be2b62025c56;9158b426ed90a1f2372a292ba7eabe9fda52f167418ea17c6aa299b01d8750ff;12/15/1999;24;2021-12-21 21:47:11;2;(033) 3696070;(06) 03807105;BSN;53882773;https://randomuser.me/api/portraits/women/74.jpg;https://randomuser.me/api/portraits/med/women/74.jpg;https://randomuser.me/api/portraits/thumb/women/74.jpg;NL;643;2024-05-20 14:36:37.770886
female;missis;Wietske;Meuleman;874;Bogerd;Amby;Noord-Holland;Netherlands;0974 HD;27.5599;-138.9603;-3:00;Brazil, Buenos Aires, Georgetown;wietske.meuleman@example.com;5b683384-4ff2-4d1a-952f-45bd2a04e45e;silverrabbit585;username;d7fyPeC5;0116daf5f88b6457a62f5330f4bd8391;e8b5cb70602aed34e01238b64a4baf377498977b;2af43d52bf238c203705250c0f90a44438107f4a9084317586cc096329b79f95;12/31/1992;31;2002-04-10 07:25:17;22;(0372) 773856;(06) 57246588;BSN;32603382;https://randomuser.me/api/portraits/women/43.jpg;https://randomuser.me/api/portraits/med/women/43.jpg;https://randomuser.me/api/portraits/thumb/women/43.jpg;NL;773;2024-05-20 14:36:37.771920
female;miss;Soleil;Lubach;3245;De Zevenster;Ell;Utrecht;Netherlands;7180 BN;87.4302;-36.305;+8:00;Beijing, Perth, Singapore, Hong Kong;soleil.lubach@example.com;103e8655-c232-4780-ab0e-86510a8ff7cc;heavykoala482;spider;Mt4AUST3;c65945bfe6ab35dc67287027c1ad2861;5d0e49651f30231689d090ad2cd0bfedbb6b0900;73280c54938166835e2706b88f45cde7983d42749165f816b05ebd149515bf21;07/26/1998;25;2005-05-20 17:00:37;18;(0866) 061770;(06) 73962331;BSN;49221411;https://randomuser.me/api/portraits/women/17.jpg;https://randomuser.me/api/portraits/med/women/17.jpg;https://randomuser.me/api/portraits/thumb/women/17.jpg;NL;902;2024-05-20 14:36:37.771920
male;mister;Djim;Leegstra;9475;Burgemeester Jonkersstraat;Koarnjum;Flevoland;Netherlands;9837 KP;-79.8081;20.8472;+9:00;Tokyo, Seoul, Osaka, Sapporo, Yakutsk;djim.leegstra@example.com;c1e16552-9ebe-4744-9759-0547ff77a196;greenpanda449;nomore;Cn3KIDMm;6e13e2e4571f9ca43a9146e34a3fb621;bc0d81019e00a77e7ff2554889d74cce54b77153;b0ccbdbc4093978527ca241e9877dcefdb377c343e6881cfbaae31b220cd9bbe;05/23/1993;30;2013-06-13 08:08:00;10;(0125) 660181;(06) 63228433;BSN;61482443;https://randomuser.me/api/portraits/men/18.jpg;https://randomuser.me/api/portraits/med/men/18.jpg;https://randomuser.me/api/portraits/thumb/men/18.jpg;NL;947;2024-05-20 14:36:37.771920
