gender;name.title;name.first;name.last;location.street.number;location.street.name;location.city;location.state;location.country;location.postcode;location.coordinates.latitude;location.coordinates.longitude;location.timezone.offset;location.timezone.description;email;login.uuid;login.username;login.password;login.salt;login.md5;login.sha1;login.sha256;dob.date;dob.age;registered.date;registered.age;phone;cell;id.name;id.value;picture.large;picture.medium;picture.thumbnail;nat;global_index;current_time
male;mister;Chernin;Burinskiy;8260;Vodoprovidna;Lozova;Hmelnicka;Ukraine;43711;5.7671;-112.4636;-3:00;Brazil, Buenos Aires, Georgetown;chernin.burinskiy@example.com;d9e711e8-cb4f-4e1c-a82c-4ff641ca92c3;heavymeercat613;idontkno;96Hq8U3N;d95dd738712890efaa88e5fc482c2b8c;cb548682b1c623a8ffcf58fb1808b627ae319d26;3051b563fd75416ed44b4524db3586bcdc65662a0c523529ce0910f75db47557;05/07/1970;54;2008-07-02 10:05:19;15;(098) L24-0753;(099) O91-8777;;;https://randomuser.me/api/portraits/men/90.jpg;https://randomuser.me/api/portraits/med/men/90.jpg;https://randomuser.me/api/portraits/thumb/men/90.jpg;UA;8;2024-05-20 14:36:37.769849
male;mister;Rodion;Sorokoliet;8521;Chornomorskogo kozactva;Pochayiv;Vinnicka;Ukraine;84880;4.8756;117.358;+4:00;Abu Dhabi, Muscat, Baku, Tbilisi;rodion.sorokoliet@example.com;d1804a0b-ed5b-4ee4-9bf6-e7f69d143ba4;silvertiger586;trigger;23UIPWG1;278f932833171f75cbf665e6209b51d8;43cb77e94cabc774985257572a1a7d3b92389a99;953b2f8e4b62f8d660d8fc1c63bd611f7dc232ce530b842c254a4a26dcddf862;03/04/1972;52;2008-12-31 14:08:28;15;(097) M64-1628;(096) M84-8876;;;https://randomuser.me/api/portraits/men/4.jpg;https://randomuser.me/api/portraits/med/men/4.jpg;https://randomuser.me/api/portraits/thumb/men/4.jpg;UA;171;2024-05-20 14:36:37.769849
female;miss;Zhozefina;Filenko;6968;Ohtirska;Kostopil;Ternopilska;Ukraine;94237;-17.9275;102.3452;+2:00;Kaliningrad, South Africa;zhozefina.filenko@example.com;4be05c6f-d03d-4266-9718-d8156966a2c9;happyleopard768;tina;NKalCBs8;399e6c5037d252568ef804874c8c9cbd;237ff6fbef9063aed8d51869478ed5b4f5277841;78791285ae643a943f97224d5b70e8e6163299405f6b031ea9eab71fe01f5f81;12/17/1978;45;2015-01-11 13:36:17;9;(097) Z32-5400;(098) X58-6290;;;https://randomuser.me/api/portraits/women/94.jpg;https://randomuser.me/api/portraits/med/women/94.jpg;https://randomuser.me/api/portraits/thumb/women/94.jpg;UA;215;2024-05-20 14:36:37.770886
female;Miss;Yustina;Rudnicka;1686;Polzunova;Uzin;Ternopilska;Ukraine;51847;75.3225;-93.2457;+5:30;Bombay, Calcutta, Madras, New Delhi;yustina.rudnicka@example.com;0e4e6f85-e1b3-41b4-88de-7c386f59bee0;ticklishmouse715;saint;dBqlQPMT;ab007a87855230a4135f6ff699374879;3d32a1dc928f072add432b01ff4d4731552f974a;a3b4c2f56bccaca68e56dcbae565498744ccef33344d6304fefcaf2efe98b2f6;03/08/1974;50;2002-06-07 18:19:28;21;(096) N25-7663;(098) H96-3719;;;https://randomuser.me/api/portraits/women/90.jpg;https://randomuser.me/api/portraits/med/women/90.jpg;https://randomuser.me/api/portraits/thumb/women/90.jpg;UA;338;2024-05-20 14:36:37.770886
female;miss;Zoya;Samoylenko;1990;Zvirinecka;Dolina;Avtonomna Respublika Krim;Ukraine;27400;-56.624;14.8891;-3:30;Newfoundland;zoya.samoylenko@example.com;912d8cea-dfdd-49e6-b6db-31768caa97f7;smallladybug990;bitter;UDKBWuvQ;0f7c09a23843bb6fa0829b269216e5f8;1b266e4871f8ebcbcb3a6585f163eec2ffeff6dd;f3fa30a040ba303873caf41243f35c50f41b392ed1ed00fc795b2ae96f97af23;04/06/1975;49;2021-01-13 05:30:52;3;(099) M91-5251;(097) U26-4685;;;https://randomuser.me/api/portraits/women/75.jpg;https://randomuser.me/api/portraits/med/women/75.jpg;https://randomuser.me/api/portraits/thumb/women/75.jpg;UA;556;2024-05-20 14:36:37.770886
female;missis;Ella;Maciievskiy;7427;Divocha;Ovruch;Zhitomirska;Ukraine;16446;58.1197;-161.3004;+3:30;Tehran;ella.maciievskiy@example.com;55548f79-24de-48b0-8f00-32c53b226609;tinyzebra767;packer;aZlE3oME;90f0bd17c61f740f259871d91adf5f8b;e26961e6e470e58d65c4af332136b5a7cf4b3b66;4e03819f9bfa199c8dbb50dabd02f4ed361e3c3bcbb4fdf7394e38ead3e794c6;08/02/1976;47;2006-02-18 16:54:45;18;(068) G81-6610;(067) V16-4774;;;https://randomuser.me/api/portraits/women/70.jpg;https://randomuser.me/api/portraits/med/women/70.jpg;https://randomuser.me/api/portraits/thumb/women/70.jpg;UA;627;2024-05-20 14:36:37.770886
female;miss;Nayda;Kobrinskiy;4831;Lebedinska;Bogoduhiv;Hmelnicka;Ukraine;30762;1.5706;165.1885;0:00;Western Europe Time, London, Lisbon, Casablanca;nayda.kobrinskiy@example.com;da429041-9033-455f-9fea-7c00b472c430;bluepeacock250;fishing1;2ptzhiUE;2529a5ef9ef97e3ae849a8b3913f53cb;08100f0a85e8c4ea6c5a70d6e3097a1400f8f40e;527646c39ce59a3f83b05a61990c6826c848461737e8f679bda8133f1efc83b3;08/24/1973;50;2013-08-09 13:01:17;10;(067) O58-0308;(099) Y32-9930;;;https://randomuser.me/api/portraits/women/77.jpg;https://randomuser.me/api/portraits/med/women/77.jpg;https://randomuser.me/api/portraits/thumb/women/77.jpg;UA;699;2024-05-20 14:36:37.771920
male;mister;Budislav;Aleksiievec;7910;Kulikove pole;Miusinsk;Ternopilska;Ukraine;73554;45.3635;-47.7573;-7:00;Mountain Time (US & Canada);budislav.aleksiievec@example.com;d5d69a9f-e69c-431b-a413-3ae090dfd24d;tinybutterfly362;blackie;rM5GZR4Q;3affd2f09bf3a127c700214ae6b0d328;0e28bcc07300f7c0ad19079b7c85606cbbbedbfb;1bc216281faf866dcc6897706de2f557c71fd1d0359bba3e902e725898ebf1c8;02/25/1972;52;2014-10-07 01:05:32;9;(099) N15-9277;(068) V57-7026;;;https://randomuser.me/api/portraits/men/3.jpg;https://randomuser.me/api/portraits/med/men/3.jpg;https://randomuser.me/api/portraits/thumb/men/3.jpg;UA;796;2024-05-20 14:36:37.771920
female;miss;Igorina;Yanushevich;7609;Chelyuskinciv;Pogrebishche;Mikolayivska;Ukraine;29354;56.308;-101.0047;-1:00;Azores, Cape Verde Islands;igorina.yanushevich@example.com;c8b2c46d-59cb-4a19-a75a-b49bc979c7e8;bigpeacock713;dang;GstY3Byw;5ae5b433b63c9104e33d5586dfa17180;f39f78aa6a3ff83243e05e138248864b5a286032;7d9d0e1b82435f2478780f92b9a6c3ee2a27969e9d4185b157ef96f751da6954;03/28/1976;48;2004-10-23 12:35:56;19;(099) P17-2796;(098) P71-5745;;;https://randomuser.me/api/portraits/women/70.jpg;https://randomuser.me/api/portraits/med/women/70.jpg;https://randomuser.me/api/portraits/thumb/women/70.jpg;UA;878;2024-05-20 14:36:37.771920
