gender;name.title;name.first;name.last;location.street.number;location.street.name;location.city;location.state;location.country;location.postcode;location.coordinates.latitude;location.coordinates.longitude;location.timezone.offset;location.timezone.description;email;login.uuid;login.username;login.password;login.salt;login.md5;login.sha1;login.sha256;dob.date;dob.age;registered.date;registered.age;phone;cell;id.name;id.value;picture.large;picture.medium;picture.thumbnail;nat;global_index;current_time
male;mister;Tomás;Iglesias;4623;Continuación Hidalgo;San Lorenzo Chiautzingo;Baja California Sur;Mexico;15287;52.0577;15.3873;+5:00;Ekaterinburg, Islamabad, Karachi, Tashkent;tomas.iglesias@example.com;32c91db9-bb96-4724-9a18-e2b738129665;crazygorilla301;errors;hda5xeb1;5cfc91901b33b88d6f1fa56fe4e1b666;e5632d90b22b21ec5acdb4105700aa6073bd673f;40ed7ed13180b5afb0d325338b761055c996d18c86d3969f7462fd68ebd65194;10/11/1991;32;2003-01-03 17:43:14;21;(684) 273 7607;(666) 609 7206;NSS;14 58 01 1203 9;https://randomuser.me/api/portraits/men/75.jpg;https://randomuser.me/api/portraits/med/men/75.jpg;https://randomuser.me/api/portraits/thumb/men/75.jpg;MX;15;2024-05-20 14:36:37.769849
male;mister;Israel;Roque;8888;Corredor Figueroa;Cazones de Herrera;Tabasco;Mexico;99747;-54.6544;94.0208;-3:00;Brazil, Buenos Aires, Georgetown;israel.roque@example.com;df641c1a-1a3f-43f8-8d41-92b42339e351;ticklishelephant677;teens;CLerjoAa;82389970540ff99bda0832b2c03cc11a;0a45b821e46d9f9efd96dbb9449c14be8c6ebe3e;99ba9b4003aaa6d70908c50467ace589b5640b8343cb7e5e9e9929bd59ae20b0;02/03/1990;34;2002-12-11 21:32:39;21;(609) 617 8910;(604) 492 4852;NSS;90 33 05 4994 9;https://randomuser.me/api/portraits/men/56.jpg;https://randomuser.me/api/portraits/med/men/56.jpg;https://randomuser.me/api/portraits/thumb/men/56.jpg;MX;79;2024-05-20 14:36:37.769849
female;miss;Alicia;Lemus;4494;Circunvalación Beltrán;San Antonio del Mar;Coahuila;Mexico;47247;45.7163;28.4121;-9:00;Alaska;alicia.lemus@example.com;fe9cb4f5-8d1c-4d6e-a6f3-4ad4464e5d9a;sadfish660;blabla;eG00PFl0;84312024a5eca36152b11785b2459b43;1f90db5961004d9cd51e750459b49067a7a2ebfe;13909922ed24b15eefe7279918ca677b2f7c3809b2e16a221ea34921c8c06f1e;01/25/1999;25;2009-11-20 04:19:13;14;(605) 697 2090;(655) 582 7700;NSS;01 18 98 1707 1;https://randomuser.me/api/portraits/women/84.jpg;https://randomuser.me/api/portraits/med/women/84.jpg;https://randomuser.me/api/portraits/thumb/women/84.jpg;MX;181;2024-05-20 14:36:37.770886
female;missis;Lourdes;Benavídez;3884;Peatonal Chihuahua;San Juan del Río;Veracruz;Mexico;74746;45.9189;21.6374;-7:00;Mountain Time (US & Canada);lourdes.benavidez@example.com;ac8dece8-750a-47a7-ab3d-87e6ddba99c4;brownduck389;nylons;F24Z34Ta;646df9433ac5edd9e04a85cc466bb3e4;a04b6c16c67a8c0b50fa1c2cd6ca3b82bfa535ac;cc78070fbb67bf2154c6f3cf50a7f5ca7dc6df823d7bc1cab463d675a80d3943;07/26/1994;29;2004-09-26 15:14:34;19;(682) 722 8107;(669) 590 4003;NSS;05 04 23 9205 1;https://randomuser.me/api/portraits/women/7.jpg;https://randomuser.me/api/portraits/med/women/7.jpg;https://randomuser.me/api/portraits/thumb/women/7.jpg;MX;314;2024-05-20 14:36:37.770886
male;mister;Horacio;Vázquez;642;Pasaje Sinaloa;San Vicente Boquerón;Chihuahua;Mexico;74222;42.1958;113.0376;+3:00;Baghdad, Riyadh, Moscow, St. Petersburg;horacio.vazquez@example.com;a4c9b55a-d57c-4dbc-9595-a9eb899fe546;ticklishgorilla618;bryan;NLhM5mU0;1e3e9eb5b6ab18f1d36247b4d52ded36;edba41d16278cdf0a12984223f5dcd07b3aafe2d;4759f5a5d2a89728fa665768e4a4dec36ae05fe3ac0754b5bf3463b95dee4c25;03/24/1995;29;2013-02-05 08:33:47;11;(642) 307 0255;(646) 857 7055;NSS;60 29 84 9364 6;https://randomuser.me/api/portraits/men/75.jpg;https://randomuser.me/api/portraits/med/men/75.jpg;https://randomuser.me/api/portraits/thumb/men/75.jpg;MX;678;2024-05-20 14:36:37.771920
male;mister;Zeferino;Cedillo;8143;Peatonal Tlaxcala;Paraje Nuevo;Nuevo Leon;Mexico;26881;5.1442;99.1076;+8:00;Beijing, Perth, Singapore, Hong Kong;zeferino.cedillo@example.com;50a4da15-7de7-4119-9953-07ee32168288;reddog317;password9;xSt79iAf;b1d28a51301b572c3be1a969f7ecb9b7;25f39e5a9dd6fbd75b18f700f42a9bf346e3ee52;6dd21b8a40836f986690e94e8bac9ff72adfda7d900d8641e6c6588597ae6deb;10/05/1997;26;2015-02-03 03:36:32;9;(699) 598 3151;(675) 719 8955;NSS;96 36 19 3853 7;https://randomuser.me/api/portraits/men/98.jpg;https://randomuser.me/api/portraits/med/men/98.jpg;https://randomuser.me/api/portraits/thumb/men/98.jpg;MX;680;2024-05-20 14:36:37.771920
