gender;name.title;name.first;name.last;location.street.number;location.street.name;location.city;location.state;location.country;location.postcode;location.coordinates.latitude;location.coordinates.longitude;location.timezone.offset;location.timezone.description;email;login.uuid;login.username;login.password;login.salt;login.md5;login.sha1;login.sha256;dob.date;dob.age;registered.date;registered.age;phone;cell;id.name;id.value;picture.large;picture.medium;picture.thumbnail;nat;global_index;current_time
female;miss;Aubrey;Gagné;6057;George St;Lumsden;Nova Scotia;Canada;O6J 9O9;-8.6759;-81.7077;-4:00;Atlantic Time (Canada), Caracas, La Paz;aubrey.gagne@example.com;a8eee11c-0483-4b09-ae41-5066abd6b4f7;ticklishrabbit175;thankyou;f3OepOEE;479d0867a25666140bdcb964ff5fc4a4;d45af0ce052edddf8c830765dbeb4efa99f1f850;7d9b212b970cd7065d8f4ce5c13478d03694308e47e6f9a09881598e5640577d;08/20/1996;27;2002-05-10 18:40:02;22;L65 K46-4937;V90 V06-2747;SIN;200576304;https://randomuser.me/api/portraits/women/48.jpg;https://randomuser.me/api/portraits/med/women/48.jpg;https://randomuser.me/api/portraits/thumb/women/48.jpg;CA;65;2024-05-20 14:36:37.769849
male;mister;Noah;Mitchell;2068;Charles St;Hampton;British Columbia;Canada;Q5W 7G2;49.8923;152.5915;-11:00;Midway Island, Samoa;noah.mitchell@example.com;e4187d0a-4dbe-4fb7-a13c-3279a16ffce1;happycat260;yogibear;rlxqXJIK;23ca0e8836f13bd9e5a5320c3128478d;035daf318bd4a36111bd6938c1ebce06cad7bf3d;677bff3e3aaebabed348744adc63637726a37900b79166502117eeb4f013e631;11/27/1992;31;2016-03-21 03:40:15;8;F89 Y54-9568;S37 V28-5267;SIN;751550237;https://randomuser.me/api/portraits/men/10.jpg;https://randomuser.me/api/portraits/med/men/10.jpg;https://randomuser.me/api/portraits/thumb/men/10.jpg;CA;213;2024-05-20 14:36:37.770886
male;mister;Oliver;Taylor;1070;9th St;Notre Dame de Lourdes;Alberta;Canada;Y8J 0A6;80.2846;150.4171;+4:30;Kabul;oliver.taylor@example.com;4043cfe3-4340-47c7-a51f-5f4456ee4adf;greenelephant804;jerk;Lgk1F1FK;2f0a5cbf82e30200eb30debea1a533c7;2815eb4f0067b74d29f07dde36773723e9e1ff88;90799bbecdc389d251518631df698840368e2c4757e31f3bd418f8d5c8ada511;03/03/1992;32;2002-05-30 00:45:18;21;D64 X08-7587;Y02 J04-3433;SIN;583779798;https://randomuser.me/api/portraits/men/93.jpg;https://randomuser.me/api/portraits/med/men/93.jpg;https://randomuser.me/api/portraits/thumb/men/93.jpg;CA;305;2024-05-20 14:36:37.770886
female;Miss;Camille;Grewal;5470;Regent Ave;Port Elgin;Yukon;Canada;T6S 2J9;-65.9845;-117.4035;-3:30;Newfoundland;camille.grewal@example.com;c3aa40f1-6244-4fba-8367-23060f981a18;smallcat621;kenny1;etds4u7d;49d4d9ebe749df7d2263c0126fd346e6;539934e67a4a94c7eeb89c7393cb2d62fcf50291;d520a775fbca2b1befb38d018dd5de7132c6ac68bbedac1cc1ed8119a8b41c22;04/17/1997;27;2011-11-15 18:12:03;12;K85 X43-2558;X30 P54-4510;SIN;318515426;https://randomuser.me/api/portraits/women/64.jpg;https://randomuser.me/api/portraits/med/women/64.jpg;https://randomuser.me/api/portraits/thumb/women/64.jpg;CA;365;2024-05-20 14:36:37.770886
female;missis;Chloe;Lavoie;4125;Charles St;Melbourne;Prince Edward Island;Canada;S3W 3L2;3.8334;22.4802;+7:00;Bangkok, Hanoi, Jakarta;chloe.lavoie@example.com;c573d352-5a12-4e67-8bf6-69013ae6f84b;tinyleopard815;jagger;o4EJBf7r;3ea5921c508eaf758a7134086ff745e8;09353c67901e3ee998dd0e2cf73bc2912ec576f5;165f008c7107f23590ebda8926e18f8f91d86a9250f1a27e6b29e69ec6de6a30;08/23/1991;32;2006-08-13 13:56:38;17;Y18 H71-7084;W90 G23-7725;SIN;211811450;https://randomuser.me/api/portraits/women/29.jpg;https://randomuser.me/api/portraits/med/women/29.jpg;https://randomuser.me/api/portraits/thumb/women/29.jpg;CA;390;2024-05-20 14:36:37.770886
male;mister;Dylan;Lavigne;8912;College Ave;Greenwood;Québec;Canada;B5X 3X0;75.6229;-120.9103;+4:00;Abu Dhabi, Muscat, Baku, Tbilisi;dylan.lavigne@example.com;e237735b-068d-449a-9daf-269cf93ae97c;greenleopard758;golfing;3YbHEXiD;526aa38e12545c4cf5017a1387650740;858f1cd2bf17ba2341444732d3682cca47bcdd39;b8d0873259a86a1c01ce76cf7f396db2cfbdf18d2be09cce4a395d4eb93f5a17;05/31/1990;33;2003-04-12 15:13:58;21;Y70 A48-6167;V42 V82-6438;SIN;020243788;https://randomuser.me/api/portraits/men/22.jpg;https://randomuser.me/api/portraits/med/men/22.jpg;https://randomuser.me/api/portraits/thumb/men/22.jpg;CA;545;2024-05-20 14:36:37.770886
male;mister;Theo;Johnson;6928;College Ave;Tecumseh;Manitoba;Canada;J4C 1J0;-56.4989;-157.0628;+6:00;Almaty, Dhaka, Colombo;theo.johnson@example.com;a3a551e6-9205-4e60-8347-6c478d4439b7;bluezebra812;babyblue;t3qdXZk1;f185c5a5cacc6c253409a34022b2df13;a87df403e404c48c0001680353d125dca54f3956;faa2f84181ad92ea34011d99265dba4428238affa5dc3250337bc757a4ea79b6;01/31/1995;29;2011-06-10 06:45:38;12;D25 F81-8736;J88 C13-1935;SIN;504692633;https://randomuser.me/api/portraits/men/84.jpg;https://randomuser.me/api/portraits/med/men/84.jpg;https://randomuser.me/api/portraits/thumb/men/84.jpg;CA;654;2024-05-20 14:36:37.770886
female;missis;Zoe;Chan;5978;Elgin St;Cadillac;Nova Scotia;Canada;L2B 4V5;-9.7354;97.1838;+11:00;Magadan, Solomon Islands, New Caledonia;zoe.chan@example.com;df5b084a-2665-42a7-af98-d350a2a21924;happyrabbit341;tara;pp3IAscv;cb60f3eb38a473457108584d8f844d12;66e71f14456a5b1ce72a46225d28568fd497ac9f;98fc4d12521327ccb975940a6ea1979139632b4382ea0d02b8732f651163b92d;09/03/1996;27;2007-07-14 11:56:46;16;R41 X88-7736;M56 L13-9645;SIN;134232826;https://randomuser.me/api/portraits/women/48.jpg;https://randomuser.me/api/portraits/med/women/48.jpg;https://randomuser.me/api/portraits/thumb/women/48.jpg;CA;670;2024-05-20 14:36:37.771920
female;miss;Alice;Abraham;5028;Coastal Highway;Georgetown;British Columbia;Canada;H4M 4V2;-50.2975;143.6431;+11:00;Magadan, Solomon Islands, New Caledonia;alice.abraham@example.com;9bf37f49-2af4-4945-a249-b32fe8f2e29d;goldentiger600;chocolate;9Zl8F28n;062a23a33687b8ed9230ce0d8c895861;8548a8f6a1c1b29e05ae49c1e544d06bdb2bd65e;8ae3db946010a14d84f12b9962cb1b05beb890308a4f1eaef0b9e3ceaed0b887;12/20/1990;33;2006-01-01 05:09:01;18;U09 M57-7408;U21 K26-7362;SIN;971277652;https://randomuser.me/api/portraits/women/11.jpg;https://randomuser.me/api/portraits/med/women/11.jpg;https://randomuser.me/api/portraits/thumb/women/11.jpg;CA;873;2024-05-20 14:36:37.771920
