gender;name.title;name.first;name.last;location.street.number;location.street.name;location.city;location.state;location.country;location.postcode;location.coordinates.latitude;location.coordinates.longitude;location.timezone.offset;location.timezone.description;email;login.uuid;login.username;login.password;login.salt;login.md5;login.sha1;login.sha256;dob.date;dob.age;registered.date;registered.age;phone;cell;id.name;id.value;picture.large;picture.medium;picture.thumbnail;nat;global_index;current_time
female;missis;Albertina;Moreira;2454;Rua Dois;Caucaia;Rio Grande do Sul;Brazil;11389;75.978;-164.1091;-10:00;Hawaii;albertina.moreira@example.com;de2d678c-131f-40c8-ad80-1ddf72568da7;yellowpanda428;basket;pwm63C2a;3e2708d38f919346e028b4e7ff592b64;06fe267ead4043514c914f134cff9f50adcc6847;1158da0251a957b0571a036ee79c536d742960deccb22175f190466660dfe3bf;11/13/1973;50;2020-10-13 03:12:06;3;(76) 1656-7903;(95) 5859-7211;CPF;802.502.764-92;https://randomuser.me/api/portraits/women/59.jpg;https://randomuser.me/api/portraits/med/women/59.jpg;https://randomuser.me/api/portraits/thumb/women/59.jpg;BR;2;2024-05-20 14:36:37.769849
female;missis;Juliana;da Mota;1814;Rua Primeiro de Maio ;Itaquaquecetuba;Rio de Janeiro;Brazil;21399;59.6428;-160.4099;+5:45;Kathmandu;juliana.damota@example.com;1200130f-d2b2-434e-a6fc-51138d64cd81;bigswan339;farm;EQwhDPuf;a10d99ef2ddb03efc598c1ee1f397d5a;019f9acc58f1dfa0db55cae7f0d5b3eb60d24306;f42ba81a93e4ff0b9bc23721eb151d07d89a1e7252950b95056c495bd262e462;09/25/1978;45;2018-01-19 02:01:23;6;(13) 9515-0260;(71) 3779-4472;CPF;642.896.886-37;https://randomuser.me/api/portraits/women/64.jpg;https://randomuser.me/api/portraits/med/women/64.jpg;https://randomuser.me/api/portraits/thumb/women/64.jpg;BR;72;2024-05-20 14:36:37.769849
male;mister;Gávio;Monteiro;8899;Rua São Paulo ;Nova Friburgo;Rio Grande do Norte;Brazil;75298;-51.6903;-60.124;-7:00;Mountain Time (US & Canada);gavio.monteiro@example.com;9bff39dc-4628-4995-a945-9865c94e0790;greenfish358;susan;Hhqpeneu;b5c28c8b4a6eac116dc829dc9fedfe14;3746b3299220360fc8527b440ba7423b244da0d6;4e62c9b51de05db0f234476625a2a4c9ecc00abb94184703bfb993b6e570304d;07/18/1974;49;2003-05-16 20:08:59;21;(46) 3369-3459;(25) 4164-3752;CPF;985.104.798-34;https://randomuser.me/api/portraits/men/19.jpg;https://randomuser.me/api/portraits/med/men/19.jpg;https://randomuser.me/api/portraits/thumb/men/19.jpg;BR;86;2024-05-20 14:36:37.769849
male;mister;Eládio;Mendes;9527;Rua Alagoas ;Várzea Paulista;Minas Gerais;Brazil;48650;8.9864;-31.3573;0:00;Western Europe Time, London, Lisbon, Casablanca;eladio.mendes@example.com;3f1a43f0-7a23-4631-92c4-f38a2d872895;organicwolf936;searay;33NvZsE4;8d00e09bed513a6adea2e512a7eec73c;f33abe6c13ea7e9f0cb54dfd8befefc6779daedb;88c9b4234933d04769aef5ab95aaa69e2096d68aa500e72565764d9b5beaf46a;01/05/1977;47;2004-06-06 03:38:41;19;(74) 1814-2950;(25) 0730-8549;CPF;214.727.126-00;https://randomuser.me/api/portraits/men/86.jpg;https://randomuser.me/api/portraits/med/men/86.jpg;https://randomuser.me/api/portraits/thumb/men/86.jpg;BR;234;2024-05-20 14:36:37.770886
female;Miss;Dalvânia;Pereira;3943;Rua Doze ;Barretos;Minas Gerais;Brazil;56021;20.7104;-62.7771;+5:00;Ekaterinburg, Islamabad, Karachi, Tashkent;dalvania.pereira@example.com;e2623586-83eb-494f-9168-02a80b11508e;purplesnake632;311311;C8lv4Q2A;048ab0c2892c56eeb51b5181eed207cd;01df421c37ebcb5c1f94e98f86970b0f0692c6bc;fb567b003a2cb0c07b79c40bb6ff14b520cf677431fa8ff488c9005c53d62bc8;05/05/1974;50;2012-08-12 21:56:06;11;(96) 1881-8040;(74) 4321-1446;CPF;695.251.468-75;https://randomuser.me/api/portraits/women/22.jpg;https://randomuser.me/api/portraits/med/women/22.jpg;https://randomuser.me/api/portraits/thumb/women/22.jpg;BR;253;2024-05-20 14:36:37.770886
female;missis;Mimosa;da Rosa;9089;Rua Santos Dumont ;Itaguaí;Paraná;Brazil;97890;19.1276;-134.0131;+5:45;Kathmandu;mimosa.darosa@example.com;d8ab2a9a-e241-49ae-9186-194494f1af74;happyrabbit136;naruto;9AfD9sMY;246dde3c79c616c180128a3ab6d5d054;95274569791cfc4fc175709527fdd910d39da373;226b5edf536b868894b91b26d000183afb2dee883477c491b4059aa8f52b45c7;12/11/1977;46;2008-09-10 11:08:56;15;(33) 3842-4939;(20) 6338-3545;CPF;018.227.843-36;https://randomuser.me/api/portraits/women/57.jpg;https://randomuser.me/api/portraits/med/women/57.jpg;https://randomuser.me/api/portraits/thumb/women/57.jpg;BR;442;2024-05-20 14:36:37.770886
female;miss;Geci;Viana;5133;Rua Quinze de Novembro ;Campo Grande;Sergipe;Brazil;70754;1.4756;-74.6184;-2:00;Mid-Atlantic;geci.viana@example.com;bcb94ce7-f84d-447e-978b-8eeeb4a15cfb;orangebear418;minerva;dXXe2xHb;1c5bc6176383fa80c191f7f2422b809c;c816a37b6c074615f0f7a9cf5977fa0c8951703f;25ad2ade8906d4af05cd6c9535a136b2daf349ac9ab552e5621a9c21a3d3918f;10/04/1970;53;2011-08-26 14:40:13;12;(68) 9430-0695;(36) 0525-0089;CPF;464.017.967-34;https://randomuser.me/api/portraits/women/56.jpg;https://randomuser.me/api/portraits/med/women/56.jpg;https://randomuser.me/api/portraits/thumb/women/56.jpg;BR;688;2024-05-20 14:36:37.771920
male;mister;Amândio;Viana;4114;Rua São Pedro ;São Lourenço da Mata;Paraíba;Brazil;61491;50.9156;52.1028;-1:00;Azores, Cape Verde Islands;amandio.viana@example.com;e11504e5-f08d-429e-ba6d-8e75398ee519;beautifulfish958;christa;S3qEBCHj;f7b154b9f41cda48d76d771705d5f3ee;6ec3640d6c40845b40974d23963dfa6ea562ce2b;47717092db79f7a5c7636b46f06d89fc3177d3eb4282328d1770cacf0a9fab65;04/06/1972;52;2013-02-22 18:39:36;11;(07) 7378-0015;(86) 5781-7309;CPF;961.313.320-13;https://randomuser.me/api/portraits/men/54.jpg;https://randomuser.me/api/portraits/med/men/54.jpg;https://randomuser.me/api/portraits/thumb/men/54.jpg;BR;709;2024-05-20 14:36:37.771920
male;mister;Frede;Fernandes;4860;Rua São Pedro ;Santana;Paraná;Brazil;88334;35.668;-17.255;+5:30;Bombay, Calcutta, Madras, New Delhi;frede.fernandes@example.com;a1e2feaf-0e9f-4c07-9461-5585830a58a2;redfish736;cook;npECKPwF;4bffabe4180d77c87facc0761feffc25;30f8d4be9f9f037df4d5b6329269aeeab24d5d9c;d2e04b330c6171330612b10d69cbb657e7f10b16b242b5c00c46ecaa87efe205;10/08/1972;51;2012-08-04 04:47:35;11;(50) 1475-8069;(44) 3177-4103;CPF;152.235.804-68;https://randomuser.me/api/portraits/men/36.jpg;https://randomuser.me/api/portraits/med/men/36.jpg;https://randomuser.me/api/portraits/thumb/men/36.jpg;BR;813;2024-05-20 14:36:37.771920
female;missis;Aci;da Cunha;9485;Rua Pará ;São Bernardo do Campo;Alagoas;Brazil;15064;-10.6619;-136.8128;+5:45;Kathmandu;aci.dacunha@example.com;bdca285f-ab70-4a2a-83a0-e17fd5ca82d8;bluezebra732;paddle;55UHHSNv;3510313e75499cf2277c9b563d5d65c4;19004043fafe4dbc1de99a5903797c26fefc903c;db89ecc74932cd35ece3169016e90f804eb3c30ff3ec29c14c92a6985b48edf4;09/08/1971;52;2011-11-14 12:16:08;12;(74) 5276-1033;(27) 6056-4624;CPF;503.643.384-82;https://randomuser.me/api/portraits/women/38.jpg;https://randomuser.me/api/portraits/med/women/38.jpg;https://randomuser.me/api/portraits/thumb/women/38.jpg;BR;921;2024-05-20 14:36:37.771920
female;missis;Enedina;Pereira;3548;Rua Três;Mossoró;Mato Grosso;Brazil;53863;-13.1565;-62.6517;-11:00;Midway Island, Samoa;enedina.pereira@example.com;70f76d4d-235e-4d42-a273-dcb468728c48;purplecat767;vintage;CtwcuMLX;6ee3b32bc9204932199d0f1190b61e03;0753da93ced6a3b1607648731c7c6405fc6931c7;4fd875d7bdd35c381e0a6d4fe86dd56450c201553eaf39d6dbad30f3c2f7048c;11/21/1978;45;2005-02-21 17:32:07;19;(01) 8188-0950;(77) 2558-3141;CPF;616.836.883-67;https://randomuser.me/api/portraits/women/2.jpg;https://randomuser.me/api/portraits/med/women/2.jpg;https://randomuser.me/api/portraits/thumb/women/2.jpg;BR;959;2024-05-20 14:36:37.771920
