gender;name.title;name.first;name.last;location.street.number;location.street.name;location.city;location.state;location.country;location.postcode;location.coordinates.latitude;location.coordinates.longitude;location.timezone.offset;location.timezone.description;email;login.uuid;login.username;login.password;login.salt;login.md5;login.sha1;login.sha256;dob.date;dob.age;registered.date;registered.age;phone;cell;id.name;id.value;picture.large;picture.medium;picture.thumbnail;nat;global_index;current_time
female;missis;Alicia;Moya;3635;Calle del Pez;Torrejón de Ardoz;La Rioja;Spain;20320;-25.6794;-0.4303;+5:00;Ekaterinburg, Islamabad, Karachi, Tashkent;alicia.moya@example.com;9b7617d1-3a68-4a1c-8759-938b0a3f4284;tinybear716;54321;ngcT5AWQ;63581afe9991a07392e1a8ad3ead458d;181c587f10755dbe5fe882a779cb1c029fb47be1;793d9712f304271ccbb7ab3ce88c3ec620ea66f83dc8f1e7aa9ee55502549163;08/04/1976;47;2014-01-25 04:05:16;10;961-297-169;649-250-571;DNI;91769238-H;https://randomuser.me/api/portraits/women/61.jpg;https://randomuser.me/api/portraits/med/women/61.jpg;https://randomuser.me/api/portraits/thumb/women/61.jpg;ES;30;2024-05-20 14:36:37.769849
female;miss;Milagros;Esteban;656;Calle Mota;Valladolid;Melilla;Spain;99223;28.2316;-52.2103;+8:00;Beijing, Perth, Singapore, Hong Kong;milagros.esteban@example.com;294e5c36-635c-4ecc-a345-3be1a587df3e;greenleopard630;willy;pTOxJj49;6100e1ff0cba90da10b7003ddc1fe0a5;8638b0072e12df023b62dc5de8f6da361906ccfa;5694c9f6bce2b22f7d3310886f10e8aae3c13a4039001a81b6d685bafd045b28;01/24/1973;51;2006-11-20 09:51:23;17;939-853-048;608-935-215;DNI;38052386-N;https://randomuser.me/api/portraits/women/15.jpg;https://randomuser.me/api/portraits/med/women/15.jpg;https://randomuser.me/api/portraits/thumb/women/15.jpg;ES;116;2024-05-20 14:36:37.769849
female;miss;Luisa;Arias;8557;Calle de La Almudena;Castellón de la Plana;Andalucía;Spain;81295;-28.8277;59.7754;-9:00;Alaska;luisa.arias@example.com;eecf235e-aade-433d-a1f9-0bb6aaa663da;happyleopard268;foxtrot;tbrPQIeq;42265e7c067670aa18777bae8e550cdc;5f76b22ab32e4495089bbda7112b65fa503df1a0;b9f8d91e7397dbe288c0298915e7c0f957baa64d4a4638e39d3fa1c98ce184f7;04/20/1971;53;2011-01-18 04:18:10;13;982-061-074;689-605-135;DNI;19256112-B;https://randomuser.me/api/portraits/women/6.jpg;https://randomuser.me/api/portraits/med/women/6.jpg;https://randomuser.me/api/portraits/thumb/women/6.jpg;ES;191;2024-05-20 14:36:37.770886
female;Miss;Consuelo;Martin;2635;Calle de Ferraz;Toledo;Islas Baleares;Spain;59210;-15.6538;51.9324;+10:00;Eastern Australia, Guam, Vladivostok;consuelo.martin@example.com;fd91213e-4c40-45ab-8852-63506aa9d0f3;angryduck461;dutch;xDC6bMnn;ce561d6b49d9291644520f7b43bce0d3;adba7e71c6cdb9e9de749409d6927ea5d7ead6d4;9c4c40177bf361d2e6a3eaa02bb4d0f48e62dca667cd94244e85653688e6253c;03/03/1978;46;2010-08-29 01:36:32;13;918-531-607;645-814-307;DNI;95665557-M;https://randomuser.me/api/portraits/women/90.jpg;https://randomuser.me/api/portraits/med/women/90.jpg;https://randomuser.me/api/portraits/thumb/women/90.jpg;ES;377;2024-05-20 14:36:37.770886
male;mister;Christian;Núñez;1410;Avenida de Burgos;Guadalajara;Cantabria;Spain;13653;-83.3505;144.6986;-3:00;Brazil, Buenos Aires, Georgetown;christian.nunez@example.com;9a013035-c799-4b65-a3fe-667a8636e237;beautifulrabbit104;333333;7j8y6XdL;7d93128a347eebf0601b1aaa098ca39d;c2918669c7c0e2b604811635f76fca2fc45d6be2;ce8673c7ca69050ded01ab64333201b321e2c31c606b488edc8865d67d681d97;11/29/1970;53;2014-05-16 16:06:55;10;969-367-560;648-133-837;DNI;65349639-R;https://randomuser.me/api/portraits/men/68.jpg;https://randomuser.me/api/portraits/med/men/68.jpg;https://randomuser.me/api/portraits/thumb/men/68.jpg;ES;524;2024-05-20 14:36:37.770886
male;mister;Jonathan;Martínez;2241;Calle de Pedro Bosch;Las Palmas de Gran Canaria;Galicia;Spain;57290;66.2199;7.1841;+5:45;Kathmandu;jonathan.martinez@example.com;1fa1faaf-474d-4b12-b5eb-160b586164fd;lazyleopard804;media;aMmrBEFF;ee1b0027ac2b03513078a5bd4656efa6;3bd675e1a70d355ddc21037fa67b34a4ba07538f;6de3b7f68b50027cd0901aa3c1809e9ce8ef5b8ec0cc8849b864145f4abb249a;10/15/1977;46;2021-11-12 07:49:09;2;973-086-161;637-199-235;DNI;73814784-L;https://randomuser.me/api/portraits/men/77.jpg;https://randomuser.me/api/portraits/med/men/77.jpg;https://randomuser.me/api/portraits/thumb/men/77.jpg;ES;953;2024-05-20 14:36:37.771920
