gender;name.title;name.first;name.last;location.street.number;location.street.name;location.city;location.state;location.country;location.postcode;location.coordinates.latitude;location.coordinates.longitude;location.timezone.offset;location.timezone.description;email;login.uuid;login.username;login.password;login.salt;login.md5;login.sha1;login.sha256;dob.date;dob.age;registered.date;registered.age;phone;cell;id.name;id.value;picture.large;picture.medium;picture.thumbnail;nat;global_index;current_time
male;mister;Nimit;Rajesh;9088;Rasta Peth;Saharsa;Bihar;India;33875;27.0347;-0.0133;-1:00;Azores, Cape Verde Islands;nimit.rajesh@example.com;7edc1e07-6986-46a6-b6bd-f1d0a3b6cc2f;brownostrich325;redleg;HaaSe6wk;36270a022a434fe8cc6b9d1242130720;36fe9cc6c1d83168fd78030215e0d21add7fa10b;bf3dd04d81af219ebd45603064037e822c6545771c6487fc16a5ebdf9410415a;11/06/1989;34;2011-04-08 18:23:56;13;8954656513;7263592595;UIDAI;185263851154;https://randomuser.me/api/portraits/men/7.jpg;https://randomuser.me/api/portraits/med/men/7.jpg;https://randomuser.me/api/portraits/thumb/men/7.jpg;IN;121;2024-05-20 14:36:37.769849
male;mister;Samaksh;Uchil;1573;Fontainhas;Shimla;Manipur;India;87968;-87.9603;-110.2367;+7:00;Bangkok, Hanoi, Jakarta;samaksh.uchil@example.com;2a6ecb7a-3911-438b-ab54-e703265c3ac3;sadbutterfly595;jayjay;UXmCK6c8;daaca84ac7939f692c591f3d24733b92;a7469af68627f2e51b410235e28ad502beb4d03d;2921a73140d3558bf4d0c4b104566da6f7afc70a26f19e699f2e762009f8a1be;08/08/1989;34;2016-12-07 00:12:46;7;7050014379;7527632396;UIDAI;743142764289;https://randomuser.me/api/portraits/men/50.jpg;https://randomuser.me/api/portraits/med/men/50.jpg;https://randomuser.me/api/portraits/thumb/men/50.jpg;IN;407;2024-05-20 14:36:37.770886
female;Miss;Anusree;Kini;8465;Tilak Marg;Kishanganj;Nagaland;India;41580;-76.3811;-63.8007;+11:00;Magadan, Solomon Islands, New Caledonia;anusree.kini@example.com;1d5c67b5-adee-4c95-9849-5c00db17f1d6;silverostrich758;thomas1;b8SgJaNq;acfb948aec831d1d821cf3356a604ae4;d4736510fe8dd8d0d4fd9e4656b12480b1ad44d6;f5cf42cbc487dc8f99f08425d4183c492c7f74ce7c21dd126fda60384cc32be9;11/21/1986;37;2012-10-04 23:11:44;11;7920168301;7781771981;UIDAI;649883762392;https://randomuser.me/api/portraits/women/18.jpg;https://randomuser.me/api/portraits/med/women/18.jpg;https://randomuser.me/api/portraits/thumb/women/18.jpg;IN;452;2024-05-20 14:36:37.770886
male;mister;Chakradev;Mathew;549;Camac St;Guntakal;Mizoram;India;67110;88.3725;101.7475;+5:45;Kathmandu;chakradev.mathew@example.com;442fbc15-c941-4e57-bc71-49e692be55cc;silvergorilla280;loose;hcaKA2eU;c0b956d515e4217e6203a73b5365b974;706a77a920219bde3ef9e3373ed6ca8f924488ac;e62fe42f38c553859019087e6f1c7aef83031930ff788258c0312c01c0cdd20c;11/06/1986;37;2018-11-10 10:31:31;5;7521071997;8570347985;UIDAI;937598449731;https://randomuser.me/api/portraits/men/40.jpg;https://randomuser.me/api/portraits/med/men/40.jpg;https://randomuser.me/api/portraits/thumb/men/40.jpg;IN;735;2024-05-20 14:36:37.771920
