gender;name.title;name.first;name.last;location.street.number;location.street.name;location.city;location.state;location.country;location.postcode;location.coordinates.latitude;location.coordinates.longitude;location.timezone.offset;location.timezone.description;email;login.uuid;login.username;login.password;login.salt;login.md5;login.sha1;login.sha256;dob.date;dob.age;registered.date;registered.age;phone;cell;id.name;id.value;picture.large;picture.medium;picture.thumbnail;nat;global_index;current_time
male;mister;آرسین;حیدری;9043;کارگر;قدس;اردبیل;Iran;60541;11.744;170.9491;+4:30;Kabul;arsyn.hydry@example.com;2ccbc023-7c94-4660-bda7-6315e7940352;blackcat808;hihihi;GVM1ARIg;cc00585ba0cd58f495562b85305640b8;6ff4b09008b0c1979e71db5d0c87a4ef1974b3e7;a9828484415604a641905601a7a4263a03732d8e6d44c0d8485339528aa2d302;07/09/1961;62;2018-04-06 19:45:33;6;024-84847162;0985-146-4979;;;https://randomuser.me/api/portraits/men/38.jpg;https://randomuser.me/api/portraits/med/men/38.jpg;https://randomuser.me/api/portraits/thumb/men/38.jpg;IR;13;2024-05-20 14:36:37.769849
female;Miss;درسا;رضایی;9179;پاتریس لومومبا;بندرعباس;البرز;Iran;18774;12.9703;143.6788;0:00;Western Europe Time, London, Lisbon, Casablanca;drs.rdyy@example.com;f5c6b29c-aba1-4fe0-a591-258d331924b9;whiterabbit774;girl;xGjFH4be;d609892d8a09123dfc1e4fa50e1cfb8c;09608d78888d54d414e2507e103bdd77620b55fe;fc4ca383df8961caabc9b6c749af563ac369dd9a83c42226b1f5a146e1637633;05/26/1966;57;2015-01-23 16:05:28;9;039-52337285;0966-096-9985;;;https://randomuser.me/api/portraits/women/36.jpg;https://randomuser.me/api/portraits/med/women/36.jpg;https://randomuser.me/api/portraits/thumb/women/36.jpg;IR;349;2024-05-20 14:36:37.770886
female;miss;یاسمن;احمدی;8994;تقوی;آمل;کرمان;Iran;45992;-11.5217;-157.5371;-1:00;Azores, Cape Verde Islands;ysmn.hmdy@example.com;eaca9266-6e2c-4cfa-95f6-695200f97275;silvergoose873;1111111;JMFH3ErM;34453a3ae1e2cdb579631c85b5c95caa;4aecefb9785ed6d0e7c3f83fb34496a335474a6b;74ed20bf62b68b313b2edb15fe438c4d9e8a97d7233d76b7f139048762da5c39;07/30/1965;58;2019-03-09 09:28:12;5;056-59835710;0973-202-2680;;;https://randomuser.me/api/portraits/women/40.jpg;https://randomuser.me/api/portraits/med/women/40.jpg;https://randomuser.me/api/portraits/thumb/women/40.jpg;IR;406;2024-05-20 14:36:37.770886
male;mister;اميرحسين;نكو نظر;3954;آزادی;رشت;لرستان;Iran;82283;-75.3504;136.5765;+7:00;Bangkok, Hanoi, Jakarta;myrhsyn.nkwnzr@example.com;831bd9f9-6e0d-4452-9605-c01164487cad;happycat649;lotus;NlwwYXva;d360e300b00f8e32c5eaa5a5ae28ce22;7339688facd425e6f5b7a78ce58ec396693da31a;9d5e4ba88aa19b32a37a9a30bb88fec3ba90957fe1cf97438c69f26ce0284fb5;02/08/1967;57;2020-01-02 09:30:19;4;028-25817038;0953-435-3446;;;https://randomuser.me/api/portraits/men/56.jpg;https://randomuser.me/api/portraits/med/men/56.jpg;https://randomuser.me/api/portraits/thumb/men/56.jpg;IR;534;2024-05-20 14:36:37.770886
male;mister;محمدطاها;یاسمی;2510;شهید رحمانی;مشهد;کهگیلویه و بویراحمد;Iran;81549;86.8547;144.8443;-2:00;Mid-Atlantic;mhmdth.ysmy@example.com;8cd94a92-63b0-4a91-b2c0-fbb88d58204b;angryrabbit174;granada;2gVzwHtZ;9f777a883244d0e8928da3f2e1f8c646;fea5792b62b18fc22477a4d94627f867b945c499;5b39f7652d19f46689e88485073823cdcd5a441c91a3673679580efe2885565e;09/08/1962;61;2018-02-19 05:10:42;6;044-91349743;0995-222-7334;;;https://randomuser.me/api/portraits/men/18.jpg;https://randomuser.me/api/portraits/med/men/18.jpg;https://randomuser.me/api/portraits/thumb/men/18.jpg;IR;605;2024-05-20 14:36:37.770886
male;mister;پرهام;زارعی;2456;شهید آقاسرمدیان;ایلام;خراسان جنوبی;Iran;41691;82.6393;145.2059;+11:00;Magadan, Solomon Islands, New Caledonia;prhm.zraay@example.com;ffe37f24-c9df-423f-ac28-3a8ebec34697;happyswan504;emmett;Za38jXpG;45571324995b0941e79ca11127d3cf71;a62b5a1d7c5a4f917017357560118f5b17d3e1de;26c755a9653ce1d3798debdc492646f5896734316996386be732ff472de300cf;05/31/1960;63;2005-09-26 13:29:25;18;071-72103736;0933-962-4334;;;https://randomuser.me/api/portraits/men/1.jpg;https://randomuser.me/api/portraits/med/men/1.jpg;https://randomuser.me/api/portraits/thumb/men/1.jpg;IR;787;2024-05-20 14:36:37.771920
female;miss;عسل;کوتی;9925;میرزای شیرازی;قم;ایلام;Iran;15563;-38.796;-84.628;+3:30;Tehran;aasl.khwty@example.com;d59fa4f6-b0f3-40be-b6c6-cc00d79d54d1;angrybutterfly489;buster1;4NbjaKr8;2ee1c48c9ea0ca34faa30aa0aaab0890;86b914a68cbe060a2cc1a40e69d9096d7af160bc;f42ca6fba5b6e5caac8e2899eb7a6acc0be0cf5a727ad1c6d57bbf037c0310da;03/06/1969;55;2008-09-01 15:37:43;15;022-31922974;0904-942-7170;;;https://randomuser.me/api/portraits/women/12.jpg;https://randomuser.me/api/portraits/med/women/12.jpg;https://randomuser.me/api/portraits/thumb/women/12.jpg;IR;866;2024-05-20 14:36:37.771920
male;mister;سهیل;کامروا;8463;دکتر چمران;کرج;سمنان;Iran;98136;63.0345;-16.3744;-10:00;Hawaii;shyl.khmrw@example.com;ccf19136-8002-46c4-9dd1-8eb87cb805b2;smallkoala505;lane;6ARVtCXC;7666b9dd8d897084916c93b7b789241c;5774c1f46507b39fa94e94e847b1d8165cef1865;0e83bde016e4d7b85cfb53c708c0bd0713c833c70dc31702aa39f9f05da59d0d;12/30/1969;54;2006-04-06 04:05:35;18;002-24779225;0952-049-2837;;;https://randomuser.me/api/portraits/men/86.jpg;https://randomuser.me/api/portraits/med/men/86.jpg;https://randomuser.me/api/portraits/thumb/men/86.jpg;IR;898;2024-05-20 14:36:37.771920
female;miss;آدرینا;نجاتی;2800;شهید آقاسرمدیان;خوی;چهارمحال و بختیاری;Iran;56946;-71.4432;-106.7874;-4:00;Atlantic Time (Canada), Caracas, La Paz;adryn.njty@example.com;aea012c8-404c-4487-9b74-8521fd4052e1;yellowpeacock364;a12345;LqibnDoA;9262a73f18f53b028e0f9df905e5c3b4;bb18c177b7ae0bb2ec82553d828cb18ad47a176e;dffee5a858f9d54174fca6ce82292589ca031694935b65d42241f43185ded016;07/02/1968;55;2007-10-30 13:23:39;16;072-05006146;0941-047-6613;;;https://randomuser.me/api/portraits/women/26.jpg;https://randomuser.me/api/portraits/med/women/26.jpg;https://randomuser.me/api/portraits/thumb/women/26.jpg;IR;957;2024-05-20 14:36:37.771920
