gender;name.title;name.first;name.last;location.street.number;location.street.name;location.city;location.state;location.country;location.postcode;location.coordinates.latitude;location.coordinates.longitude;location.timezone.offset;location.timezone.description;email;login.uuid;login.username;login.password;login.salt;login.md5;login.sha1;login.sha256;dob.date;dob.age;registered.date;registered.age;phone;cell;id.name;id.value;picture.large;picture.medium;picture.thumbnail;nat;global_index;current_time
female;miss;Neivana;Cavalcanti;4840;Rua Vinte de Setembro;Imperatriz;Sergipe;Brazil;81558;-7.2852;58.8277;+11:00;Magadan, Solomon Islands, New Caledonia;neivana.cavalcanti@example.com;2a3af2d2-c70b-4736-8d2d-7add8834c6ff;orangeswan937;billabon;4HxOaYdE;ab8bc643483c6c4b8dd0de4b44970d35;69b009a9a5433f857d024e9e6351e980c69624c5;6e01ebc511094e6e44d2a162d36784b1616bc8057869c1abf72ea33fe5b074fa;02/10/1991;33;2013-06-03 16:03:43;10;(72) 5038-9325;(70) 3270-3679;CPF;800.802.215-24;https://randomuser.me/api/portraits/women/5.jpg;https://randomuser.me/api/portraits/med/women/5.jpg;https://randomuser.me/api/portraits/thumb/women/5.jpg;BR;25;2024-05-20 14:36:37.769849
male;mister;Floriano;Teixeira;6856;Rua Um;São Gonçalo;Tocantins;Brazil;13370;-13.8545;-134.9803;-4:00;Atlantic Time (Canada), Caracas, La Paz;floriano.teixeira@example.com;d5549622-7a33-4660-9d96-56a3e9ca7484;tinybear103;lambda;TjtIiGEy;e24a2f1bf42b9ffd3ee8474e9f05789b;6c51a5bf2aada9b77c353c56e714116d8dd15248;530da5f5fc3e62dc99c1ece9d684ca85e92b97a69b72104b761de904dd73e2c9;02/07/1999;25;2022-03-23 03:04:01;2;(69) 1940-1004;(91) 4232-8326;CPF;533.514.543-16;https://randomuser.me/api/portraits/men/17.jpg;https://randomuser.me/api/portraits/med/men/17.jpg;https://randomuser.me/api/portraits/thumb/men/17.jpg;BR;141;2024-05-20 14:36:37.769849
male;mister;Paulo;Ribeiro;6557;Rua Vinte E Dois ;São Vicente;Ceará;Brazil;32788;-4.1708;-25.3977;+3:00;Baghdad, Riyadh, Moscow, St. Petersburg;paulo.ribeiro@example.com;dea5d47e-c9ee-491d-873e-274f90480c50;heavyzebra903;292929;mMr2ROKQ;3d1608170f70c373601f67334e42d051;db54b520ce4b8e7c68ba8033818d93d06dec74fa;e5b79c41a09e42ff7d8d3e46806a07fb63e33d78cf6ea71574b6f00fed476aa7;07/18/1994;29;2011-08-12 14:20:12;12;(49) 3332-0699;(18) 0478-6721;CPF;315.039.235-69;https://randomuser.me/api/portraits/men/70.jpg;https://randomuser.me/api/portraits/med/men/70.jpg;https://randomuser.me/api/portraits/thumb/men/70.jpg;BR;431;2024-05-20 14:36:37.770886
female;missis;Isabete;da Rosa;6080;Rua Três;Rio Verde;Rio Grande do Sul;Brazil;27331;-39.8222;173.7399;+4:00;Abu Dhabi, Muscat, Baku, Tbilisi;isabete.darosa@example.com;ea1c2c1c-ee12-454e-a1e2-0e4678079f10;lazyrabbit564;bronze;FGSknurv;348b3e65b8ea75bb21d6aca88755fe30;988411104aab05d2ddef2cbd67ead1c31e5a5a49;91e96258c548473ffb3d536a3b7e734726816f0d5e05eeedff7a4a79a9afa04c;12/06/1993;30;2015-02-20 03:06:45;9;(22) 9435-1711;(37) 8707-2558;CPF;052.223.797-65;https://randomuser.me/api/portraits/women/24.jpg;https://randomuser.me/api/portraits/med/women/24.jpg;https://randomuser.me/api/portraits/thumb/women/24.jpg;BR;434;2024-05-20 14:36:37.770886
female;miss;Florentina;Gomes;4514;Rua São Paulo ;Santa Luzia;Distrito Federal;Brazil;42484;35.3055;96.4771;+8:00;Beijing, Perth, Singapore, Hong Kong;florentina.gomes@example.com;1e083a6b-aecd-4f29-93c6-a615909976ba;sadzebra706;kissing;YQwoNYGa;7c88a6319b8a38bf762cadaa2d04e37e;7de7ea2cc7ec58747a93f46519217ab942755ac9;28780e0290159ed5a23e8143d14de58f88c1248b0af80c4e61466b3708b24bbd;03/05/1990;34;2003-06-24 00:04:26;20;(90) 5808-1993;(97) 8031-4359;CPF;778.974.330-58;https://randomuser.me/api/portraits/women/83.jpg;https://randomuser.me/api/portraits/med/women/83.jpg;https://randomuser.me/api/portraits/thumb/women/83.jpg;BR;435;2024-05-20 14:36:37.770886
female;miss;Susete;da Conceição;4416;Rua Amazonas ;Juazeiro;São Paulo;Brazil;97872;33.06;-24.9827;-5:00;Eastern Time (US & Canada), Bogota, Lima;susete.daconceicao@example.com;61d5cc19-3d32-4bd3-9d36-8253796a05f3;blueelephant473;deputy;0ggAZnBe;b66531eafc50245f24b8c9833850bd7c;f5d31086bef98a19580ea97dc04b26f4e1d9fc94;c5eff3db1cf71b2f3caf2fd560405037b0f5bbca1b3f758eb1f50901440a425e;08/31/1992;31;2005-09-12 11:18:19;18;(25) 4567-4992;(42) 8070-7255;CPF;945.083.475-68;https://randomuser.me/api/portraits/women/65.jpg;https://randomuser.me/api/portraits/med/women/65.jpg;https://randomuser.me/api/portraits/thumb/women/65.jpg;BR;456;2024-05-20 14:36:37.770886
male;mister;Dinarte;Sales;712;Rua Dezesseis de Maio;Colatina;Espírito Santo;Brazil;88551;-16.3405;-46.4789;+5:00;Ekaterinburg, Islamabad, Karachi, Tashkent;dinarte.sales@example.com;ca0a8425-9b7e-42fd-9d15-826f4051b667;whiteduck298;scxakv;bXH3FRQ2;0e885ae69826113fcbca3c55a159b5a9;fbd990edc2b908112053e6ed141bbf18c7d25f52;2413b9e846fd24b946ecca7d25d5502bd64ad7cb2f6d87ec1ce5802bc1bfb5ce;03/17/1996;28;2021-08-25 09:02:01;2;(52) 2321-0435;(11) 9731-2991;CPF;608.198.751-95;https://randomuser.me/api/portraits/men/34.jpg;https://randomuser.me/api/portraits/med/men/34.jpg;https://randomuser.me/api/portraits/thumb/men/34.jpg;BR;734;2024-05-20 14:36:37.771920
male;mister;Indra;Fogaça;2144;Rua Vinte E Quatro de Outubro;Três Lagoas;Mato Grosso do Sul;Brazil;50182;-74.0324;12.8376;+5:00;Ekaterinburg, Islamabad, Karachi, Tashkent;indra.fogaca@example.com;36a7e841-e2f7-402f-b86d-1afb27f74f04;whiteduck608;aaaaaa;f1hK3m8R;24fbc157dbf2b4422a33e42bee221d71;e781e020d1143b5ea1e75ed591d89da4e77361ac;35a5244f209a5c2d6682207d2fd30643b5425e2f7020d9fbc9243f33e917eff7;05/15/1997;27;2020-06-13 21:17:03;3;(44) 8116-7246;(06) 1506-0602;CPF;106.766.831-61;https://randomuser.me/api/portraits/men/28.jpg;https://randomuser.me/api/portraits/med/men/28.jpg;https://randomuser.me/api/portraits/thumb/men/28.jpg;BR;785;2024-05-20 14:36:37.771920
female;Miss;Mírcia;Martins;4349;Rua Bela Vista ;Paulo Afonso;Roraima;Brazil;57729;-69.6283;-106.7855;0:00;Western Europe Time, London, Lisbon, Casablanca;mircia.martins@example.com;5b2355ba-dd3a-4319-bf30-42a506ead686;whitepanda915;1977;YsFBuuDx;066dcac6486d23817b8d96837368ffed;76f276dd0c6ab3dec61793ac438de3027fb02195;b35bab84884ac51ad08ecd891f908544c3bba10218a614cc2c5259150b57f951;01/23/1999;25;2009-03-11 00:58:56;15;(90) 1062-6170;(26) 7867-2182;CPF;380.666.909-83;https://randomuser.me/api/portraits/women/23.jpg;https://randomuser.me/api/portraits/med/women/23.jpg;https://randomuser.me/api/portraits/thumb/women/23.jpg;BR;910;2024-05-20 14:36:37.771920
