gender;name.title;name.first;name.last;location.street.number;location.street.name;location.city;location.state;location.country;location.postcode;location.coordinates.latitude;location.coordinates.longitude;location.timezone.offset;location.timezone.description;email;login.uuid;login.username;login.password;login.salt;login.md5;login.sha1;login.sha256;dob.date;dob.age;registered.date;registered.age;phone;cell;id.name;id.value;picture.large;picture.medium;picture.thumbnail;nat;global_index;current_time
female;missis;Pearl;Clark;7713;Blossom Hill Rd;Berkeley;Rhode Island;United States;98509;31.7253;-109.0248;+4:30;Kabul;pearl.clark@example.com;343f80e4-6061-4d0e-820e-a6c5ea5cd5e1;smallkoala148;joker1;GRmWYT0I;eda30fc7556828ee1da960d9c9ef0fd8;1fe850a5002b3d03747577fc222a43eecd918201;bd849acae2256b1a09ea4f52113671e68d7ac57256ba3a0de5772971722d09e3;04/20/1979;45;2003-08-12 01:44:16;20;(837) 892-0686;(562) 734-4151;SSN;194-88-0178;https://randomuser.me/api/portraits/women/63.jpg;https://randomuser.me/api/portraits/med/women/63.jpg;https://randomuser.me/api/portraits/thumb/women/63.jpg;US;119;2024-05-20 14:36:37.769849
female;missis;Myrtle;Reynolds;2410;Avondale Ave;Van Alstyne;Kansas;United States;92262;-41.2775;-34.8716;+9:30;Adelaide, Darwin;myrtle.reynolds@example.com;38d14526-2b59-449e-8670-121537661f9f;silverfrog808;andy;z9Gt4gUo;edfdbf0fa3dabe00ebf2f5aed5d7e4b0;bf1c8d4f97c75823663efe75c55952a494f82566;3007f84c575719024ee29607dc585438e7e3da9f104ea34ff19b094a25a16a51;12/20/1973;50;2019-01-08 12:20:23;5;(572) 649-3569;(909) 396-9180;SSN;027-16-1904;https://randomuser.me/api/portraits/women/88.jpg;https://randomuser.me/api/portraits/med/women/88.jpg;https://randomuser.me/api/portraits/thumb/women/88.jpg;US;184;2024-05-20 14:36:37.770886
female;Miss;Abigail;Chavez;8728;Hogan St;Overland Park;New Hampshire;United States;26552;23.9173;-47.6;-4:00;Atlantic Time (Canada), Caracas, La Paz;abigail.chavez@example.com;d72be2e2-798c-4ae0-ae20-060fcd0fc322;organicladybug385;yaya;g74TPZKG;d8f3c0757707f226b06f4e40b90c439f;f966da466455cec54ef74b08402d40967d6ea50c;e392632ffcdc533c5f3d121769e67724124d50092428b55129e410d86d77943c;05/29/1978;45;2002-09-27 18:02:27;21;(386) 688-8443;(594) 505-4358;SSN;057-38-8866;https://randomuser.me/api/portraits/women/74.jpg;https://randomuser.me/api/portraits/med/women/74.jpg;https://randomuser.me/api/portraits/thumb/women/74.jpg;US;310;2024-05-20 14:36:37.770886
female;missis;Holly;Lowe;8686;E Sandy Lake Rd;Anna;Georgia;United States;14619;-5.3138;-169.536;+1:00;Brussels, Copenhagen, Madrid, Paris;holly.lowe@example.com;80385a5c-0df0-4228-9cc2-81dbe35882f7;crazymeercat339;33333333;L0va2jNV;be267ee3361b72d820a89e4bfa54cf4f;bfff6de883912c874f2df75b5f688101fa572901;86b427720ae432f12010f682e98763f955e39268359a2a6b94398000ca6c1b66;10/14/1972;51;2006-01-25 15:10:20;18;(207) 286-4706;(770) 658-1128;SSN;265-20-3051;https://randomuser.me/api/portraits/women/30.jpg;https://randomuser.me/api/portraits/med/women/30.jpg;https://randomuser.me/api/portraits/thumb/women/30.jpg;US;399;2024-05-20 14:36:37.770886
male;mister;Salvador;Nguyen;2744;E Center St;Austin;Georgia;United States;30885;-76.2358;94.2207;-2:00;Mid-Atlantic;salvador.nguyen@example.com;1a840b2c-83c1-4691-a6dd-26e30252803e;happycat295;nasty1;AXutuoKp;78a4cd949dc2b5a938b4d0be26ad2178;0078f9e50c7e45db27e2d5f8cb28d73aa859e7c8;c474654bf9d05f823c72d90200c81126516b9bd90ffd0e64e13edbbeb526375c;12/11/1970;53;2002-11-05 19:22:30;21;(514) 688-0089;(544) 251-3821;SSN;421-10-6914;https://randomuser.me/api/portraits/men/68.jpg;https://randomuser.me/api/portraits/med/men/68.jpg;https://randomuser.me/api/portraits/thumb/men/68.jpg;US;554;2024-05-20 14:36:37.770886
male;mister;Roberto;Shaw;9610;Fincher Rd;Elko;West Virginia;United States;62540;46.0932;-126.1182;+10:00;Eastern Australia, Guam, Vladivostok;roberto.shaw@example.com;5c4688c6-ce46-4034-9602-57fc3e4a6490;tinyfish229;reebok;1RxpwDKQ;f26bce42fc9d06a0747a41238a2430f7;8bfbe6254f33a2f985afab1a2fc2e48e945c34f9;7d34e26858efe81fb67ab5b2e88b437cac118068f88869caad520d0e652bd7d1;09/15/1975;48;2019-11-02 05:59:34;4;(276) 764-3982;(501) 641-1008;SSN;454-66-7511;https://randomuser.me/api/portraits/men/98.jpg;https://randomuser.me/api/portraits/med/men/98.jpg;https://randomuser.me/api/portraits/thumb/men/98.jpg;US;879;2024-05-20 14:36:37.771920
