gender;name.title;name.first;name.last;location.street.number;location.street.name;location.city;location.state;location.country;location.postcode;location.coordinates.latitude;location.coordinates.longitude;location.timezone.offset;location.timezone.description;email;login.uuid;login.username;login.password;login.salt;login.md5;login.sha1;login.sha256;dob.date;dob.age;registered.date;registered.age;phone;cell;id.name;id.value;picture.large;picture.medium;picture.thumbnail;nat;global_index;current_time
female;miss;Annabelle;Martin;2897;Alexandra Street;Timaru;Hawke'S Bay;New Zealand;93675;1.788;7.0742;0:00;Western Europe Time, London, Lisbon, Casablanca;annabelle.martin@example.com;c8fc47f9-4199-46bc-970d-08ab30c5a248;tinytiger686;callaway;ha9ybiWJ;cbba2ae17ec635c1ad73deb661e511c2;e39b14387f22fe31c48781f1a57629eea9e5d67b;338d23ee314648cd0d552382710fb20e35aab696d4810ede54076112ef8bb093;09/01/1990;33;2019-02-17 13:41:25;5;(212)-431-0387;(034)-583-8390;;;https://randomuser.me/api/portraits/women/57.jpg;https://randomuser.me/api/portraits/med/women/57.jpg;https://randomuser.me/api/portraits/thumb/women/57.jpg;NZ;20;2024-05-20 14:36:37.769849
male;mister;Logan;Patel;3416;Rangitikei Street;Auckland;Wellington;New Zealand;46799;34.1527;41.3697;+3:30;Tehran;logan.patel@example.com;a9ea0e5b-eafb-418c-be69-5ef8bdc6c9ee;orangepeacock808;1218;NyRPM63F;7b69b7a6cb5ff4237b95c5bf9ca6a00c;cd412cf92d978a7b59c640deb0d7f3b6fa66bdba;20067424b863ddddae118854932db190f0d718686577ab2e10995a0ce0ec43af;05/08/1990;34;2004-10-20 23:39:49;19;(339)-923-6657;(076)-560-9821;;;https://randomuser.me/api/portraits/men/38.jpg;https://randomuser.me/api/portraits/med/men/38.jpg;https://randomuser.me/api/portraits/thumb/men/38.jpg;NZ;268;2024-05-20 14:36:37.770886
male;mister;Jasper;Hughes;1174;Main South Road;Taupo;Northland;New Zealand;98690;73.4164;-82.5234;-12:00;Eniwetok, Kwajalein;jasper.hughes@example.com;9ad1895f-9004-4fd9-a005-040acc185326;redwolf435;rusty1;58KneNDK;22ac565ba9a197f47850bb203802d407;bb7d2a50d70094c08ca37a53d5f57be0ae5f69cb;68251a15c82132089ecf00555e5045dea603242d094accfb7ec7430fa8e9a5a3;09/27/1995;28;2004-09-09 13:27:46;19;(620)-789-5767;(553)-205-9599;;;https://randomuser.me/api/portraits/men/93.jpg;https://randomuser.me/api/portraits/med/men/93.jpg;https://randomuser.me/api/portraits/thumb/men/93.jpg;NZ;293;2024-05-20 14:36:37.770886
female;Miss;Mia;Anderson;1057;Gloucester Street;Greymouth;Otago;New Zealand;26815;2.0084;-7.6668;-12:00;Eniwetok, Kwajalein;mia.anderson@example.com;b4038305-f8ec-4a9b-b84e-76d6e45c3679;tinyfish255;edward1;090ZsHwQ;06714076edf223af9e41e37149791f04;b35ad90ab08b1138fd18e84f06120dc2b34069e5;c491b6e13668bd7374afa74d4bf61498fe0b9429e9e710aaed4abf18f1ed85ad;06/11/1997;26;2006-08-18 20:21:46;17;(187)-973-6705;(138)-038-1656;;;https://randomuser.me/api/portraits/women/92.jpg;https://randomuser.me/api/portraits/med/women/92.jpg;https://randomuser.me/api/portraits/thumb/women/92.jpg;NZ;616;2024-05-20 14:36:37.770886
male;mister;Lewis;Patel;776;Rangitikei Street;Blenheim;West Coast;New Zealand;52499;71.1428;-170.56;-11:00;Midway Island, Samoa;lewis.patel@example.com;16ecb6a6-6f94-454b-8d8a-a1faffd8e8a1;crazysnake750;johndoe;S5JImze6;9155464c2d530e274efb98f308ae87af;5e525da2bc6ff5b01dd6726ffce4568acb659da9;d1c1805615b6864af1fa4e0cea08f972c9772af801f1b17afff03c95d4e57a49;12/03/1991;32;2006-09-11 12:54:43;17;(544)-163-0721;(904)-078-1147;;;https://randomuser.me/api/portraits/men/73.jpg;https://randomuser.me/api/portraits/med/men/73.jpg;https://randomuser.me/api/portraits/thumb/men/73.jpg;NZ;681;2024-05-20 14:36:37.771920
male;mister;Theo;Williams;2580;Puhinui Road;New Plymouth;Taranaki;New Zealand;79849;-68.0443;-92.0914;-1:00;Azores, Cape Verde Islands;theo.williams@example.com;898cd74a-0bf8-4e33-a87a-370d30ce4536;tinyleopard928;bigboy;iAEiPwxC;958296bebb7dcf88c0ff48b2e3b350b5;3a669197b80d0f4dcf0b53c015cf0ac33a1afa65;77f03f653decb5aea4bacc5a8334ca657c70c6c331cb30278040937f70002066;09/06/1990;33;2015-05-04 20:31:12;9;(315)-157-3528;(373)-720-3342;;;https://randomuser.me/api/portraits/men/31.jpg;https://randomuser.me/api/portraits/med/men/31.jpg;https://randomuser.me/api/portraits/thumb/men/31.jpg;NZ;858;2024-05-20 14:36:37.771920
