gender;name.title;name.first;name.last;location.street.number;location.street.name;location.city;location.state;location.country;location.postcode;location.coordinates.latitude;location.coordinates.longitude;location.timezone.offset;location.timezone.description;email;login.uuid;login.username;login.password;login.salt;login.md5;login.sha1;login.sha256;dob.date;dob.age;registered.date;registered.age;phone;cell;id.name;id.value;picture.large;picture.medium;picture.thumbnail;nat;global_index;current_time
male;mister;Đurađ;Tomić;443;Janče Jovanovića ;Ada;West Bačka;Serbia;82516;-34.4127;-73.8526;+6:00;Almaty, Dhaka, Colombo;durad.tomic@example.com;65d689b7-f8aa-463a-99b7-69970ab43bf0;angrygorilla773;1114;hlqWLq9a;91957e56946545ad098fee4cdd0f1aa0;8658ad14e4aa7446e5000fee71038ade837bc906;d707adbb95cc6af396cdbc62f8def3d71f6a8b6697c23cbd1765571de3d8b970;07/03/1993;30;2010-03-20 15:58:30;14;024-4827-657;066-9565-861;SID;418952956;https://randomuser.me/api/portraits/men/85.jpg;https://randomuser.me/api/portraits/med/men/85.jpg;https://randomuser.me/api/portraits/thumb/men/85.jpg;RS;67;2024-05-20 14:36:37.769849
female;missis;Jelena;Ognjanović;1507;Petra Pešića ;Novi Bečej;Kosovska Mitrovica;Serbia;68644;29.8476;30.705;+3:30;Tehran;jelena.ognjanovic@example.com;e5aafee7-5bfe-4ca6-9240-1eb9de89a2d9;yellowgoose951;girlies;t7yPWGzT;5b1b116130f3fc53fe1c726d48820905;77570c4a8b9e7b54c0f50367bc098725a35e98a4;ffbe9d37a3afb52d60f95bfa75652e9ed6c12ef034b4d7d001fedeb3febd40dc;09/28/1996;27;2007-07-23 07:02:49;16;012-8991-222;060-4746-319;SID;392334992;https://randomuser.me/api/portraits/women/0.jpg;https://randomuser.me/api/portraits/med/women/0.jpg;https://randomuser.me/api/portraits/thumb/women/0.jpg;RS;165;2024-05-20 14:36:37.769849
female;missis;Zlata;Glavaš;7793;Zmajevačka;Pančevo;Kosovo-Pomoravlje;Serbia;67244;-57.5791;11.9732;+3:00;Baghdad, Riyadh, Moscow, St. Petersburg;zlata.glavas@example.com;edd4331f-ce9b-4bdb-96fc-11d6c6de08a1;yellowmouse349;hemlock;5MDXoQUV;0b75b922002773103e871a384546dbd9;53e93bdd397a5e5205baba449de90617409a5eae;98fafde4057aa0ca81ed4506caa23fc648846c98760dcdd2e9a27a20a5c42a00;01/28/1992;32;2013-07-19 06:13:54;10;026-7867-059;068-6507-933;SID;285729645;https://randomuser.me/api/portraits/women/1.jpg;https://randomuser.me/api/portraits/med/women/1.jpg;https://randomuser.me/api/portraits/thumb/women/1.jpg;RS;283;2024-05-20 14:36:37.770886
male;mister;Đuraš;Pavić;9874;Stanićeva;Smederevo;Zaječar;Serbia;18007;57.3149;154.0643;-6:00;Central Time (US & Canada), Mexico City;duras.pavic@example.com;b838589f-3191-4ad8-b0c9-6e3662d8112f;greenrabbit369;perfect;fFciTKVd;a69b235a0b1e07d583796113b3c77656;e1bf3c3306da91a41445153228edb921c2f8240a;fefb11def2f89b8685dc448ce19d418a97dae119856fd034fbb90391d4d592aa;07/15/1996;27;2009-09-07 07:42:27;14;038-6291-140;069-8965-920;SID;641730377;https://randomuser.me/api/portraits/men/76.jpg;https://randomuser.me/api/portraits/med/men/76.jpg;https://randomuser.me/api/portraits/thumb/men/76.jpg;RS;372;2024-05-20 14:36:37.770886
female;Miss;Perica;Jović;7478;Lazara Dimitrijevića ;Knić;Srem;Serbia;96871;46.5051;28.8682;-12:00;Eniwetok, Kwajalein;perica.jovic@example.com;c52f8c5a-0f92-4493-9687-275ff0c91253;heavyduck867;159753;NXOjo9Wz;4a17205e7bcdc8cc4152b10c3a17956a;cb923a44fdabb9b2983ed19751a39d8b6c2b38dd;e92b96900482dbb01c3ceeae99647e074e4e0f52faf1db6c774bb0412f33f855;05/16/1992;32;2004-12-08 12:26:01;19;028-6094-038;069-8635-371;SID;269601175;https://randomuser.me/api/portraits/women/10.jpg;https://randomuser.me/api/portraits/med/women/10.jpg;https://randomuser.me/api/portraits/thumb/women/10.jpg;RS;499;2024-05-20 14:36:37.770886
female;miss;Tina;Janković;8480;Bore Petrovića;Kikinda;Pčinja;Serbia;15478;-68.0834;-75.0898;+3:30;Tehran;tina.jankovic@example.com;c38f9719-adde-4018-8df5-b96d245751dc;brownlion350;filter;pwdgIrhX;71ae8647df1c0cc4378a9b74f206b41a;62c70d2c56cffea3f0270ea13fff4aeec7d2c5ef;fc5687254cea4e6716781f13f7202f194ff644fb60ee5e7db0682264be86871a;06/18/1996;27;2018-05-02 01:03:11;6;016-7193-114;069-0869-265;SID;389962496;https://randomuser.me/api/portraits/women/75.jpg;https://randomuser.me/api/portraits/med/women/75.jpg;https://randomuser.me/api/portraits/thumb/women/75.jpg;RS;594;2024-05-20 14:36:37.770886
male;mister;Teodor;Subašić;160;Dositeja Obradovića;Žitorađa;Prizren;Serbia;82849;-34.6914;50.5016;+11:00;Magadan, Solomon Islands, New Caledonia;teodor.subasic@example.com;75551e97-98d3-4ff4-b00b-b3e77f56fcea;whitebear392;chat;l5Oap4xB;5152af1dda16f6258295cb11e1359570;174e93c7d504fb3688b6ea13daf55f55b758e127;da367bfeee7260a38e2ea3e5d88e97465b715e8e9a8a190e010433f262bba390;04/10/1999;25;2018-03-24 22:52:26;6;038-5068-023;064-3688-371;SID;781120188;https://randomuser.me/api/portraits/men/43.jpg;https://randomuser.me/api/portraits/med/men/43.jpg;https://randomuser.me/api/portraits/thumb/men/43.jpg;RS;704;2024-05-20 14:36:37.771920
male;mister;Veljko;Ignjatović;4853;Kneza Palalije;Aranđelovac;Central Banat;Serbia;13795;36.304;88.4751;+9:00;Tokyo, Seoul, Osaka, Sapporo, Yakutsk;veljko.ignjatovic@example.com;50090130-e9c8-46d3-87f5-65d9c6f66f7b;angryleopard413;startrek;PZL1G3Ht;41bfe5f2fb6e93c145bf2f4804ee215b;81aeda0df6518955719287578ebb86e8df1602c4;5786e88631af36684004fc118957403fcfe4ee82a65273f97f34745c20f9c667;03/27/1990;34;2012-08-18 12:49:35;11;026-6917-570;068-9122-472;SID;781385798;https://randomuser.me/api/portraits/men/93.jpg;https://randomuser.me/api/portraits/med/men/93.jpg;https://randomuser.me/api/portraits/thumb/men/93.jpg;RS;767;2024-05-20 14:36:37.771920
male;mister;Gordan;Lazović;3979;Moravska;Knić;Toplica;Serbia;10444;-79.1478;-80.6129;+4:00;Abu Dhabi, Muscat, Baku, Tbilisi;gordan.lazovic@example.com;63ef76fe-fc66-4984-843b-78bfd408e4c2;browndog253;skibum;r5IQcsvt;94de4f899aa29e77f31b1d8e7fac54ee;ba9d7a8ccb5369d6d8b8ebde4c94fc8cb3cc8527;9d069649eabf58affb514e0984091603b787aac65270ce25f758496fe1dbfc89;06/27/1999;24;2010-04-19 16:43:25;14;010-1415-769;060-5057-515;SID;174033853;https://randomuser.me/api/portraits/men/87.jpg;https://randomuser.me/api/portraits/med/men/87.jpg;https://randomuser.me/api/portraits/thumb/men/87.jpg;RS;818;2024-05-20 14:36:37.771920
female;missis;Anđela;Terzić;956;Vuka Karadžića;Kuršumlija;Šumadija;Serbia;34090;72.9953;147.5223;+2:00;Kaliningrad, South Africa;andela.terzic@example.com;24c5c23d-9a82-4ba8-8010-bab4564899e0;yellowlion280;vagabond;CLUEYOoH;9708bd862adbb9629a7f9ad9c1513b5d;40ef5fb572cc757e159b492535f9ac1b7311532e;db5e6fda7f7b615cfc55a9a3e8e61693eb0079e8f83bcae0295c45bd2c87e420;06/02/1999;24;2006-08-30 18:52:20;17;017-4342-296;061-8727-459;SID;031005551;https://randomuser.me/api/portraits/women/28.jpg;https://randomuser.me/api/portraits/med/women/28.jpg;https://randomuser.me/api/portraits/thumb/women/28.jpg;RS;848;2024-05-20 14:36:37.771920
male;mister;Kristijan;Lapčević;4586;Lička;Kovačica;Raška;Serbia;19284;65.65;-134.8662;+11:00;Magadan, Solomon Islands, New Caledonia;kristijan.lapcevic@example.com;cdc86f0b-b78b-443b-93a9-93737fb65443;happyduck570;valdez;ln0DkJBh;fc56112232708b962624ccd938ac27d4;0c4b38c56b5591d2dc1a17c1c76e686c44b7ec66;e10809e875985263b556db93e38e8491a082e0f3931ceb1de242d4f492059ea0;07/14/1991;32;2006-07-19 11:57:09;17;025-1678-179;066-0070-785;SID;089559706;https://randomuser.me/api/portraits/men/96.jpg;https://randomuser.me/api/portraits/med/men/96.jpg;https://randomuser.me/api/portraits/thumb/men/96.jpg;RS;942;2024-05-20 14:36:37.771920
