gender;name.title;name.first;name.last;location.street.number;location.street.name;location.city;location.state;location.country;location.postcode;location.coordinates.latitude;location.coordinates.longitude;location.timezone.offset;location.timezone.description;email;login.uuid;login.username;login.password;login.salt;login.md5;login.sha1;login.sha256;dob.date;dob.age;registered.date;registered.age;phone;cell;id.name;id.value;picture.large;picture.medium;picture.thumbnail;nat;global_index;current_time
male;mister;محمدپارسا;سلطانی نژاد;878;شهید استاد حسن بنا;بابل;آذربایجان شرقی;Iran;83666;-0.6688;115.5455;+5:30;Bombay, Calcutta, Madras, New Delhi;mhmdprs.sltnynjd@example.com;e7c23441-4a61-4dae-951e-73514e322ccc;orangebear352;birthday4;jbevYJ1l;8612489b14c1be03e913175405c5ae18;a508eb9efb44956383d9127bf79aff0850832144;e129413523d63a3587ad17d67b89a97c0463f27be67b7e452311841ccc88293e;11/20/1983;40;2017-04-15 10:25:04;7;053-44989480;0954-799-8938;;;https://randomuser.me/api/portraits/men/65.jpg;https://randomuser.me/api/portraits/med/men/65.jpg;https://randomuser.me/api/portraits/thumb/men/65.jpg;IR;98;2024-05-20 14:36:37.769849
male;mister;علیرضا;مرادی;3006;خاوران;ایلام;بوشهر;Iran;26893;65.0189;-62.154;+5:00;Ekaterinburg, Islamabad, Karachi, Tashkent;aalyrd.mrdy@example.com;b3597f2c-11be-4c0b-9569-63ed57f616ad;brownpanda772;spliff;kUI7wgXI;f21f671593d552406feb62e8355b7a3a;1bc6e341b9eb8baf444c8116a9e980bca7443f75;abe2f95a08a2343c234e76f0e28a533e95a72112541aec14e08d51de4f731439;08/15/1985;38;2008-01-07 13:07:09;16;069-01785232;0943-319-0276;;;https://randomuser.me/api/portraits/men/47.jpg;https://randomuser.me/api/portraits/med/men/47.jpg;https://randomuser.me/api/portraits/thumb/men/47.jpg;IR;502;2024-05-20 14:36:37.770886
female;Miss;دینا;کامروا;7115;فاطمی;خرم‌آباد;سیستان و بلوچستان;Iran;43056;-40.1626;-51.4375;+2:00;Kaliningrad, South Africa;dyn.khmrw@example.com;292ee97e-9fc9-4e38-831d-c1d7682758a9;lazykoala137;herbert;sHE5O5HC;335da033cd9a4d4d0a48a23bc9c2809f;da6eb28af9b004e63baafc70f3184e8b0d1621e9;a37555c24acf24915d0165153f824170404a13324b60fb16b7649d1f07892f90;05/06/1989;35;2022-03-05 16:32:23;2;037-98999428;0956-434-8961;;;https://randomuser.me/api/portraits/women/54.jpg;https://randomuser.me/api/portraits/med/women/54.jpg;https://randomuser.me/api/portraits/thumb/women/54.jpg;IR;607;2024-05-20 14:36:37.770886
female;Miss;غزل;یاسمی;7824;شهید صابونچی;کرمان;آذربایجان غربی;Iran;17914;0.0771;146.4468;+9:30;Adelaide, Darwin;gzl.ysmy@example.com;c3146f14-f619-4ff1-8d8f-7d74843d3385;sadfish469;unique;EdTBXn2I;4b2d863ab6e4be498808eb35be7cd343;dffc102be68417aeeb9847e83ccc7423e72d7971;c962487832a834caeae6c67fb6a5d3507219315296a2b23ed0cb92824af63425;11/05/1986;37;2018-11-01 13:18:38;5;063-90538342;0928-613-7998;;;https://randomuser.me/api/portraits/women/69.jpg;https://randomuser.me/api/portraits/med/women/69.jpg;https://randomuser.me/api/portraits/thumb/women/69.jpg;IR;637;2024-05-20 14:36:37.770886
male;mister;احسان;موسوی;1502;17 شهریور;آمل;گیلان;Iran;96299;-53.9315;-31.9623;+9:00;Tokyo, Seoul, Osaka, Sapporo, Yakutsk;hsn.mwswy@example.com;8cc42e94-2c70-4af4-bcd4-1bfdd648d774;blackduck252;chris1;6UDzwhTB;de6cb7318d846750cbd4b4631a17f707;aaa8446ba66fac04d05d733e8722e273e4a195a1;ab506cd59968b5005d9fffc3675ce1e5799fe4a3b31efde276bef67297c08d6f;03/17/1980;44;2004-12-17 03:18:46;19;076-18719770;0914-519-5845;;;https://randomuser.me/api/portraits/men/48.jpg;https://randomuser.me/api/portraits/med/men/48.jpg;https://randomuser.me/api/portraits/thumb/men/48.jpg;IR;779;2024-05-20 14:36:37.771920
male;mister;پرهام;سالاری;5212;دکتر مفتح;کرمان;سیستان و بلوچستان;Iran;15516;87.2972;-140.4006;-3:30;Newfoundland;prhm.slry@example.com;9d38d37a-a75c-4329-9c1c-2ff0760d80d2;blackostrich218;anakin;XPsYgqxu;6a0441ec233aab5272d7e79d15ca3f6c;76e53bdeaf2b94d76aa9191fd8fe6b9d62b8bc23;2ebc5e9ba45073e63481e800100721352289ae3ca883b5682459315e4bdb3706;05/06/1984;40;2015-02-18 03:36:42;9;003-11268885;0955-917-3320;;;https://randomuser.me/api/portraits/men/37.jpg;https://randomuser.me/api/portraits/med/men/37.jpg;https://randomuser.me/api/portraits/thumb/men/37.jpg;IR;867;2024-05-20 14:36:37.771920
female;missis;آنیتا;موسوی;3905;شهید استاد حسن بنا;قزوین;آذربایجان غربی;Iran;68477;65.841;-175.3812;-11:00;Midway Island, Samoa;anyt.mwswy@example.com;f09b64ec-458e-46e4-a6f7-6d94e88e18e5;tinyduck151;ashlee;BuEenkGQ;d0c01a0914e34ef1cfd317e50eb3b544;c887b9dd31711762d92982031c96b89800bbb811;1d1d729244076bcace3c8f6f00c37be2b8ffa12da055e55534aa72dfa18ad447;05/20/1980;43;2013-05-21 15:18:33;10;003-38211731;0913-800-2821;;;https://randomuser.me/api/portraits/women/87.jpg;https://randomuser.me/api/portraits/med/women/87.jpg;https://randomuser.me/api/portraits/thumb/women/87.jpg;IR;897;2024-05-20 14:36:37.771920
female;miss;یاسمین;کریمی;202;راستوان;خرم‌آباد;خوزستان;Iran;83244;41.2265;-53.5625;-5:00;Eastern Time (US & Canada), Bogota, Lima;ysmyn.khrymy@example.com;7b618c0e-586d-47d9-b4bf-900e27a1503f;whitecat258;shovel;Te4DZZUy;6f01143bf6776f62dd65b489b1709edb;1f7fbdd6c68bf1eb3669df9ba5b6b38fdb9d4150;c13168707ee42f933b653e4341c6977532c149ff1a9ff17f0542868bec501cce;12/27/1988;35;2006-11-18 00:09:53;17;065-02708069;0995-766-1625;;;https://randomuser.me/api/portraits/women/22.jpg;https://randomuser.me/api/portraits/med/women/22.jpg;https://randomuser.me/api/portraits/thumb/women/22.jpg;IR;964;2024-05-20 14:36:37.771920
