gender;name.title;name.first;name.last;location.street.number;location.street.name;location.city;location.state;location.country;location.postcode;location.coordinates.latitude;location.coordinates.longitude;location.timezone.offset;location.timezone.description;email;login.uuid;login.username;login.password;login.salt;login.md5;login.sha1;login.sha256;dob.date;dob.age;registered.date;registered.age;phone;cell;id.name;id.value;picture.large;picture.medium;picture.thumbnail;nat;global_index;current_time
female;miss;Rozhana;Bushchan;8963;Kostyantina Zaslonova;Sinelnikove;Zhitomirska;Ukraine;57883;18.9323;83.7642;+4:30;Kabul;rozhana.bushchan@example.com;6057411a-60a4-47d5-b4cf-67385fa53bf7;smallpanda333;lonestar;l1K6Cee5;2ff4a3b32f2ae84fe3a6b00d47682d27;0b4b439c26088eeacacbb193856206e2a0bd8a76;0b4b981d4b4d16d77301b82e1279e49700d2fef7239c2b70e84ada1f40884473;08/05/1998;25;2020-08-31 18:53:44;3;(098) L51-7299;(068) H07-6617;;;https://randomuser.me/api/portraits/women/12.jpg;https://randomuser.me/api/portraits/med/women/12.jpg;https://randomuser.me/api/portraits/thumb/women/12.jpg;UA;5;2024-05-20 14:36:37.769849
female;Miss;Fedora;Kocko;7418;Danila Nechaya;Horol;Harkivska;Ukraine;32886;68.1843;-155.9559;+5:30;Bombay, Calcutta, Madras, New Delhi;fedora.kocko@example.com;78fbd581-66a3-45a5-acd0-8ee0f9dd6fa7;beautifulcat797;breeze;mqvGV8S8;9aa77c60c5e6666ddb06086767dd5b60;0f724811cf82c09f38c261b46aeb46df19a5ff06;46b88ee89bd41fc5c637977102ad49661632e35354114cee0cdfd6673158fd09;04/26/1998;26;2013-11-23 21:27:48;10;(098) E32-5806;(098) E49-0193;;;https://randomuser.me/api/portraits/women/31.jpg;https://randomuser.me/api/portraits/med/women/31.jpg;https://randomuser.me/api/portraits/thumb/women/31.jpg;UA;76;2024-05-20 14:36:37.769849
male;mister;Miloslav;Konovalec;6842;Mikulinecka;Kopichinci;Zhitomirska;Ukraine;81538;-12.1552;8.3802;+5:00;Ekaterinburg, Islamabad, Karachi, Tashkent;miloslav.konovalec@example.com;255055d0-e7f4-4024-88be-29e2dccdc552;redbear753;devon;2VGZ3hHc;fdb69a09086ebac92a9e89e6c6af9e5e;4de3bb417b1a3e5935c33647c06d09627499671e;3f25d0fae6249c4a71c4717dc7d03a8a3efdaec61a9215019ae946c622e2332d;09/27/1996;27;2019-05-08 19:04:20;5;(097) X83-8793;(099) M93-5812;;;https://randomuser.me/api/portraits/men/37.jpg;https://randomuser.me/api/portraits/med/men/37.jpg;https://randomuser.me/api/portraits/thumb/men/37.jpg;UA;88;2024-05-20 14:36:37.769849
female;missis;Domna;Matyushenko;4030;Tishchika;Druzhba;Vinnicka;Ukraine;83734;-2.4628;-26.6053;+3:30;Tehran;domna.matyushenko@example.com;aebd5275-bc2d-44d5-95de-0a90227b94ca;heavyleopard916;anders;XwNqORqd;7c6d72ba444e20ad6eec3b7b0c8066c4;3eeaedfa6614fdf38636d9ef52cb86368f326856;d939dc6024d09b3338789c873a1ad4505af8c6b553892d84aeab6a014cfd5294;09/29/1994;29;2014-06-12 00:35:24;9;(099) O07-5077;(066) O21-2096;;;https://randomuser.me/api/portraits/women/48.jpg;https://randomuser.me/api/portraits/med/women/48.jpg;https://randomuser.me/api/portraits/thumb/women/48.jpg;UA;109;2024-05-20 14:36:37.769849
female;missis;Vassa;Antkiv;2259;Otamana Chepigi;Gorohiv;Hmelnicka;Ukraine;84614;-20.0402;27.7974;+1:00;Brussels, Copenhagen, Madrid, Paris;vassa.antkiv@example.com;55f1928c-4fee-450b-b844-60a04eed322f;yellowbear750;elmo;FXcOvIVw;eaac98af0acb1dd1f1f06d55936bf4b8;7ff1c432bce7e5d6323c83f5a83818843ade7de7;a46f45f4e6152b70e3609472f0b70bcb5e5118d470291a6c9a01406243cf8378;01/20/1993;31;2004-02-09 16:13:16;20;(068) T33-3526;(067) L92-9460;;;https://randomuser.me/api/portraits/women/33.jpg;https://randomuser.me/api/portraits/med/women/33.jpg;https://randomuser.me/api/portraits/thumb/women/33.jpg;UA;161;2024-05-20 14:36:37.769849
male;mister;Borimir;Gaydabura;7566;Sichovih Strilciv;Ladizhin;Luganska;Ukraine;17925;59.186;-93.9835;-8:00;Pacific Time (US & Canada);borimir.gaydabura@example.com;d84acc92-8903-46ba-8dc4-355e9bf2a324;yellowmouse905;cyclops;tYdOJoB1;8a6485324c489646acc88672d4e246ad;47aa07126bb248d1c3c4d851ff481607f0a46a8b;9d8f27d8cb44a43d7ed61ee0a3c3b722a63bca0ecbda1e5968b50db0a501a3cc;03/09/1999;25;2002-04-04 12:10:53;22;(096) Z64-4603;(068) O52-5102;;;https://randomuser.me/api/portraits/men/14.jpg;https://randomuser.me/api/portraits/med/men/14.jpg;https://randomuser.me/api/portraits/thumb/men/14.jpg;UA;394;2024-05-20 14:36:37.770886
male;mister;Bureviy;Kaminska;4361;Shchepkina;Pogrebishche;Chernivecka;Ukraine;67095;72.3542;19.4352;+10:00;Eastern Australia, Guam, Vladivostok;bureviy.kaminska@example.com;798bcb6e-0832-4c60-bbf5-754e24334fc6;smallelephant376;hawk;LoN8ixvE;3c75f878524b7fa173d7511adc07ce9c;591b1a20a3d9dfe56c9cd9e6e29f8a070203c3cb;d834b8ef37874aed5342e88b4a85a588072bff3998dbc06ccf08b8d930f50182;12/03/1999;24;2006-02-01 21:48:45;18;(066) E53-6294;(067) N57-4975;;;https://randomuser.me/api/portraits/men/97.jpg;https://randomuser.me/api/portraits/med/men/97.jpg;https://randomuser.me/api/portraits/thumb/men/97.jpg;UA;528;2024-05-20 14:36:37.770886
female;Miss;Agata;Govorun;6848;Knyazya Romana;Reni;Dnipropetrovska;Ukraine;98780;74.3575;12.9662;+3:30;Tehran;agata.govorun@example.com;367cd42d-bf42-4a17-b3ef-d20a5897763d;happypanda706;abacab;YpsxF6QH;f28e332644cef3ab2ddc9c963a8f3c05;7ef0aba694d5f35f0f4f10b0e7303868953eae05;633d022b39eb043ad6066f9705c2a554c64e9563bb4989a40032edc573c6cc91;09/14/1996;27;2012-08-23 12:27:55;11;(099) T02-9666;(066) S49-7003;;;https://randomuser.me/api/portraits/women/14.jpg;https://randomuser.me/api/portraits/med/women/14.jpg;https://randomuser.me/api/portraits/thumb/women/14.jpg;UA;542;2024-05-20 14:36:37.770886
male;mister;Anatoliy;Golovchenko;4754;Provulok Iermaka;Karlivka;Hmelnicka;Ukraine;34963;-75.5046;-144.6241;+2:00;Kaliningrad, South Africa;anatoliy.golovchenko@example.com;de7148fc-fb3b-42be-8717-42aa9bcd9a80;purplefrog720;123123123;6bJPSpIC;6deb9d67710f607cd69081fd41e2a392;815395c8cda27a0fbbb8058c644e0bfb92bc8c04;63bf90e2924da96f8bf875a505df964912f8396e94a9bd927ba11293cbaa8e72;11/03/1999;24;2014-04-13 11:36:24;10;(097) I78-8837;(068) C77-1159;;;https://randomuser.me/api/portraits/men/50.jpg;https://randomuser.me/api/portraits/med/men/50.jpg;https://randomuser.me/api/portraits/thumb/men/50.jpg;UA;664;2024-05-20 14:36:37.770886
female;missis;Pulheriya;Chepura;8343;Dunayskiy provulok;Noviy Bug;Ivano-Frankivska;Ukraine;44844;-34.9156;-23.6066;+4:00;Abu Dhabi, Muscat, Baku, Tbilisi;pulheriya.chepura@example.com;db1e7540-8f95-402c-a36e-ed21f0a520c4;blackzebra178;genesis;0vcXD89e;81ff7d26b5b2dedc6335bf38b0871df6;6345df68d9ac6741260bfa31709b7e7363d37b48;020ce70aa980ffd265403858520ff9a8e1b33265fcaec7fbccd7ff9202f7e305;06/29/1997;26;2003-04-14 06:24:50;21;(096) K35-5320;(099) R23-6988;;;https://randomuser.me/api/portraits/women/41.jpg;https://randomuser.me/api/portraits/med/women/41.jpg;https://randomuser.me/api/portraits/thumb/women/41.jpg;UA;759;2024-05-20 14:36:37.771920
male;mister;Gennadiy;Kirashchuk;72;Zaliznichna;Kriviy Rig;Zhitomirska;Ukraine;59640;23.5458;-155.2567;0:00;Western Europe Time, London, Lisbon, Casablanca;gennadiy.kirashchuk@example.com;851fcdf7-0ec8-46f6-a2af-0b932b306563;bigswan678;lekker;2Lc3XGGu;01a8a6af8c9d134a894f8e7411230783;09037036060de38e1a738006dc7e88bd3d212817;6bfc968f617bb966a2e6dfb194894b3daab22dd0b2fcf77dd63251f6353286b4;12/09/1999;24;2007-07-09 02:33:57;16;(099) Y84-5540;(097) Q55-7839;;;https://randomuser.me/api/portraits/men/0.jpg;https://randomuser.me/api/portraits/med/men/0.jpg;https://randomuser.me/api/portraits/thumb/men/0.jpg;UA;863;2024-05-20 14:36:37.771920
male;mister;Lolit;Gerasimovich;395;Dahnivska Sich;Rubizhne;Chernivecka;Ukraine;86759;-59.8246;148.1378;+1:00;Brussels, Copenhagen, Madrid, Paris;lolit.gerasimovich@example.com;b048e485-0a5e-48d6-879f-b4036d6c1036;heavybear723;noel;mUtoQePT;6877f745af95bb295f4787cf9e263097;cd31937401d6acce636c8b992cc8ce887589284d;98d9465c16a78f8ee7e7b7ac70c2c188ef849450f554cf84eb0cdd89ee9c42db;01/09/1991;33;2006-06-12 21:49:55;17;(096) O16-6302;(098) O62-4372;;;https://randomuser.me/api/portraits/men/82.jpg;https://randomuser.me/api/portraits/med/men/82.jpg;https://randomuser.me/api/portraits/thumb/men/82.jpg;UA;989;2024-05-20 14:36:37.771920
